container_chain,member_chain,depth,parent_narc_path,parent_file_id,member_index,name,container_relative_offset,container_relative_end,gmif_relative_offset,gmif_relative_end,size,sha256,signature_hex,extension,probable_format,format_evidence,structure_valid,compressed,compression,compression_evidence,decompression_supported,declared_decompressed_size,decompression_valid,decompressed_size,decompressed_sha256,decompressed_format,decompressed_format_evidence,nested_container,nested_after_decompression
/poketool/personal/wotbl.narc,/poketool/personal/wotbl.narc!/member_00166,0,/poketool/personal/wotbl.narc,328,166,,8944,8976,4884,4916,32,9d14585bad46735b7385a7f1156cc4e64bc813e0f3c42960bfd7e2682ce86f30,210230020402300c0412711c731cdb1c,,,,,False,,,,,,,,,,False,False
/poketool/personal/wotbl.narc,/poketool/personal/wotbl.narc!/member_00167,0,/poketool/personal/wotbl.narc,328,167,,8976,9008,4916,4948,32,6e91b93e0aa1462be7bf05a61a05d1096caf866b62d6028c46671998f485959b,28025102b80a84108d18651ea9279a2c,,,,,True,Nintendo Huffman 8-bit,Probable,False,151810,,,,,,False,False
/poketool/personal/wotbl.narc,/poketool/personal/wotbl.narc!/member_00168,0,/poketool/personal/wotbl.narc,328,168,,9008,9044,4948,4984,36,63d52de6e711a25811d0caf8b84a40286d1e21083c09a94eab271212da5fa694,c20328025102b8028402b80a84108d18,,,,,False,,,,,,,,,,False,False
/poketool/personal/wotbl.narc,/poketool/personal/wotbl.narc!/member_00169,0,/poketool/personal/wotbl.narc,328,169,,9044,9076,4984,5016,32,cbdde18121612065dab9ef730678da337ebb616b27278087ceb2b0d1916aad4e,b80367028d0230023603300a36132c1a,,,,,False,,,,,,,,,,False,False
/poketool/personal/wotbl.narc,/poketool/personal/wotbl.narc!/member_00170,0,/poketool/personal/wotbl.narc,328,170,,9076,9108,5016,5048,32,d6036be2ea337382ce4f3df7e96e22a1ca1a4279a94caed4a3d034e39fed721f,91023002560caf1237186d22d128242e,,,,,False,,,,,,,,,,False,False
/poketool/personal/wotbl.narc,/poketool/personal/wotbl.narc!/member_00171,0,/poketool/personal/wotbl.narc,328,171,,9108,9148,5048,5088,40,7788121ff20f8c047ced5bf26d7f291a87541ce1fe5030f66e30ce91c45ab0c6,910230025602560caf1237186d22d128,,,,,False,,,,,,,,,,False,False
/poketool/personal/wotbl.narc,/poketool/personal/wotbl.narc!/member_00172,0,/poketool/personal/wotbl.narc,328,172,,9148,9164,5088,5104,16,33974301d7643cd1b794ffcffe6f288179469ae43a7b8b30155972c7c524ecb8,5402cc02270a5614ba1aa125ffff0000,,,,,False,,,,,,,,,,False,False
/poketool/personal/wotbl.narc,/poketool/personal/wotbl.narc!/member_00173,0,/poketool/personal/wotbl.narc,328,173,,9164,9180,5104,5120,16,4e824046bfcf93b322931a3884586801e9ebb5f0123120d340e689658537e1cf,0102cc02e3082f0eba147f1b5921ffff,,,,,False,,,,,,,,,,False,False
/poketool/personal/wotbl.narc,/poketool/personal/wotbl.narc!/member_00174,0,/poketool/personal/wotbl.narc,328,174,,9180,9196,5120,5136,16,5018efadc41fd6cd85e9d0153109926f5c0a9ea4507f945e05ec2635f3bea108,2f02cc026f0a0112ba1a7f23ffff0000,,,,,False,,,,,,,,,,False,False
/poketool/personal/wotbl.narc,/poketool/personal/wotbl.narc!/member_00175,0,/poketool/personal/wotbl.narc,328,175,,9196,9224,5136,5164,28,bfdb9a38c4045a3c4917aae7577590299193ffbe45334d779c5cfdf300f8180f,2d02cc02760cba14191fe3260a311139,,,,,False,,,,,,,,,,False,False
/poketool/personal/wotbl.narc,/poketool/personal/wotbl.narc!/member_00176,0,/poketool/personal/wotbl.narc,328,176,,9224,9260,5164,5200,36,2f34263164473fa609380a0d25770007d2aac50758319b9065e0a261722127f8,59032d02cc027602ba02760cba14191f,,,,,False,,,,,,,,,,False,False
/poketool/personal/wotbl.narc,/poketool/personal/wotbl.narc!/member_00177,0,/poketool/personal/wotbl.narc,328,177,,9260,9292,5200,5232,32,ea8e716d5209fda6ac7ac566c97aa94ef46e6dd7119b8a385118b507d5d0bcbc,40022b02650c64127d1965237e296d2e,,,,,False,,,,,,,,,,False,False
/poketool/personal/wotbl.narc,/poketool/personal/wotbl.narc!/member_00178,0,/poketool/personal/wotbl.narc,328,178,,9292,9328,5232,5268,36,ce77a6f5f657d26d4c55b4d185a2e1ef2f5171cd757232b1fa83e680dc237c66,40022b02650c64127d1965237e296d2e,,,,,False,,,,,,,,,,False,False
/poketool/personal/wotbl.narc,/poketool/personal/wotbl.narc!/member_00179,0,/poketool/personal/wotbl.narc,328,179,,9328,9352,5268,5292,24,f883627100a5cbd86608403fbb7b0f58fc20400fd1bf83164a21b762562e6160,21022d0a5414561cb2260c2fb3394441,,,,,False,,,,,,,,,,False,False
/poketool/personal/wotbl.narc,/poketool/personal/wotbl.narc!/member_00180,0,/poketool/personal/wotbl.narc,328,180,,9352,9380,5292,5320,28,a918f383ad20c60bcc6c98206d6e936e585e5ffc9decfd58171ac6d35df9a9e9,21022d0254022d0a5414561cb2280c33,,,,,False,,,,,,,,,,False,False
/poketool/personal/wotbl.narc,/poketool/personal/wotbl.narc!/member_00181,0,/poketool/personal/wotbl.narc,328,181,,9380,9416,5320,5356,36,1075d2d0b5a4fbcca22fc002bb95fc755a497560284c58a090e9530a1068e3c6,070221022d02540256022d0a5414561c,,,,,False,,,,,,,,,,False,False
/poketool/personal/wotbl.narc,/poketool/personal/wotbl.narc!/member_00182,0,/poketool/personal/wotbl.narc,328,182,,9416,9432,5356,5372,16,788a057d15164e2b7c859b1796d41aa53572ba81f9c052d826415433335e9355,4802e6024e02f102592fb56bffff0000,,,,,False,,,,,,,,,,False,False
/poketool/personal/wotbl.narc,/poketool/personal/wotbl.narc!/member_00183,0,/poketool/personal/wotbl.narc,328,183,,9432,9456,5372,5396,24,6b8e219bed6cd7dd44af177d83cf6ef64286aa98ef6e7d1ca414eb484b093a52,21026f04270e3714cd1e3d24882f2636,,,,,False,,,,,,,,,,False,False
/poketool/personal/wotbl.narc,/poketool/personal/wotbl.narc!/member_00184,0,/poketool/personal/wotbl.narc,328,184,,9456,9488,5396,5428,32,70bf3d50f306fc82f450afb8da7295815284666d230dc54729d6e84974529cdd,21026f02270237026f04270e3714cd1e,,,,,False,,,,,,,,,,False,False
/poketool/personal/wotbl.narc,/poketool/personal/wotbl.narc!/member_00185,0,/poketool/personal/wotbl.narc,328,185,,9488,9524,5428,5464,36,725a0ce21cb6c9371a2c0a3407164317ab2fd376124a7512bd7dfa5fd8bfd79e,c4037f03af0243025802af0c4312581c,,,,,False,,,,,,,,,,False,False
/poketool/personal/wotbl.narc,/poketool/personal/wotbl.narc!/member_00186,0,/poketool/personal/wotbl.narc,328,186,,9524,9540,5464,5480,16,31f6623cfeee94dd73c40beb9c5e72fb9b190319a8761a4d8d51e1287a040817,3d025f020302c3025457cf6affff0000,,,,,False,,,,,,,,,,False,False
/poketool/personal/wotbl.narc,/poketool/personal/wotbl.narc!/member_00187,0,/poketool/personal/wotbl.narc,328,187,,9540,9576,5480,5516,36,6ba021d2df57940c324cb5ecee67e49259f59d85b6fd3e264c2372693602318a,9602eb08270e21144d184e1c4f204b27,,,,,False,,,,,,,,,,False,False
/poketool/personal/wotbl.narc,/poketool/personal/wotbl.narc!/member_00188,0,/poketool/personal/wotbl.narc,328,188,,9576,9616,5516,5556,40,0a858cf69bf53613e2b598def695157c3f57aaee5e9358416feeca288b09d72b,9602eb0227022102eb08270e21144d18,,,,,False,,,,,,,,,,False,False
/poketool/personal/wotbl.narc,/poketool/personal/wotbl.narc!/member_00189,0,/poketool/personal/wotbl.narc,328,189,,9616,9656,5556,5596,40,0a858cf69bf53613e2b598def695157c3f57aaee5e9358416feeca288b09d72b,9602eb0227022102eb08270e21144d18,,,,,False,,,,,,,,,,False,False
/poketool/personal/wotbl.narc,/poketool/personal/wotbl.narc!/member_00190,0,/poketool/personal/wotbl.narc,328,190,,9656,9688,5596,5628,32,ed90766e445672562da9f46a6ecc18fe3491901493a867dca5fd8c8d2c9fb80a,0a0227021c083611e216411f9a24812c,,,,,False,,,,,,,,,,False,False
/poketool/personal/wotbl.narc,/poketool/personal/wotbl.narc!/member_00191,0,/poketool/personal/wotbl.narc,328,191,,9688,9716,5628,5656,28,2074db769f676fef5edbfdcc0d32846329897588a7e6e986edb3761a2327f19e,47024a02480a1313401b49221b2b8433,,,,,False,,,,,,,,,,False,False
/poketool/personal/wotbl.narc,/poketool/personal/wotbl.narc!/member_00192,0,/poketool/personal/wotbl.narc,328,192,,9716,9748,5656,5688,32,d845e13537821b5dce5032ec59d8fa8cd4ad858d1b525539b7cea6b2e1762aed,470201024a02480a1313401b49224b2b,,,,,False,,,,,,,,,,False,False
/poketool/personal/wotbl.narc,/poketool/personal/wotbl.narc!/member_00193,0,/poketool/personal/wotbl.narc,328,193,,9748,9784,5688,5724,36,4fe8962bf4ac3aca8605d3cfef1881d10803a79a9cf5935034384a7fcf229e1b,2102c102620c6816311cc522302cfd36,,,,,False,,,,,,,,,,False,False
/poketool/personal/wotbl.narc,/poketool/personal/wotbl.narc!/member_00194,0,/poketool/personal/wotbl.narc,328,194,,9784,9812,5724,5752,28,fffc84c8e59e05889d48d5c33f2dfb407493739e33570dc70486377f38c114c0,370227022c0b5513151eaa27852e193b,,,,,False,,,,,,,,,,False,False
/poketool/personal/wotbl.narc,/poketool/personal/wotbl.narc!/member_00195,0,/poketool/personal/wotbl.narc,328,195,,9812,9844,5752,5784,32,8f002d175a0314dcc327ff903ff1145d9cc98ee0a202a991ad1562b9938de8a4,370227022c032c0b5513151eaa278530,,,,,False,,,,,,,,,,False,False
/poketool/personal/wotbl.narc,/poketool/personal/wotbl.narc!/member_00196,0,/poketool/personal/wotbl.narc,328,196,,9844,9872,5784,5812,28,f0bcb554749d2c41c1bc3e622b25667e97a571fafa89c553033112fd181d7537,210227020e031c105d1e622c813a3c48,,,,,False,,,,,,,,,,False,False
/poketool/personal/wotbl.narc,/poketool/personal/wotbl.narc!/member_00197,0,/poketool/personal/wotbl.narc,328,197,,9872,9900,5812,5840,28,8e38252f9cccd6249f1b0a8e427757030d301362c44f574dd5f0e15a26701bcb,210227020e031c10e41e622c6d3ab948,,,,,False,,,,,,,,,,False,False
/poketool/personal/wotbl.narc,/poketool/personal/wotbl.narc!/member_00198,0,/poketool/personal/wotbl.narc,328,198,,9900,9924,5840,5864,24,094729596e9cf46e25f32ff18694ee76d36913edf344d5616adafdd0543ac030,40023603e40a7216111e652a74330d3f,,,,,False,,,,,,,,,,False,False
/poketool/personal/wotbl.narc,/poketool/personal/wotbl.narc!/member_00199,0,/poketool/personal/wotbl.narc,328,199,,9924,9960,5864,5900,36,b46aeeec4475cb68dfe70c537325b9e339fd50df5ff087c387e949b65b99f386,ed02ae02190321022d0c37165d1e3228,,,,,False,,,,,,,,,,False,False
/poketool/personal/wotbl.narc,/poketool/personal/wotbl.narc!/member_00200,0,/poketool/personal/wotbl.narc,328,200,,9960,9988,5900,5928,28,413e5e4e0471ee8ef3ddecf36a34da049f564196bd030fb1973e8fd4f351a6bb,2d029502b40a36156d1cd4263c2edc38,,,,,False,,,,,,,,,,False,False
/poketool/personal/wotbl.narc,/poketool/personal/wotbl.narc!/member_00201,0,/poketool/personal/wotbl.narc,328,201,,9988,9992,5928,5932,4,9ec09cd8d7a2bf009f71edda95aa3f61af4cc6a52bed3d824f214a36c4355208,ed02ffff,,,,,False,,,,,,,,,,False,False
/poketool/personal/wotbl.narc,/poketool/personal/wotbl.narc!/member_00202,0,/poketool/personal/wotbl.narc,328,202,,9992,10004,5932,5944,12,af003ff555b2771c0ac88f2de374dff70de72d31b854584af8790f709e2d9b18,4402f302db02c202ffff0000,,,,,False,,,,,,,,,,False,False
/poketool/personal/wotbl.narc,/poketool/personal/wotbl.narc!/member_00203,0,/poketool/personal/wotbl.narc,328,203,,10004,10040,5944,5980,36,9d2e0e49f6e51f08844ef5217a95f23931b100fbf0f02697c0f55a38dff5a135,80038103360321022d025d023c0b1714,,,,,False,,,,,,,,,,False,False
/poketool/personal/wotbl.narc,/poketool/personal/wotbl.narc!/member_00204,0,/poketool/personal/wotbl.narc,328,204,,10040,10068,5980,6008,28,d5f0c9704e38307f6a1a3a978ad9451280408a0966c43273d916f1cbb7590455,2102b602780c2412e51875226b29bf2e,,,,,False,,,,,,,,,,False,False
/poketool/personal/wotbl.narc,/poketool/personal/wotbl.narc!/member_00205,0,/poketool/personal/wotbl.narc,328,205,,10068,10108,6008,6048,40,368d8ce408de44261d833b9e514c4374c68b9e3edb2a38b1df9a89361c41d2f4,86032102b60278022402780c2412e518,,,,,False,,,,,,,,,,False,False
/poketool/personal/wotbl.narc,/poketool/personal/wotbl.narc!/member_00206,0,/poketool/personal/wotbl.narc,328,206,,10108,10140,6048,6080,32,5a8462d66e711546f7e71d40eb7898a2cab2b64985a7a69382ad92ad2d4dea4a,63026f0a1913891acd22b42ae432673a,,,,,False,,,,,,,,,,False,False
/poketool/personal/wotbl.narc,/poketool/personal/wotbl.narc!/member_00207,0,/poketool/personal/wotbl.narc,328,207,,10140,10168,6080,6108,28,b7d141bd4083aa2f7af54c5d1af4fa9ac940c22be9cafa102870d007883c3782,28021c0a6a121a196220d228b92e6736,,,,,True,Nintendo Huffman 8-bit,Probable,False,662530,,,,,,False,False
/poketool/personal/wotbl.narc,/poketool/personal/wotbl.narc!/member_00208,0,/poketool/personal/wotbl.narc,328,208,,10168,10208,6108,6148,40,b8b942c57d2c1b8953f75600ac2aaf11f0857527921ace879d7205c32d292c1c,a603a703a8032c0321026a021402670c,,,,,False,,,,,,,,,,False,False
/poketool/personal/wotbl.narc,/poketool/personal/wotbl.narc!/member_00209,0,/poketool/personal/wotbl.narc,328,209,,10208,10240,6148,6180,32,ccf2e336256b037202bf424eff8f89263be63d39ab55359e620a5ba3c5614876,a703a803a6032102b8022702cc022c0e,,,,,False,,,,,,,,,,False,False
/poketool/personal/wotbl.narc,/poketool/personal/wotbl.narc!/member_00210,0,/poketool/personal/wotbl.narc,328,210,,10240,10272,6180,6212,32,a5eac31a49fd248465abb62b960c6fb23dccebea7284eb95b513aab28c6f805f,a703a803a6032102b8022702cc022c0e,,,,,False,,,,,,,,,,False,False
/poketool/personal/wotbl.narc,/poketool/personal/wotbl.narc!/member_00211,0,/poketool/personal/wotbl.narc,328,211,,10272,10312,6212,6252,40,2de164a27791daaeb5ab3e29c8fbe8af7c3897d8bd9b19e97c4071a633600cd3,bf02210228026a126b12371acd22862b,,,,,False,,,,,,,,,,False,False
/poketool/personal/wotbl.narc,/poketool/personal/wotbl.narc!/member_00212,0,/poketool/personal/wotbl.narc,328,212,,10312,10348,6252,6288,36,d8e67e2b762bb189eff074569c68cccd03b5d8e97c9a8561e3ed5d0d335f9ea1,62022b02740ae412ce1a6122e82ad232,,,,,False,,,,,,,,,,False,False
/poketool/personal/wotbl.narc,/poketool/personal/wotbl.narc!/member_00213,0,/poketool/personal/wotbl.narc,328,213,,10348,10368,6288,6308,20,273690b9a1367ad4e83d8cbb08c0126c3905f760066a545a665fec4f926a6db0,6e0284027512e31cdb2c23369c467c51,,,,,False,,,,,,,,,,False,False
/poketool/personal/wotbl.narc,/poketool/personal/wotbl.narc!/member_00214,0,/poketool/personal/wotbl.narc,328,214,,10368,10400,6308,6340,32,0f746d6a35d7348f4b269f17660352607b9786e439e00a37ab38088b00404132,900321022b021e02cb021f0e4c1b1827,,,,,False,,,,,,,,,,False,False
/poketool/personal/wotbl.narc,/poketool/personal/wotbl.narc!/member_00215,0,/poketool/personal/wotbl.narc,328,215,,10400,10428,6340,6368,28,3929a9ad6787bb0ab61fd61928fa4b86a9c3c8b7f57b90de556b924d179a41df,0a022b020d0362106714b91c9a2a6130,,,,,False,,,,,,,,,,False,False
/poketool/personal/wotbl.narc,/poketool/personal/wotbl.narc!/member_00216,0,/poketool/personal/wotbl.narc,328,216,,10428,10460,6368,6400,32,479d062a9b7b1ebbe6e5cd939b32d6cd406034126ec38baec6007c59a1832f51,57030a022b027a0239039a10b91ee62c,,,,,False,,,,,,,,,,False,False
/poketool/personal/wotbl.narc,/poketool/personal/wotbl.narc!/member_00217,0,/poketool/personal/wotbl.narc,328,217,,10460,10492,6400,6432,32,8fd9b458292476fbfe202b5e04fca94efde2260bbbf0656886e5dfc53f53d215,57030a022b027a0239039a10b91ee62c,,,,,False,,,,,,,,,,False,False
/poketool/personal/wotbl.narc,/poketool/personal/wotbl.narc!/member_00218,0,/poketool/personal/wotbl.narc,328,218,,10492,10520,6432,6460,28,4c5cc902be988821eadd3876a9e48a557a8ac52e3a04d981719c466d70b6ded3,19037b02341058166a20692ef634853e,,,,,False,,,,,,,,,,False,False
/poketool/personal/wotbl.narc,/poketool/personal/wotbl.narc!/member_00219,0,/poketool/personal/wotbl.narc,328,219,,10520,10552,6460,6492,32,1ae223cd449c20a82631c470e00f9a9a902a39ae045cb011e80b9fecf4798404,19037b0234025802341058166a20692e,,,,,False,,,,,,,,,,False,False
/poketool/personal/wotbl.narc,/poketool/personal/wotbl.narc!/member_00220,0,/poketool/personal/wotbl.narc,328,220,,10552,10584,6492,6524,32,3370481f827989635e3d84e3e94a3af6e827787429f43fb33ad493c0bcf2b606,21023c032c09b510bd1acb20aa29c432,,,,,False,,,,,,,,,,False,False
/poketool/personal/wotbl.narc,/poketool/personal/wotbl.narc!/member_00221,0,/poketool/personal/wotbl.narc,328,221,,10584,10624,6524,6564,40,1f09a496d42a26866b526660a0feba8258dbc3312f6d07fc0aea09ca4cd1e57c,f60240023c032c03b5022c09b510bd1a,,,,,False,,,,,,,,,,False,False
/poketool/personal/wotbl.narc,/poketool/personal/wotbl.narc!/member_00222,0,/poketool/personal/wotbl.narc,328,222,,10624,10656,6564,6596,32,1bd41a6c2566b76353172ed206271798aafdebeffe74c6442ba339f5a0a4000f,21026a089110691a1f215e293d327d39,,,,,False,,,,,,,,,,False,False
/poketool/personal/wotbl.narc,/poketool/personal/wotbl.narc!/member_00223,0,/poketool/personal/wotbl.narc,328,223,,10656,10680,6596,6620,24,431d9783d573a607ae755d63726c482847cc64ceffeb8b7d9ec95591b2a83f60,3702c70c3c143e1c3d26742e4b376041,,,,,False,,,,,,,,,,False,False
/poketool/personal/wotbl.narc,/poketool/personal/wotbl.narc!/member_00224,0,/poketool/personal/wotbl.narc,328,224,,10680,10716,6620,6656,36,41a10b4d94369dc6cfe96fce84256570aa03e882255e344f6cf814e10ce925be,b9035e03370284023c023e02840c3c14,,,,,False,,,,,,,,,,False,False
/poketool/personal/wotbl.narc,/poketool/personal/wotbl.narc!/member_00225,0,/poketool/personal/wotbl.narc,328,225,,10716,10720,6656,6660,4,d76df0af9b4e584cd34acfa93cead52a839df417f3701f599c9c6b79cfa96751,d902ffff,,,,,False,,,,,,,,,,False,False
/poketool/personal/wotbl.narc,/poketool/personal/wotbl.narc!/member_00226,0,/poketool/personal/wotbl.narc,328,226,,10720,10760,6660,6700,40,e01f1213232ed12cd062d990c556257a201d96df6ee02f0baeb667e2cab5bc51,3c024b0344032102910230023d023008,,,,,False,,,,,,,,,,False,False
/poketool/personal/wotbl.narc,/poketool/personal/wotbl.narc!/member_00227,0,/poketool/personal/wotbl.narc,328,227,,10760,10788,6700,6728,28,d4a1b2ea862a27f3c088b7a51d0def9982ad49fea1de610a9a33fa8173f25a1d,2b0240021c0e8116611c1f283a31bf36,,,,,False,,,,,,,,,,False,False
/poketool/personal/wotbl.narc,/poketool/personal/wotbl.narc!/member_00228,0,/poketool/personal/wotbl.narc,328,228,,10788,10820,6728,6760,32,23d67549deeb80fcb883166ac523fca0e990368f0c36e501d561899fc3e999d0,2b02340250097b122e1c2c223c2dfb36,,,,,False,,,,,,,,,,False,False
/poketool/personal/wotbl.narc,/poketool/personal/wotbl.narc!/member_00229,0,/poketool/personal/wotbl.narc,328,229,,10820,10856,6760,6796,36,a4d60925c7df28785e7c29d15ace040660b54904bf768c030a677dff6d0e1dd0,a6032b02340250037b0250097b122e1c,,,,,False,,,,,,,,,,False,False
/poketool/personal/wotbl.narc,/poketool/personal/wotbl.narc!/member_00230,0,/poketool/personal/wotbl.narc,328,230,,10856,10892,6796,6832,36,f6133f351de6bf47dda91847ebfd674ab6df8464dba5de6907b1dc0cafa34ae8,190391026c022b0237026c082b103716,,,,,False,,,,,,,,,,False,False
/poketool/personal/wotbl.narc,/poketool/personal/wotbl.narc!/member_00231,0,/poketool/personal/wotbl.narc,328,231,,10892,10920,6832,6860,28,807f1d01e417c8ea63137df9e8cf3582ab3cfc9cbb8fb6d700a25aa0a54f8ca9,3c0321022d026f02af0c2414cd1e6b27,,,,,False,,,,,,,,,,False,False
/poketool/personal/wotbl.narc,/poketool/personal/wotbl.narc!/member_00232,0,/poketool/personal/wotbl.narc,328,232,,10920,10956,6860,6896,36,91fe88239ccadeb659b96dd22f64522be2e21e1d62026e35af0e9174840b78cb,a803a6031e022d026f02af02e50c1a15,,,,,False,,,,,,,,,,False,False
/poketool/personal/wotbl.narc,/poketool/personal/wotbl.narc!/member_00233,0,/poketool/personal/wotbl.narc,328,233,,10956,10992,6896,6932,36,a1619f8a45193b0dd0057ca4c69e4fc10a7b1fb773d955914ee3682ba81ad4e5,b0022102a0026f023c0e61186924892f,,,,,False,,,,,,,,,,False,False
/poketool/personal/wotbl.narc,/poketool/personal/wotbl.narc!/member_00234,0,/poketool/personal/wotbl.narc,328,234,,10992,11024,6932,6964,32,a2e8b5fe7b5ec81ab2c380068798dbc6652bbafd410b250b1d4bec2ff6460c38,21022b06360f5f14171a1c20242a6d2e,,,,,False,,,,,,,,,,False,False
/poketool/personal/wotbl.narc,/poketool/personal/wotbl.narc!/member_00235,0,/poketool/personal/wotbl.narc,328,235,,11024,11048,6964,6988,24,a68272144a1e8869f4517690c4407d892e551810f76a8618f366f2d04ccf34a1,a602a616a62aa63ea652a666a67aa68e,,,,,False,,,,,,,,,,False,False
/poketool/personal/wotbl.narc,/poketool/personal/wotbl.narc!/member_00236,0,/poketool/personal/wotbl.narc,328,236,,11048,11056,6988,6996,8,f0b028aa6c79f31b5afaa84bfeb0e45cc79fd72f15d04a82fea30250f63d38c6,21020e03fc02ffff,,,,,False,,,,,,,,,,False,False
/poketool/personal/wotbl.narc,/poketool/personal/wotbl.narc!/member_00237,0,/poketool/personal/wotbl.narc,328,237,,11056,11088,6996,7028,32,ad2cb1414a5d766fa2ce7ebd5061cb3f70d9d532f3b1ac869f29636c05df1890,17031b02740ce414621ea726e5304438,,,,,False,,,,,,,,,,False,False
/poketool/personal/wotbl.narc,/poketool/personal/wotbl.narc!/member_00238,0,/poketool/personal/wotbl.narc,328,238,,11088,11120,7028,7060,32,86a4c78235b2a8f41f2e86f0b914aede68fd2a9b0b67a97607db8dd4c340c424,01027a0aba10b5165d1e2f24d42a3933,,,,,False,,,,,,,,,,False,False
/poketool/personal/wotbl.narc,/poketool/personal/wotbl.narc!/member_00239,0,/poketool/personal/wotbl.narc,328,239,,11120,11148,7060,7088,28,c255e64f12b86f61bb64e5c0d2a102b68e2112d05f17afc477491761c167b88a,62022b02540e431481205f2771320938,,,,,False,,,,,,,,,,False,False
/poketool/personal/wotbl.narc,/poketool/personal/wotbl.narc!/member_00240,0,/poketool/personal/wotbl.narc,328,240,,11148,11176,7088,7116,28,a5edc6285a30caab040981999e0fe96042a8eef86f459a16f14e451937e3fae4,7b022b02340e6c14b92053266d320738,,,,,False,,,,,,,,,,False,False
/poketool/personal/wotbl.narc,/poketool/personal/wotbl.narc!/member_00241,0,/poketool/personal/wotbl.narc,328,241,,11176,11204,7116,7144,28,ba6c820f31d625292ce6126bcbb80a24b76cacd65159f3f7f50ed98ea13de169,21022d066f0a1710d016751ecd262230,,,,,False,,,,,,,,,,False,False
/poketool/personal/wotbl.narc,/poketool/personal/wotbl.narc!/member_00242,0,/poketool/personal/wotbl.narc,328,242,,11204,11236,7144,7176,32,16693f1f32988dff44413aed2b0954b7e22789116efcb4d2008003a0863212d6,01022d02270a1f13871803206b282f2e,,,,,False,,,,,,,,,,False,False
/poketool/personal/wotbl.narc,/poketool/personal/wotbl.narc!/member_00243,0,/poketool/personal/wotbl.narc,328,243,,11236,11264,7176,7204,28,07e37c038fe5f551ce6b1f552a06ea542b38ee955f9396ebe6e72b621be1592b,2c022b0254102e1e622cd13a7348f256,,,,,False,,,,,,,,,,False,False
/poketool/personal/wotbl.narc,/poketool/personal/wotbl.narc!/member_00244,0,/poketool/personal/wotbl.narc,328,244,,11264,11292,7204,7232,28,c04d54d38fae348821165c8cd418d1de99ea70ff08d5138ad5d68c4a42e3f788,2c022b0234102e1e532c173a3548cf56,,,,,False,,,,,,,,,,False,False
/poketool/personal/wotbl.narc,/poketool/personal/wotbl.narc!/member_00245,0,/poketool/personal/wotbl.narc,328,245,,11292,11320,7232,7260,28,753a58e64913d7140961d76e0a214aa6ae529d7439c7b47041da107ec6d57178,2c022b023d10f01e102c3e3a3648f356,,,,,False,,,,,,,,,,False,False
/poketool/personal/wotbl.narc,/poketool/personal/wotbl.narc!/member_00246,0,/poketool/personal/wotbl.narc,328,246,,11320,11348,7260,7288,28,931fde1e279bd136d8ddeb38de36749d972eaf91ce1ad0e445f4d15678d2e794,2c022b02c90a67149d1cb826252e8f39,,,,,False,,,,,,,,,,False,False
/poketool/personal/wotbl.narc,/poketool/personal/wotbl.narc!/member_00247,0,/poketool/personal/wotbl.narc,328,247,,11348,11380,7288,7320,32,864852c73954c30f34dd13960528128726287a097c2b535a34c49b70c32ac418,2c022b02c9026702c90a67149d1cb826,,,,,False,,,,,,,,,,False,False
/poketool/personal/wotbl.narc,/poketool/personal/wotbl.narc!/member_00248,0,/poketool/personal/wotbl.narc,328,248,,11380,11420,7320,7360,40,5f86c1cc7ebfdd213461c73512be700e25a40070a8a0b2c1fada12445784cfda,a603a703a8032c022b02c9026702c90a,,,,,False,,,,,,,,,,False,False
/poketool/personal/wotbl.narc,/poketool/personal/wotbl.narc!/member_00249,0,/poketool/personal/wotbl.narc,328,249,,11420,11452,7360,7392,32,f507f5d15060a0d0fb371e052f7c75e74ed50f9b02fab3847f73f0dd4ec0bf18,1202db12101e692e383af04a81566b67,,,,,False,,,,,,,,,,False,False
/poketool/personal/wotbl.narc,/poketool/personal/wotbl.narc!/member_00250,0,/poketool/personal/wotbl.narc,328,250,,11452,11484,7392,7424,32,0d3c48ad8c923e7d2d8863f0c8aa2ea9ea645edd025a25fcfb0ce917eff90db2,1202db12101e692e7e3af14a81566b67,,,,,False,,,,,,,,,,False,False
/poketool/personal/wotbl.narc,/poketool/personal/wotbl.narc!/member_00251,0,/poketool/personal/wotbl.narc,328,251,,11484,11516,7424,7456,32,9dae9e05eb14a8e06799dd872bf5b53079622716fc8e30eb531818aeb0e6704b,49025d026902d702db145927f638e24a,,,,,False,,,,,,,,,,False,False
/poketool/personal/wotbl.narc,/poketool/personal/wotbl.narc!/member_00252,0,/poketool/personal/wotbl.narc,328,252,,11516,11544,7456,7484,28,0fc043220e269c8fb50c92203e308c40165e8d6e821ef5fb75305f569009cfe0,01022b02470c6216e420672a4834613e,,,,,False,,,,,,,,,,False,False
/poketool/personal/wotbl.narc,/poketool/personal/wotbl.narc!/member_00253,0,/poketool/personal/wotbl.narc,328,253,,11544,11576,7484,7516,32,2d19d41b284674a715d490103e9b2a4697890e38d1e8d1d84a7c653f8d5a266e,01022b0247026202470c6216d220e422,,,,,False,,,,,,,,,,False,False
/poketool/personal/wotbl.narc,/poketool/personal/wotbl.narc!/member_00254,0,/poketool/personal/wotbl.narc,328,254,,11576,11612,7516,7552,36,efa45bc2fdc5c4798f818e9112b53d2c6b821e1f3227786a9bb44e099a41058e,900301022b0247026202470c62169421,,,,,False,,,,,,,,,,False,False
/poketool/personal/wotbl.narc,/poketool/personal/wotbl.narc!/member_00255,0,/poketool/personal/wotbl.narc,328,255,,11612,11636,7552,7576,24,b60599f855ad478d928f12bf590a120dba537db978b98c8b4dd394f70d3a21fe,0a022d02740e341440201c2653326238,,,,,False,,,,,,,,,,False,False
/poketool/personal/wotbl.narc,/poketool/personal/wotbl.narc!/member_00256,0,/poketool/personal/wotbl.narc,328,256,,11636,11668,7576,7608,32,1ec18ea0c834a59686bb970d9664b408bdefb498d6aebb6da3ab3c2879fe69c1,0a022d0274023402740e341a18204022,,,,,False,,,,,,,,,,False,False
/poketool/personal/wotbl.narc,/poketool/personal/wotbl.narc!/member_00257,0,/poketool/personal/wotbl.narc,328,257,,11668,11704,7608,7644,36,33689fe22df38934e136862a92012aea601e44416368470145db9e67bc69364a,07020a022d0274023402740e341a1820,,,,,False,,,,,,,,,,False,False
/poketool/personal/wotbl.narc,/poketool/personal/wotbl.narc!/member_00258,0,/poketool/personal/wotbl.narc,328,258,,11704,11732,7644,7672,28,efd451f9a50a57fa9707debd6f9520b3f578564a8a493a0c9c82657fc85f0673,21022d02bd0c3714751ec1262c312438,,,,,False,,,,,,,,,,False,False
/poketool/personal/wotbl.narc,/poketool/personal/wotbl.narc!/member_00259,0,/poketool/personal/wotbl.narc,328,259,,11732,11764,7672,7704,32,b80488ef401a1ae92967ae1f485e5671a1b99905f310cd7498517a126f42c452,21022d02bd023702bd0c3714751e5521,,,,,False,,,,,,,,,,False,False
/poketool/personal/wotbl.narc,/poketool/personal/wotbl.narc!/member_00260,0,/poketool/personal/wotbl.narc,328,260,,11764,11800,7704,7740,36,9e0b0d67f0900d874a46c39fe930807326e2148660d2e84135ece9f2bcba137d,21022d02bd023702bd0c3714751e5521,,,,,False,,,,,,,,,,False,False
/poketool/personal/wotbl.narc,/poketool/personal/wotbl.narc!/member_00261,0,/poketool/personal/wotbl.narc,328,261,,11800,11832,7740,7772,32,1c3379b5b12eeae89ca13f50d063ffc1e4891c1edd15dd53f68561eeacfa7ce7,2102500b1c122c1a3c232e2acf32743b,,,,,False,,,,,,,,,,False,False
/poketool/personal/wotbl.narc,/poketool/personal/wotbl.narc!/member_00262,0,/poketool/personal/wotbl.narc,328,262,,11832,11868,7772,7808,36,05b90d316e4b11632b8a4fb8f3c7a8bcdfdf3a899520ea4fe53fba6127ab80c7,210250031c022c02500b1c122c1a3c23,,,,,False,,,,,,,,,,False,False
/poketool/personal/wotbl.narc,/poketool/personal/wotbl.narc!/member_00263,0,/poketool/personal/wotbl.narc,328,263,,11868,11896,7808,7836,28,55745c41529e770252bf8a6ae1b2e123598a1388a7ec959c458b4ab57e2f18c4,21022d02270a1d121c1a3c232c2b2a32,,,,,False,,,,,,,,,,False,False
/poketool/personal/wotbl.narc,/poketool/personal/wotbl.narc!/member_00264,0,/poketool/personal/wotbl.narc,328,264,,11896,11932,7836,7872,36,2f6840be9f91b5822e0b8b0e2f19cf9abb3721ebbf79575f089bfdda9f7d9386,9f0321022d0227021d02270a1d121c1a,,,,,False,,,,,,,,,,False,False
/poketool/personal/wotbl.narc,/poketool/personal/wotbl.narc!/member_00265,0,/poketool/personal/wotbl.narc,328,265,,11932,11940,7872,7880,8,031246135bb42bd7b98c683bec1da4ed55ce8875f1f2691da77898c5c83806d8,21025102280affff,,,,,False,,,,,,,,,,False,False
/poketool/personal/wotbl.narc,/poketool/personal/wotbl.narc!/member_00266,0,/poketool/personal/wotbl.narc,328,266,,11940,11948,7880,7888,8,944e66d5bc21cffb4864d644e46dcec4e92a3e1f8bea8605bde40815a97d7355,6a026a0effff0000,,,,,False,,,,,,,,,,False,False
/poketool/personal/wotbl.narc,/poketool/personal/wotbl.narc!/member_00267,0,/poketool/personal/wotbl.narc,328,267,,11948,11972,7888,7912,24,fb1e2681cf62accc3460789264805b75b5f44623c3e37c1b29c1d4d2556063fa,47024714101a4e22ea2848301236d53e,,,,,False,,,,,,,,,,False,False
/poketool/personal/wotbl.narc,/poketool/personal/wotbl.narc!/member_00268,0,/poketool/personal/wotbl.narc,328,268,,11972,11980,7912,7920,8,944e66d5bc21cffb4864d644e46dcec4e92a3e1f8bea8605bde40815a97d7355,6a026a0effff0000,,,,,False,,,,,,,,,,False,False
/poketool/personal/wotbl.narc,/poketool/personal/wotbl.narc!/member_00269,0,/poketool/personal/wotbl.narc,328,269,,11980,12004,7920,7944,24,aaa68b09f89763dd6b3b581dcb8ca5a8b16bfa92d19fbf73b510f65b269f3793,5d025d14101ab622ec283c301236713e,,,,,False,,,,,,,,,,False,False
/poketool/personal/wotbl.narc,/poketool/personal/wotbl.narc!/member_00270,0,/poketool/personal/wotbl.narc,328,270,,12004,12028,7944,7968,24,2ef2f72de329e6809d4b8beb50f6f25483cd1d15e735788eed8ea33809434916,36032d06470a0b0f36166b1f4826ac37,,,,,False,,,,,,,,,,False,False
/poketool/personal/wotbl.narc,/poketool/personal/wotbl.narc!/member_00271,0,/poketool/personal/wotbl.narc,328,271,,12028,12052,7968,7992,24,65ff530775ab75354e705b7d46aa6515fdf2b3f302c502926326f68d84285417,36032d06470a0b0ffc169a1e5a27ac37,,,,,False,,,,,,,,,,False,False
/poketool/personal/wotbl.narc,/poketool/personal/wotbl.narc!/member_00272,0,/poketool/personal/wotbl.narc,328,272,,12052,12064,7992,8004,12,e0dfc944fe5102fde453bedfdb758cb387b9827cd686153c48f85d3cdd0ed6c3,36032d0248020b03ffff0000,,,,,False,,,,,,,,,,False,False
/poketool/personal/wotbl.narc,/poketool/personal/wotbl.narc!/member_00273,0,/poketool/personal/wotbl.narc,328,273,,12064,12080,8004,8020,16,4cc2e8963d7601bfcf764a8574b218bd5ef4e4da29a44b08188cfe63d4ce6720,75026a064a0e0b1beb2af13e9956ffff,,,,,False,,,,,,,,,,False,False
/poketool/personal/wotbl.narc,/poketool/personal/wotbl.narc!/member_00274,0,/poketool/personal/wotbl.narc,328,274,,12080,12104,8020,8044,24,fb7e923cd30447b35cd5776e5ce0c4c2b49e906688daefce56505cb0a32768e4,4b0201026a064a0e0b1bfc260333b93e,,,,,False,,,,,,,,,,False,False
/poketool/personal/wotbl.narc,/poketool/personal/wotbl.narc!/member_00275,0,/poketool/personal/wotbl.narc,328,275,,12104,12116,8044,8056,12,5b503ef2b1ea1278e9295b8d0c92866461f0c4fe460b46bde8c5117a70be11cd,b9021202a1034b02b563ffff,,,,,False,,,,,,,,,,False,False
/poketool/personal/wotbl.narc,/poketool/personal/wotbl.narc!/member_00276,0,/poketool/personal/wotbl.narc,328,276,,12116,12140,8056,8080,24,9ee57daf370f4026a3fe5ab981c25a9200ec43ad42c70c2d43cca23c2b5a7392,40022d0274086210111a68261b354c45,,,,,False,,,,,,,,,,False,False
/poketool/personal/wotbl.narc,/poketool/personal/wotbl.narc!/member_00277,0,/poketool/personal/wotbl.narc,328,277,,12140,12168,8080,8108,28,07f0c4d2f2885a82335e17855749f4f1fcd3c8a8b33fe0303e4973fced805941,6d0340022d027402620274086210111a,,,,,False,,,,,,,,,,False,False
/poketool/personal/wotbl.narc,/poketool/personal/wotbl.narc!/member_00278,0,/poketool/personal/wotbl.narc,328,278,,12168,12196,8108,8136,28,ecb10d8e9de33a92dc04aaf20aa3c7521828448ea41195517ba140eba1455442,2d023702300c1116362060276230633b,,,,,False,,,,,,,,,,False,False
/poketool/personal/wotbl.narc,/poketool/personal/wotbl.narc!/member_00279,0,/poketool/personal/wotbl.narc,328,279,,12196,12232,8136,8172,36,682179fba2bf9fa07d50ed02d8434f1054dc8f104553fbea0dd161efd6ef3b8b,2d0237025a031102300c111636206027,,,,,False,,,,,,,,,,False,False
/poketool/personal/wotbl.narc,/poketool/personal/wotbl.narc!/member_00280,0,/poketool/personal/wotbl.narc,328,280,,12232,12260,8172,8200,28,d4a4b807fd7ce46dcc533d23604503c9413afdec81e39d03c8ec3886332c1460,2d025d0c681464187d23592b5b2f5e38,,,,,False,,,,,,,,,,False,False
/poketool/personal/wotbl.narc,/poketool/personal/wotbl.narc!/member_00281,0,/poketool/personal/wotbl.narc,328,281,,12260,12296,8200,8236,36,67852d0ba1d3cdb8da626dfd438e9eff26f5cb75d40709d1f2c055f3237aa03f,2d025d02680264025d0c681464187d23,,,,,False,,,,,,,,,,False,False
/poketool/personal/wotbl.narc,/poketool/personal/wotbl.narc!/member_00282,0,/poketool/personal/wotbl.narc,328,282,,12296,12332,8236,8272,36,07dcbd673e960c9d866fdf9c77ebd2996000ca1b37162cec1d215b2279744379,69032d025d02680264025d0c68146418,,,,,False,,,,,,,,,,False,False
/poketool/personal/wotbl.narc,/poketool/personal/wotbl.narc!/member_00283,0,/poketool/personal/wotbl.narc,328,283,,12332,12352,8272,8292,20,ecf4dc44944495dc5c2726ceda6faa749e23a69243beb339e16328cfe4f2448e,9102620ee61a5a273d32613e364a724a,,,,,False,,,,,,,,,,False,False
/poketool/personal/wotbl.narc,/poketool/personal/wotbl.narc!/member_00284,0,/poketool/personal/wotbl.narc,328,284,,12352,12384,8292,8324,32,4cf33be08423f21aea861493cee6e7815ba12659277436630043345dc70f4ea6,d20391026202e6025a03620ee61a5a27,,,,,False,,,,,,,,,,False,False
/poketool/personal/wotbl.narc,/poketool/personal/wotbl.narc!/member_00285,0,/poketool/personal/wotbl.narc,328,285,,12384,12412,8324,8352,28,e5ce34832cd3edb0f8c7ee62300e608335c7425f13276ae19f3abf3e621b5098,4702210a4e12491a48221d2a4d32843b,,,,,False,,,,,,,,,,False,False
/poketool/personal/wotbl.narc,/poketool/personal/wotbl.narc!/member_00286,0,/poketool/personal/wotbl.narc,328,286,,12412,12448,8352,8388,36,31ebbd9df894f16e73bdfcb4ba0c13b876e2fedcf7af09341c2d329e5fa4ad27,470221024e024902210a4e12491a4822,,,,,False,,,,,,,,,,False,False
/poketool/personal/wotbl.narc,/poketool/personal/wotbl.narc!/member_00287,0,/poketool/personal/wotbl.narc,328,287,,12448,12468,8388,8408,20,bd28aff5caaa40133de33133c7cdbcba94c83b73ed92a5c75c9717c3661513c5,0a021903e30e2f1bb9268532573f444a,,,,,False,,,,,,,,,,False,False
/poketool/personal/wotbl.narc,/poketool/personal/wotbl.narc!/member_00288,0,/poketool/personal/wotbl.narc,328,288,,12468,12496,8408,8436,28,a3a757556720f35e15903fdd49fd51427f3001d82030d25fc858a912f9242702,0a027402e302fd02e30efd1a9a26cb32,,,,,False,,,,,,,,,,False,False
/poketool/personal/wotbl.narc,/poketool/personal/wotbl.narc!/member_00289,0,/poketool/personal/wotbl.narc,328,289,,12496,12528,8436,8468,32,53415f8e01b895958b358b56c446d1609b0f887111d5e9db9877394fbdb7322f,0a021903e3022f03e30e2f1bb9268532,,,,,False,,,,,,,,,,False,False
/poketool/personal/wotbl.narc,/poketool/personal/wotbl.narc!/member_00290,0,/poketool/personal/wotbl.narc,328,290,,12528,12552,8468,8492,24,830db9836f2b756ea8a961ad786b7d3bdc8d27ccf3d10ce4b180412c3cf76577,0a026a028d0a1c129a1caa26ce32bd3e,,,,,False,,,,,,,,,,False,False
/poketool/personal/wotbl.narc,/poketool/personal/wotbl.narc!/member_00291,0,/poketool/personal/wotbl.narc,328,291,,12552,12588,8492,8528,36,4c47d0e769de717f0338639f7c9fc872562eaedd9a09f2a905065f470175ff11,c2030a026a028d021c028d0a1c129a1c,,,,,False,,,,,,,,,,False,False
/poketool/personal/wotbl.narc,/poketool/personal/wotbl.narc!/member_00292,0,/poketool/personal/wotbl.narc,328,292,,12588,12616,8528,8556,28,7f5960dc85af3885473f434301130ce6d591f0cef390f7eeae9adb3f577e6105,0a026a028d0a1c129a1caa26b4326d3e,,,,,False,,,,,,,,,,False,False
/poketool/personal/wotbl.narc,/poketool/personal/wotbl.narc!/member_00293,0,/poketool/personal/wotbl.narc,328,293,,12616,12640,8556,8580,24,e7f6076ec0e3bb6a826a7b2527ee304db1eb8cc5f37faad9b14b257da342110e,0102fd0a3617501f302a1732673e2e46,,,,,False,,,,,,,,,,False,False
/poketool/personal/wotbl.narc,/poketool/personal/wotbl.narc!/member_00294,0,/poketool/personal/wotbl.narc,328,294,,12640,12672,8580,8612,32,fecd5122c873cb5f0b188a20ce2cd4ea4aebc2efe2fde15e08a5c6c7f21961ba,0102fd0236035003fd0a3617501f2c28,,,,,False,,,,,,,,,,False,False
/poketool/personal/wotbl.narc,/poketool/personal/wotbl.narc!/member_00295,0,/poketool/personal/wotbl.narc,328,295,,12672,12716,8612,8656,44,0c9418af606a85004e07509e18932e3dafb661daf094621cc6d039d8f07548cd,a703a803a6030102fd0236035003fd0a,,,,,False,,,,,,,,,,False,False
/poketool/personal/wotbl.narc,/poketool/personal/wotbl.narc!/member_00296,0,/poketool/personal/wotbl.narc,328,296,,12716,12752,8656,8692,36,7c3e2b8556e56aaa84f7e172efb044db4cc8f9e1a42eb7242a6c9c357f47e893,210274021c08240fe914fc1a12201a27,,,,,False,,,,,,,,,,False,False
/poketool/personal/wotbl.narc,/poketool/personal/wotbl.narc!/member_00297,0,/poketool/personal/wotbl.narc,328,297,,12752,12792,8692,8732,40,22f83b73266ff0b56123c18aa5f3cf2f004b9f151ae2be936fe7aaf9ebf325c8,6a03210274021c0224031c08240fe914,,,,,False,,,,,,,,,,False,False
/poketool/personal/wotbl.narc,/poketool/personal/wotbl.narc!/member_00298,0,/poketool/personal/wotbl.narc,328,298,,12792,12808,8732,8748,16,a5f697d5732d196f0bd10f265950e1334587d67aae0917f5c0652903d9fe5da4,9602cc04270e9114151e3724ffff0000,,,,,False,,,,,,,,,,False,False
/poketool/personal/wotbl.narc,/poketool/personal/wotbl.narc!/member_00299,0,/poketool/personal/wotbl.narc,328,299,,12808,12836,8748,8776,28,1aa28b1dd09c1362ff8269d6e7b97a0b77fe430f450dca70b4d37c0beaa73b33,21026a0e581a4f2756329d3ec94a9c56,,,,,False,,,,,,,,,,False,False
/poketool/personal/wotbl.narc,/poketool/personal/wotbl.narc!/member_00300,0,/poketool/personal/wotbl.narc,328,300,,12836,12872,8776,8812,36,ad08587ab194379cfc42ebd689b2aa24857f3653fc83f0d2de2d275148cfade7,fc022d0227022102d5082f107f17031e,,,,,False,,,,,,,,,,False,False
/poketool/personal/wotbl.narc,/poketool/personal/wotbl.narc!/member_00301,0,/poketool/personal/wotbl.narc,328,301,,12872,12884,8812,8824,12,4400e2e31d8ca103bd10d429599e10002f0142cce4b18b54fa37a703c2ce4011,fc02d5022f020302ffff0000,,,,,False,,,,,,,,,,False,False
/poketool/personal/wotbl.narc,/poketool/personal/wotbl.narc!/member_00302,0,/poketool/personal/wotbl.narc,328,302,,12884,12924,8824,8864,40,5b736ac0c6575d24ae803ae9dedad97c380b52f77f421dcb5f8ed2095ca050ce,2b020a02c108651036179a1efc24c52c,,,,,False,,,,,,,,,,False,False
/poketool/personal/wotbl.narc,/poketool/personal/wotbl.narc!/member_00303,0,/poketool/personal/wotbl.narc,328,303,,12924,12956,8864,8896,32,9e6f3a2c3f26da7100c68a95988101cd9a3191801057ac224411122e16d30a1d,3603390d2c16e6200b2ab934e23ef248,,,,,False,,,,,,,,,,False,False
/poketool/personal/wotbl.narc,/poketool/personal/wotbl.narc!/member_00304,0,/poketool/personal/wotbl.narc,328,304,,12956,12988,8896,8928,32,52b2592ef5ca36e91235bddcdcc0bd06dffbb0f3050e71df9c40c48ebfd89cdf,21026a08bd101d16e81e4e252e2c2432,,,,,False,,,,,,,,,,False,False
/poketool/personal/wotbl.narc,/poketool/personal/wotbl.narc!/member_00305,0,/poketool/personal/wotbl.narc,328,305,,12988,13024,8928,8964,36,26368408bb157bc2f707ddec99ac6a4cf1faa0adc669eae3b67c777e2dae5047,21026a02bd021d026a08bd101d16e81e,,,,,False,,,,,,,,,,False,False
/poketool/personal/wotbl.narc,/poketool/personal/wotbl.narc!/member_00306,0,/poketool/personal/wotbl.narc,328,306,,13024,13060,8964,9000,36,7f347fbc3749c3a86afb74551e1a2573aa56deb12689515f63c7e3bced19dd3c,21026a02bd021d026a08bd101d16e81e,,,,,False,,,,,,,,,,False,False
/poketool/personal/wotbl.narc,/poketool/personal/wotbl.narc!/member_00307,0,/poketool/personal/wotbl.narc,328,307,,13060,13092,9000,9032,32,3451d233b383cd9c5f07e6e1055467f5c19e0d3764edf64e207e90108f423510,750260085d10c516ed1eaa246c2d5b33,,,,,False,,,,,,,,,,False,False
/poketool/personal/wotbl.narc,/poketool/personal/wotbl.narc!/member_00308,0,/poketool/personal/wotbl.narc,328,308,,13092,13136,9032,9076,44,4619a1a43a385ff4f9002998aeb74ab52221836f37e78a5e68c1b239e107d229,070209020802750260025d02c5026008,,,,,False,,,,,,,,,,False,False
/poketool/personal/wotbl.narc,/poketool/personal/wotbl.narc!/member_00309,0,/poketool/personal/wotbl.narc,328,309,,13136,13164,9076,9104,28,52837f7845bd80c6a4e8c09d76e03961874a539593c7b00bf052dd4fb009a277,210256082b1250196222d1283c332c38,,,,,False,,,,,,,,,,False,False
/poketool/personal/wotbl.narc,/poketool/personal/wotbl.narc!/member_00310,0,/poketool/personal/wotbl.narc,328,310,,13164,13200,9104,9140,36,be0163b3548af5d7c72f3cf4233bed0d1386b9e4b60d6ffa1286c20c6e6e1b0c,a803210256022b02500356082b125019,,,,,False,,,,,,,,,,False,False
/poketool/personal/wotbl.narc,/poketool/personal/wotbl.narc!/member_00311,0,/poketool/personal/wotbl.narc,328,311,,13200,13236,9140,9176,36,a1741fdeb2d29f2bc1cc8ebf5a14e387016e466d6b6099f9f9c407c5cc1bddb1,2d025606620e0e15d11ee322392b7f31,,,,,False,,,,,,,,,,False,False
/poketool/personal/wotbl.narc,/poketool/personal/wotbl.narc!/member_00312,0,/poketool/personal/wotbl.narc,328,312,,13236,13272,9176,9212,36,1e7dc53396ae164a4bfe54b5c207e09ae3ff22b622f2a52282665cb4ddbc2672,2d025606620e0e15d11ee322cc2a7f31,,,,,False,,,,,,,,,,False,False
/poketool/personal/wotbl.narc,/poketool/personal/wotbl.narc!/member_00313,0,/poketool/personal/wotbl.narc,328,313,,13272,13300,9212,9240,28,64ff3ddeebef0397b8610e415b5aa4457970bce39e08bdfe9556961fb348cf84,94022102680a6d12ec1a6222262b4433,,,,,False,,,,,,,,,,False,False
/poketool/personal/wotbl.narc,/poketool/personal/wotbl.narc!/member_00314,0,/poketool/personal/wotbl.narc,328,314,,13300,13328,9240,9268,28,dbb2d485f1209d94bb937c26e4d8e8f4cd7c0bb1ac1b7f81cee323b4e3ff3f4d,2102e60acc12ec1a6222112be332043b,,,,,False,,,,,,,,,,False,False
/poketool/personal/wotbl.narc,/poketool/personal/wotbl.narc!/member_00315,0,/poketool/personal/wotbl.narc,328,315,,13328,13364,9268,9304,36,150916a92878527abac220acd5f8c88c21ecc9b0e1263f3ecd975dfbee330706,47024a08280e4e14481a49205927402d,,,,,False,,,,,,,,,,False,False
/poketool/personal/wotbl.narc,/poketool/personal/wotbl.narc!/member_00316,0,/poketool/personal/wotbl.narc,328,316,,13364,13396,9304,9336,32,a2c76255541354848f0f7fa214a84189273af483323fc6bd7e688bea229f026d,0102190d8b127c1c8522e32e5c38fe44,,,,,False,,,,,,,,,,False,False
/poketool/personal/wotbl.narc,/poketool/personal/wotbl.narc!/member_00317,0,/poketool/personal/wotbl.narc,328,317,,13396,13436,9336,9376,40,24d55fc85f7e9c8da34178e2b2c5e28f5d34ae297d602892e2868143962be09c,010219038b027c02190d8b127c1c8522,,,,,False,,,,,,,,,,False,False
/poketool/personal/wotbl.narc,/poketool/personal/wotbl.narc!/member_00318,0,/poketool/personal/wotbl.narc,328,318,,13436,13464,9376,9404,28,f50d6b97ad653408dc79c99273ce05b3db28f09714a7f040e407ec193b1b3c5e,2b022c02630c7410b816a7216724cf2a,,,,,False,,,,,,,,,,False,False
/poketool/personal/wotbl.narc,/poketool/personal/wotbl.narc!/member_00319,0,/poketool/personal/wotbl.narc,328,319,,13464,13504,9404,9444,40,e5694676cd685ed9b0087894b6e53593a76113cd1ffb16d1ad33469448e6d037,2b022c0263027402630c7410b816a721,,,,,False,,,,,,,,,,False,False
/poketool/personal/wotbl.narc,/poketool/personal/wotbl.narc!/member_00320,0,/poketool/personal/wotbl.narc,328,320,,13504,13536,9444,9476,32,0b0ca3d40ba09044e433359246f7006089ad6c3a7eea31cae9fc08a96a5754bf,96022d08370ecd16fa1c3623602b3630,,,,,False,,,,,,,,,,False,False
/poketool/personal/wotbl.narc,/poketool/personal/wotbl.narc!/member_00321,0,/poketool/personal/wotbl.narc,328,321,,13536,13576,9476,9516,40,7e34608770d4068a5b8ddd0db7dc47b0d1775b16f1bdb676eaa44b6726b871aa,96022d023702cd022d08370ecd16fa1c,,,,,False,,,,,,,,,,False,False
/poketool/personal/wotbl.narc,/poketool/personal/wotbl.narc!/member_00322,0,/poketool/personal/wotbl.narc,328,322,,13576,13604,9516,9544,28,a4d7c4cae6d41b6a3a7dd4dc70fc33dfa682f75b96a8d9cd27a0f226b43e3853,2d022102340ade16741e242a8532b43f,,,,,False,,,,,,,,,,False,False
/poketool/personal/wotbl.narc,/poketool/personal/wotbl.narc!/member_00323,0,/poketool/personal/wotbl.narc,328,323,,13604,13636,9544,9576,32,cdaceed411be88065fd898fd4242ed3639255a66b7f83e408df604706a92cbde,2d0221023402de02340ade16741e242a,,,,,False,,,,,,,,,,False,False
/poketool/personal/wotbl.narc,/poketool/personal/wotbl.narc!/member_00324,0,/poketool/personal/wotbl.narc,328,324,,13636,13668,9576,9608,32,fffadbf65ad5fb1418970a0eadf5180ea4e800a3fef587a2e0811c7a4c447ad6,34027b086e0eae1853226c28e52e3538,,,,,False,,,,,,,,,,False,False
/poketool/personal/wotbl.narc,/poketool/personal/wotbl.narc!/member_00325,0,/poketool/personal/wotbl.narc,328,325,,13668,13700,9608,9640,32,c9d9d2f0815774d85bc36f4aeac883ce54033dd275c9bc9712f65964c28ca3de,9602950e3c153c1cf41e6d24152bac35,,,,,False,,,,,,,,,,False,False
/poketool/personal/wotbl.narc,/poketool/personal/wotbl.narc!/member_00326,0,/poketool/personal/wotbl.narc,328,326,,13700,13736,9640,9676,36,423af9e0919f5a5ba446973b9ef1849251dadfe0d4c6993df3de5040e5603f85,960295023c033c02950e3c153c1cf41e,,,,,False,,,,,,,,,,False,False
/poketool/personal/wotbl.narc,/poketool/personal/wotbl.narc!/member_00327,0,/poketool/personal/wotbl.narc,328,327,,13736,13764,9676,9704,28,de5ef63ef0cc51a99f7e22b2bc90dc9bfa706943788aa74dc0db52e59efe552b,2102fd0a7f15b91c3c265f2e92388541,,,,,False,,,,,,,,,,False,False
/poketool/personal/wotbl.narc,/poketool/personal/wotbl.narc!/member_00328,0,/poketool/personal/wotbl.narc,328,328,,13764,13792,9704,9732,28,28e5e7882bfdb97731c60efa0357dc3d375e05d11759edbb7184e81032c12e6c,2c021c12b9224833f2425b52c9623f72,,,,,False,,,,,,,,,,False,False
/poketool/personal/wotbl.narc,/poketool/personal/wotbl.narc!/member_00329,0,/poketool/personal/wotbl.narc,328,329,,13792,13820,9732,9760,28,0432539ec46ee43abcc0be6d1e5d979264232731e6b32c34e9afc940294a13bd,31021c02b90248031c12b92248333042,,,,,False,,,,,,,,,,False,False
/poketool/personal/wotbl.narc,/poketool/personal/wotbl.narc!/member_00330,0,/poketool/personal/wotbl.narc,328,330,,13820,13848,9760,9788,28,43656585747d4b774209e57b4d0bf7e4e3b6313c27380734221ffa1ecb73d641,31021c02b90248031c12b92248333042,,,,,False,,,,,,,,,,False,False
/poketool/personal/wotbl.narc,/poketool/personal/wotbl.narc!/member_00331,0,/poketool/personal/wotbl.narc,328,331,,13848,13884,9788,9824,36,2a50c399b054bfd0ae2a1ac6c63d73a98e54ab2438a2a9737091650cf8463fe1,28022b02470a4a12491a1c222a2a1333,,,,,True,Nintendo Huffman 8-bit,Probable,False,142082,,,,,,False,False
/poketool/personal/wotbl.narc,/poketool/personal/wotbl.narc!/member_00332,0,/poketool/personal/wotbl.narc,328,332,,13884,13924,9824,9864,40,68d284d493b57175f8f1b7d58535ca42f90d01755260d62ee44a79b9c0669252,170328022b0247024a02470a4a12491a,,,,,False,,,,,,,,,,False,False
/poketool/personal/wotbl.narc,/poketool/personal/wotbl.narc!/member_00333,0,/poketool/personal/wotbl.narc,328,333,,13924,13952,9864,9892,28,ce6ca2469fa728b98c7873a2e68e033660f00a33506d3fb42ebdc0c9d2d58b59,40022d02360b2f121f1adb24362e2438,,,,,False,,,,,,,,,,False,False
/poketool/personal/wotbl.narc,/poketool/personal/wotbl.narc!/member_00334,0,/poketool/personal/wotbl.narc,328,334,,13952,13992,9892,9932,40,2f4c6572ca0052259c7c0543b522162549cfaa3537a8bc856900e4e749865474,6d0340022d0236032f02360b2f121f1a,,,,,False,,,,,,,,,,False,False
/poketool/personal/wotbl.narc,/poketool/personal/wotbl.narc!/member_00335,0,/poketool/personal/wotbl.narc,328,335,,13992,14024,9932,9964,32,9cda518190d12c63a722ebcd4b20adbc5328ab821e7e15cc76151de06741518d,0a022b02620a0e12d21ca324e42c7537,,,,,False,,,,,,,,,,False,False
/poketool/personal/wotbl.narc,/poketool/personal/wotbl.narc!/member_00336,0,/poketool/personal/wotbl.narc,328,336,,14024,14052,9964,9992,28,406881570110656abd540d2fd5ac3ed631029ccbc4fd38304cb14e3e64b52ba1,23027a0e2c14562167268932f2383145,,,,,False,,,,,,,,,,False,False
/poketool/personal/wotbl.narc,/poketool/personal/wotbl.narc!/member_00337,0,/poketool/personal/wotbl.narc,328,337,,14052,14080,9992,10020,28,566801da1e34a56f03828282b71f7487890dc11ce714e574f95687d822df0f85,21026a025d0258125f188d29952e753f,,,,,False,,,,,,,,,,False,False
/poketool/personal/wotbl.narc,/poketool/personal/wotbl.narc!/member_00338,0,/poketool/personal/wotbl.narc,328,338,,14080,14108,10020,10048,28,a416efbdfbfe98221ad49135b36c37692fe0932ba5c31e22fc0c814b3eb50e6d,21026a025d02581253188d29952e753f,,,,,False,,,,,,,,,,False,False
/poketool/personal/wotbl.narc,/poketool/personal/wotbl.narc!/member_00339,0,/poketool/personal/wotbl.narc,328,339,,14108,14140,10048,10080,32,9c22944edf4f8b33cba31e960ef7acf27355260a780d59fbcbd73d89f0b9cfcc,bd022c0d5a0d3714aa1d8524602dde34,,,,,False,,,,,,,,,,False,False
/poketool/personal/wotbl.narc,/poketool/personal/wotbl.narc!/member_00340,0,/poketool/personal/wotbl.narc,328,340,,14140,14180,10080,10120,40,e6634fae1e7acf46a98b32d0b6e918781892037c1731b878839e19f25134848c,ac034103bd022c035a032c0d5a0d3714,,,,,False,,,,,,,,,,False,False
/poketool/personal/wotbl.narc,/poketool/personal/wotbl.narc!/member_00341,0,/poketool/personal/wotbl.narc,328,341,,14180,14208,10120,10148,28,753a6da1967d45c793b61415653f1e5b24700e06f9e7e84c148bf2f859984a58,91026a0e0b142b1a3d28b62e1a350d41,,,,,False,,,,,,,,,,False,False
/poketool/personal/wotbl.narc,/poketool/personal/wotbl.narc!/member_00342,0,/poketool/personal/wotbl.narc,328,342,,14208,14244,10148,10184,36,f178822eafa4e49eff61ec58d188a07086c51a9a2f569a44d675ad209208185e,91026a020b022b026a0e0b142b1a3d28,,,,,False,,,,,,,,,,False,False
/poketool/personal/wotbl.narc,/poketool/personal/wotbl.narc!/member_00343,0,/poketool/personal/wotbl.narc,328,343,,14244,14276,10184,10216,32,1d5e5059b35f6ff570f4b26aa5399b0a845d64f17fbecad5baadb1e40b401a5b,5d026a06e50abd0e3c163d1f7826f632,,,,,False,,,,,,,,,,False,False
/poketool/personal/wotbl.narc,/poketool/personal/wotbl.narc!/member_00344,0,/poketool/personal/wotbl.narc,328,344,,14276,14316,10216,10256,40,4d44f94d4db56641ccfe093403b75a7456716d4384aa3948578587c881860ab7,64025d026a02e5026a06e50abd0e3c16,,,,,False,,,,,,,,,,False,False
/poketool/personal/wotbl.narc,/poketool/personal/wotbl.narc!/member_00345,0,/poketool/personal/wotbl.narc,328,345,,14316,14344,10256,10284,28,467b60c6918c3c7d2194e400db8e89a27f28addf47928f91c9754caaa9222918,360384023310131f6d2c853a7c49f656,,,,,False,,,,,,,,,,False,False
/poketool/personal/wotbl.narc,/poketool/personal/wotbl.narc!/member_00346,0,/poketool/personal/wotbl.narc,328,346,,14344,14376,10284,10316,32,7f4318214c2cf1e1be7cc70f1cf254c4a6ababdb823886f41e14dce985b9f5fa,36038402330213033310131f6d2c853a,,,,,False,,,,,,,,,,False,False
/poketool/personal/wotbl.narc,/poketool/personal/wotbl.narc!/member_00347,0,/poketool/personal/wotbl.narc,328,347,,14376,14404,10316,10344,28,148e915df9f4b3df0e8b164d63dfac7f364b8b2efcfc4fe39ba7660a55f597cc,0a026a022c0f371ae826b632f63ed24a,,,,,False,,,,,,,,,,False,False
/poketool/personal/wotbl.narc,/poketool/personal/wotbl.narc!/member_00348,0,/poketool/personal/wotbl.narc,328,348,,14404,14436,10344,10376,32,dbf2633dd232aee82b1ff8a3bfb18a91c287449cccac8c943397dc4f393a43ee,0a026a022c0337022c0f371ae826b632,,,,,False,,,,,,,,,,False,False
/poketool/personal/wotbl.narc,/poketool/personal/wotbl.narc!/member_00349,0,/poketool/personal/wotbl.narc,328,349,,14436,14444,10376,10384,8,6372ed40287d634d67e2ae63940d6ba8a8e44d0937a2126a12b6872a54e1eb22,9602211eaf3cffff,,,,,False,,,,,,,,,,False,False
/poketool/personal/wotbl.narc,/poketool/personal/wotbl.narc!/member_00350,0,/poketool/personal/wotbl.narc,328,350,,14444,14476,10384,10416,32,6d76f3f2743dce6f8e5859debbd42fb052dfe63803d778daa804243ab1cee09f,370223025a0b1f13601bef22692abd33,,,,,False,,,,,,,,,,False,False
/poketool/personal/wotbl.narc,/poketool/personal/wotbl.narc!/member_00351,0,/poketool/personal/wotbl.narc,328,351,,14476,14496,10416,10436,20,ff712cf7c728885b2644b7d381ac86eaca81a4778b8153dd7d5389be6d23fa31,210237143414b514f028f1280229373d,,,,,False,,,,,,,,,,False,False
/poketool/personal/wotbl.narc,/poketool/personal/wotbl.narc!/member_00352,0,/poketool/personal/wotbl.narc,328,352,,14496,14532,10436,10472,36,b9e971ec7af04f58a639e2e931ec301c1ac61db980850145c71592a03397b119,a802270236037a020a021408b90e9a14,,,,,False,,,,,,,,,,False,False
/poketool/personal/wotbl.narc,/poketool/personal/wotbl.narc!/member_00353,0,/poketool/personal/wotbl.narc,328,353,,14532,14564,10472,10504,32,172d6e375061db2ef808217a088adbc27bbb8b0556525a288272a3cba87f273f,1a03670a6510ae1ab420a929052fb938,,,,,False,,,,,,,,,,False,False
/poketool/personal/wotbl.narc,/poketool/personal/wotbl.narc!/member_00354,0,/poketool/personal/wotbl.narc,328,354,,14564,14600,10504,10540,36,19f8d31ec6d84e0d30e65e65ccd1302b2233df0363d5c91ece75ea1e3124356d,1a0367026502ae026710650aae1ab420,,,,,False,,,,,,,,,,False,False
/poketool/personal/wotbl.narc,/poketool/personal/wotbl.narc!/member_00355,0,/poketool/personal/wotbl.narc,328,355,,14600,14628,10540,10568,28,9e268c4409c98742d28bb0e31a29ffa90b8d3e1a1f96a0d8532cc10a9d2dfa4e,2b026502320cc112361d6d22a92de432,,,,,False,,,,,,,,,,False,False
/poketool/personal/wotbl.narc,/poketool/personal/wotbl.narc!/member_00356,0,/poketool/personal/wotbl.narc,328,356,,14628,14672,10568,10612,44,6d0611e034df0fdd1ed6e32b673e78f368379cded545cce01dd7373ebf750070,070208020902640314022b0265023202,,,,,False,,,,,,,,,,False,False
/poketool/personal/wotbl.narc,/poketool/personal/wotbl.narc!/member_00357,0,/poketool/personal/wotbl.narc,328,357,,14672,14704,10612,10644,32,a695deb0f747ac3fdf63bbbe97518acecb6f8addd7c9209a331f7ef10dd77d0b,2b0210024a0e4b161722e62a1236593f,,,,,False,,,,,,,,,,False,False
/poketool/personal/wotbl.narc,/poketool/personal/wotbl.narc!/member_00358,0,/poketool/personal/wotbl.narc,328,358,,14704,14732,10644,10672,28,78f485993cc873d4ab8a9d7f80730302e055e289b1776d346a1545ea2d691ba4,23022d0c36135d1cfd22242c1933953c,,,,,False,,,,,,,,,,False,False
/poketool/personal/wotbl.narc,/poketool/personal/wotbl.narc!/member_00359,0,/poketool/personal/wotbl.narc,328,359,,14732,14768,10672,10708,36,2c7f66fdf5de85e60e0786ff50729fc86bcb3d119bd7d8b860b350c24d441e14,0a022b080d1362180d22e4280e322c38,,,,,False,,,,,,,,,,False,False
/poketool/personal/wotbl.narc,/poketool/personal/wotbl.narc!/member_00360,0,/poketool/personal/wotbl.narc,328,360,,14768,14784,10708,10724,16,dbe4984ccd1da9229f47977509a0a57d56d52a7f60719386d5184aa09b692111,9602cc02e302441ef31edb1ec21effff,,,,,False,,,,,,,,,,False,False
/poketool/personal/wotbl.narc,/poketool/personal/wotbl.narc!/member_00361,0,/poketool/personal/wotbl.narc,328,361,,14784,14812,10724,10752,28,1e4b55e49fa0d4eba6a40b85bfa9d2a49c09f8c08160646e04d6fd37c0abb6cc,b5022b0268082c14c41a1d26b62ca739,,,,,False,,,,,,,,,,False,False
/poketool/personal/wotbl.narc,/poketool/personal/wotbl.narc!/member_00362,0,/poketool/personal/wotbl.narc,328,362,,14812,14844,10752,10784,32,44826f350bd274798357b85d82599f1ef6314e4f7dbb8520f5efb424f00a177b,b5022b0268022c0268082c14c41a1d26,,,,,False,,,,,,,,,,False,False
/poketool/personal/wotbl.narc,/poketool/personal/wotbl.narc!/member_00363,0,/poketool/personal/wotbl.narc,328,363,,14844,14872,10784,10812,28,8cb35a9e13992fc8ca98ea9ae9834a8c4558554f4d25f35f63bbd7651bf11773,6f02b5022d023702e30e2d1b22263e32,,,,,False,,,,,,,,,,False,False
/poketool/personal/wotbl.narc,/poketool/personal/wotbl.narc!/member_00364,0,/poketool/personal/wotbl.narc,328,364,,14872,14904,10812,10844,32,e46621f3f4980d61bb71cafbd9c39b8463772b29beabed9766a22753251a7367,b5022d023702e302e30e2d1b22263e32,,,,,False,,,,,,,,,,False,False
/poketool/personal/wotbl.narc,/poketool/personal/wotbl.narc!/member_00365,0,/poketool/personal/wotbl.narc,328,365,,14904,14940,10844,10880,36,6a27c644fabb8487ac9ec5fdfaf19c61d5b93f583f893d9baf376bfd7a9e2521,f202b5022d023702e302e30e2d1b2226,,,,,False,,,,,,,,,,False,False
/poketool/personal/wotbl.narc,/poketool/personal/wotbl.narc!/member_00366,0,/poketool/personal/wotbl.narc,328,366,,14940,14952,10880,10892,12,a0af546e96e22a01696da097c18d366a8d3844d58f885e4660fc5604b9b2bcf5,80023702fa024e03ffff0000,,,,,False,,,,,,,,,,False,False
/poketool/personal/wotbl.narc,/poketool/personal/wotbl.narc!/member_00367,0,/poketool/personal/wotbl.narc,328,367,,14952,14980,10892,10920,28,3ef49493f3a8b9307b44c45761a4b48782a86b050d532d52fbec6fe39ef84a4f,fa022c0c6714601fb826a7316a39e242,,,,,False,,,,,,,,,,False,False
/poketool/personal/wotbl.narc,/poketool/personal/wotbl.narc!/member_00368,0,/poketool/personal/wotbl.narc,328,368,,14980,15008,10920,10948,28,175430df89db3fc628db26cdd7bbc6546c0b31d24781843f2f1f405d1885959f,fa025d0c6114601f85268831bd39e242,,,,,False,,,,,,,,,,False,False
/poketool/personal/wotbl.narc,/poketool/personal/wotbl.narc!/member_00369,0,/poketool/personal/wotbl.narc,328,369,,15008,15036,10948,10976,28,f1aa7e2b6fd500180a27b75d745e2774dcad7aae962145e05443283bdd737162,21026a0237103d1f192d243a2c49f656,,,,,False,,,,,,,,,,False,False
/poketool/personal/wotbl.narc,/poketool/personal/wotbl.narc!/member_00370,0,/poketool/personal/wotbl.narc,328,370,,15036,15064,10976,11004,28,729fc4aaff8c839780c1308311fdecd3e6ce5effa0a1db7e6e733ee8ad9b8463,2102cc08370e6112241c7d23d52cba36,,,,,False,,,,,,,,,,False,False
/poketool/personal/wotbl.narc,/poketool/personal/wotbl.narc!/member_00371,0,/poketool/personal/wotbl.narc,328,371,,15064,15092,11004,11032,28,72e8a724ca5413c06035fb7fa8b2a5e95abb70cb0fd60731c2d12c662493266b,63022c0a2b141d2074283432e13eac47,,,,,False,,,,,,,,,,False,False
/poketool/personal/wotbl.narc,/poketool/personal/wotbl.narc!/member_00372,0,/poketool/personal/wotbl.narc,328,372,,15092,15128,11032,11068,36,d64a8a578f3bdd9a57a3126d2feeab0d863f04c6d8fa6acad13890d441e8f18c,63022c022b021d022c0a2b141d207428,,,,,False,,,,,,,,,,False,False
/poketool/personal/wotbl.narc,/poketool/personal/wotbl.narc!/member_00373,0,/poketool/personal/wotbl.narc,328,373,,15128,15168,11068,11108,40,b1dc6ad0a2b6bb1152caf8f9af0becc0540ed7e04c8bbd17e2f0e1edec996ae0,a803a60363022c022b021d022c0a2b14,,,,,False,,,,,,,,,,False,False
/poketool/personal/wotbl.narc,/poketool/personal/wotbl.narc!/member_00374,0,/poketool/personal/wotbl.narc,328,374,,15168,15172,11108,11112,4,d112606d9892b7202158dd3f1ed306d9895397e00d9b8695bb77dc985fc9912f,2402ffff,,,,,True,Nintendo Huffman 4-bit,Probable,False,16776962,,,,,,False,False
/poketool/personal/wotbl.narc,/poketool/personal/wotbl.narc!/member_00375,0,/poketool/personal/wotbl.narc,328,375,,15172,15204,11112,11144,32,af1ce052a0f2659db3886792b1360f95dc0346ff1e4fe2a151c3d279c92d7a1e,89032402e8025d02e8285d28b830e438,,,,,False,,,,,,,,,,False,False
/poketool/personal/wotbl.narc,/poketool/personal/wotbl.narc!/member_00376,0,/poketool/personal/wotbl.narc,328,376,,15204,15240,11144,11180,36,c44656939a5065c44e3eae4e1697443f09a2c72202f3a53035ffbb9708411721,89032402e8025d02e8285d28b830e438,,,,,False,,,,,,,,,,False,False
/poketool/personal/wotbl.narc,/poketool/personal/wotbl.narc!/member_00377,0,/poketool/personal/wotbl.narc,328,377,,15240,15268,11180,11208,28,ee312102710848f67da9831da519a338fe47644e78218e24814a5489d9b2c5ea,99025812ae221433f6424e53c363c772,,,,,False,,,,,,,,,,False,False
/poketool/personal/wotbl.narc,/poketool/personal/wotbl.narc!/member_00378,0,/poketool/personal/wotbl.narc,328,378,,15268,15296,11208,11236,28,e384fc76b7f113a506bd59c7ee474636ba30cc9dbfaca9be8f2dd3f738b6e605,9902c412ae221433f6428552c363c772,,,,,False,,,,,,,,,,False,False
/poketool/personal/wotbl.narc,/poketool/personal/wotbl.narc!/member_00379,0,/poketool/personal/wotbl.narc,328,379,,15296,15328,11236,11268,32,6c532e877cb21f8ed62ff1d02880eb28787011b3a0930766d62afac2795e759c,9902e812ae221433f6424e538552c363,,,,,False,,,,,,,,,,False,False
/poketool/personal/wotbl.narc,/poketool/personal/wotbl.narc!/member_00380,0,/poketool/personal/wotbl.narc,328,380,,15328,15360,11268,11300,32,82e22f7bb3cf637acda41538104f7d4231f40a03b6482fd2c9b70a2c1954fa8a,9502110b0e15db1ee1285a331f3d2847,,,,,False,,,,,,,,,,False,False
/poketool/personal/wotbl.narc,/poketool/personal/wotbl.narc!/member_00381,0,/poketool/personal/wotbl.narc,328,381,,15360,15392,11300,11332,32,7c15d696bd32a884d29c276770d840a4283806f11d63f8bf46fd23578fad7824,9502790b0e15db1ee128b6321f3d2747,,,,,False,,,,,,,,,,False,False
/poketool/personal/wotbl.narc,/poketool/personal/wotbl.narc!/member_00382,0,/poketool/personal/wotbl.narc,328,382,,15392,15420,11332,11360,28,7e7eb510a77e11cc0b46ff686e7fd998e35c78343ccbee9e1c4cbab7c8f27c31,6003b80af61e22285b3d3a46385a9c64,,,,,False,,,,,,,,,,False,False
/poketool/personal/wotbl.narc,/poketool/personal/wotbl.narc!/member_00383,0,/poketool/personal/wotbl.narc,328,383,,15420,15448,11360,11388,28,b36b17ff59ab9e138c8eefc78822260e7eb3131eecd033c46737eb352de1ec7d,5503b80af61ea328533d59467e5a9c64,,,,,False,,,,,,,,,,False,False
/poketool/personal/wotbl.narc,/poketool/personal/wotbl.narc!/member_00384,0,/poketool/personal/wotbl.narc,328,384,,15448,15476,11388,11416,28,be773344d16a8202237f78bb8059e8d8444a9353b6e7187ceb5aa4dc492c159c,ef02b80af61e51295d3df246135a9c64,,,,,False,,,,,,,,,,False,False
/poketool/personal/wotbl.narc,/poketool/personal/wotbl.narc!/member_00385,0,/poketool/personal/wotbl.narc,328,385,,15476,15512,11416,11452,36,516fb600c00c4f04ddf20ed16b4eabb6b499c72138bf0f6bf5a58ba0df63c9ff,11035d029c0a81140e1f5e281f339c3c,,Nintendo LZ11,Probable,,True,Nintendo LZ11,Probable,True,154883,False,,,,,False,False
/poketool/personal/wotbl.narc,/poketool/personal/wotbl.narc!/member_00386,0,/poketool/personal/wotbl.narc,328,386,,15512,15544,11452,11484,32,b35285cdb66dbc92397e2f72ca2b0bdd96e5f22cd6d5f9bbf316dd291f1bfcbd,2b022302651264221a33e4425e522163,,,,,False,,,,,,,,,,False,False
/poketool/personal/wotbl.narc,/poketool/personal/wotbl.narc!/member_00387,0,/poketool/personal/wotbl.narc,328,387,,15544,15572,11484,11512,28,cbb08bc0b34bfa2eac9c21c871f753ecc3b6885b9aa93f8bf8308fea1f82a214,21026e0a47124b1aae222c2a4832493a,,,,,False,,,,,,,,,,False,False
/poketool/personal/wotbl.narc,/poketool/personal/wotbl.narc!/member_00388,0,/poketool/personal/wotbl.narc,328,388,,15572,15600,11512,11540,28,e674ad3f4c1d3e681de34f4dbc2a11fcca35c335760516fa97c0c4c2028359f0,21026e026e0a47124b1aae222c2c4836,,,,,False,,,,,,,,,,False,False
/poketool/personal/wotbl.narc,/poketool/personal/wotbl.narc!/member_00389,0,/poketool/personal/wotbl.narc,328,389,,15600,15636,11540,11576,36,2767919392f91ec95b27bbc34b2173c8d15700a4e26100eb925ab9a9de1cef57,c40321026e0247024b026e0a47124b1a,,,,,False,,,,,,,,,,False,False
/poketool/personal/wotbl.narc,/poketool/personal/wotbl.narc!/member_00390,0,/poketool/personal/wotbl.narc,328,390,,15636,15664,11576,11604,28,c167a8afca0366697396d6360bd62a4fb167d7435c38df3e928cb89b1eabe0bf,0a022b02340e0d139a1eac22a12f0333,,,,,False,,,,,,,,,,False,False
/poketool/personal/wotbl.narc,/poketool/personal/wotbl.narc!/member_00391,0,/poketool/personal/wotbl.narc,328,391,,15664,15696,11604,11636,32,cc2dc07489f5166a6039c7258cf4fecd7d292add695a4e0b63fb4485740a1f03,0a022b023402340e0d13b71c9a20ac26,,,,,False,,,,,,,,,,False,False
/poketool/personal/wotbl.narc,/poketool/personal/wotbl.narc!/member_00392,0,/poketool/personal/wotbl.narc,328,392,,15696,15728,11636,11668,32,06278ab48b89aa520bd383639c13fab82de11ba5a2ff93fca53345d40e999d79,0a022b0234020d03340e0d13b71c9a22,,,,,False,,,,,,,,,,False,False
/poketool/personal/wotbl.narc,/poketool/personal/wotbl.narc!/member_00393,0,/poketool/personal/wotbl.narc,328,393,,15728,15756,11668,11696,28,036e884d38f1bd6b8d883cebb1fbafc74ac993d50ab33caca54b0c5f73c3fb9d,01022d0891105a17401e75243d2c1f32,,,,,False,,,,,,,,,,False,False
/poketool/personal/wotbl.narc,/poketool/personal/wotbl.narc!/member_00394,0,/poketool/personal/wotbl.narc,328,394,,15756,15788,11696,11728,32,1c6c5a330fc0c325051fe045284373d9ede11e498a1c1a0ab7a463128d762e66,21022d022d0891105a17401ee8207526,,,,,False,,,,,,,,,,False,False
/poketool/personal/wotbl.narc,/poketool/personal/wotbl.narc!/member_00395,0,/poketool/personal/wotbl.narc,328,395,,15788,15824,11728,11764,36,d0a88fea81d910d4522a7b341f799cbf0a0d40b82fe1dfe9a87c672ae02adde3,21022d0291022d0891100e16401ee820,,,,,False,,,,,,,,,,False,False
/poketool/personal/wotbl.narc,/poketool/personal/wotbl.narc!/member_00396,0,/poketool/personal/wotbl.narc,328,396,,15824,15848,11764,11788,24,27b4e532e9514d30370759e4f5870cc73d14ab0b17e157d7a1d7ff2d34308d13,21022d02620a1112681a1b23122a4c33,,,,,False,,,,,,,,,,False,False
/poketool/personal/wotbl.narc,/poketool/personal/wotbl.narc!/member_00397,0,/poketool/personal/wotbl.narc,328,397,,15848,15876,11788,11816,28,2d20c464bec7763ff3ac778f4e9b9afda3ecac3e1641605e45e55326f08d1038,21022d026202620a1112681a1b25122e,,,,,False,,,,,,,,,,False,False
/poketool/personal/wotbl.narc,/poketool/personal/wotbl.narc!/member_00398,0,/poketool/personal/wotbl.narc,328,398,,15876,15908,11816,11848,32,7f9f30a2ff9e501011747aefbf09cf8540345cb00008efa63b82325bc6ae2551,21022d0262021102620a1112681a1b25,,,,,False,,,,,,,,,,False,False
/poketool/personal/wotbl.narc,/poketool/personal/wotbl.narc!/member_00399,0,/poketool/personal/wotbl.narc,328,399,,15908,15932,11848,11872,24,93493970a9b50abe2b97d136518b2acc9ff5a89106996cab62911d72b4e64f35,21022d0a6f12cd1a1d229e2a1933853a,,,,,False,,,,,,,,,,False,False
/poketool/personal/wotbl.narc,/poketool/personal/wotbl.narc!/member_00400,0,/poketool/personal/wotbl.narc,328,400,,15932,15960,11872,11900,28,42efe0fdd159e4fb925b900391f99c5f556124aef899ee119ba1e0215c434cfc,21022d022d0a6f12cd1a371e1d249e2e,,,,,False,,,,,,,,,,False,False
/poketool/personal/wotbl.narc,/poketool/personal/wotbl.narc!/member_00401,0,/poketool/personal/wotbl.narc,328,401,,15960,15968,11900,11908,8,216665687183d45a22ec9116ad6159c0f88294ae19760291035421aa4e3e547c,2d027502ffff0000,,,,,False,,,,,,,,,,False,False
/poketool/personal/wotbl.narc,/poketool/personal/wotbl.narc!/member_00402,0,/poketool/personal/wotbl.narc,328,402,,15968,15992,11908,11932,24,4480ae1ee96a1a78f57f564137df6afa8973505cedce0500f6f9680271727a2c,2d027502d2148d1c2f24742c9435673c,,,,,False,,,,,,,,,,False,False
/poketool/personal/wotbl.narc,/poketool/personal/wotbl.narc!/member_00403,0,/poketool/personal/wotbl.narc,328,403,,15992,16016,11932,11956,24,e1527fb4306df28b0dfd168f9ff06eddebee5f24ab47196a4196ed7229dc7fd6,21022b0a0c132c1ad1222e2acf32f23a,,,,,False,,,,,,,,,,False,False
/poketool/personal/wotbl.narc,/poketool/personal/wotbl.narc!/member_00404,0,/poketool/personal/wotbl.narc,328,404,,16016,16044,11956,11984,28,4bd4205d7347a80071ec24b4b23e6ea61683605e6d725ce90a6e14fd401d53d8,21022b022b0a0c132c1ad1242e2ecf38,,,,,False,,,,,,,,,,False,False
/poketool/personal/wotbl.narc,/poketool/personal/wotbl.narc!/member_00405,0,/poketool/personal/wotbl.narc,328,405,,16044,16072,11984,12012,28,d85e55aff62d53d1ab7b623eaf7b3a5be4167a809974195a328ebeb3f3824776,21022b020c032b0a0c132c1ad1242e2e,,,,,False,,,,,,,,,,False,False
/poketool/personal/wotbl.narc,/poketool/personal/wotbl.narc!/member_00406,0,/poketool/personal/wotbl.narc,328,406,,16072,16088,12012,12028,16,ee870980eb28c736bf6cf7b2d3884298bbc4e53a50058f37e190b662daf94736,47024a085a0f4e14481a8421ffff0000,,,,,False,,,,,,,,,,False,False
/poketool/personal/wotbl.narc,/poketool/personal/wotbl.narc!/member_00407,0,/poketool/personal/wotbl.narc,328,407,,16088,16100,12028,12040,12,e08ab08dec58468d6bee45eedab93913ce8e455c3ac85559e53524541fe5cb06,3703280248025903e602ffff,,,,,False,,,,,,,,,,False,False
/poketool/personal/wotbl.narc,/poketool/personal/wotbl.narc!/member_00408,0,/poketool/personal/wotbl.narc,328,408,,16100,16124,12040,12064,24,86e4b32811ab10f5eb0a9a9b3fd7957adc1801d874b7818766956afe274bdf0d,1d022b02740ce414241eb8267431f638,,,,,False,,,,,,,,,,False,False
/poketool/personal/wotbl.narc,/poketool/personal/wotbl.narc!/member_00409,0,/poketool/personal/wotbl.narc,328,409,,16124,16152,12064,12092,28,4c460a4925bcce961cfa9452f16986993702f2bb00ebfb326c2dfaee41e84c20,1d022b02740ce414241eb8267431f638,,,,,False,,,,,,,,,,False,False
/poketool/personal/wotbl.narc,/poketool/personal/wotbl.narc!/member_00410,0,/poketool/personal/wotbl.narc,328,410,,16152,16176,12092,12116,24,617ced00d28876f8d3f821845cf2f6e990972df042e38ab30f98f337c03d9425,2102b6020d0d3f15241e4e27cf30f638,,,,,False,,,,,,,,,,False,False
/poketool/personal/wotbl.narc,/poketool/personal/wotbl.narc!/member_00411,0,/poketool/personal/wotbl.narc,328,411,,16176,16208,12116,12148,32,4010b8aced4caace1858b0a96c8d512d30197b09db3e53dfa988e3fb5a2e5dc0,2102b6020d033f030d0d3f15241e4e27,,,,,False,,,,,,,,,,False,False
/poketool/personal/wotbl.narc,/poketool/personal/wotbl.narc!/member_00412,0,/poketool/personal/wotbl.narc,328,412,,16208,16216,12148,12156,8,0a1a7b0ad1fce564834a8997e67202e9f55299cc8a746145b465b960b91cd293,b6022114ed28ffff,,,,,False,,,,,,,,,,False,False
/poketool/personal/wotbl.narc,/poketool/personal/wotbl.narc!/member_00413,0,/poketool/personal/wotbl.narc,328,413,,16216,16244,12156,12184,28,2cd5e9e821b6bc65f827d1f405695353321d51e09e4c532e5ace9b8c13a12f20,2102b614ed285d2e4b344a3a3c40bd47,,,,,False,,,,,,,,,,False,False
/poketool/personal/wotbl.narc,/poketool/personal/wotbl.narc!/member_00414,0,/poketool/personal/wotbl.narc,328,414,,16244,16272,12184,12212,28,138b8c67de9f0e865f2e3897173ab605829243808a656ef0b9b039701f4093ef,2102b614ed285d2e10344d3a3c402547,,,,,False,,,,,,,,,,False,False
/poketool/personal/wotbl.narc,/poketool/personal/wotbl.narc!/member_00415,0,/poketool/personal/wotbl.narc,328,415,,16272,16280,12212,12220,8,d7bcf168bde748484791db953e82f6164737d7641d5081110723b5fac29fd421,e6021002ffff0000,,,,,False,,,,,,,,,,False,False
/poketool/personal/wotbl.narc,/poketool/personal/wotbl.narc!/member_00416,0,/poketool/personal/wotbl.narc,328,416,,16280,16316,12220,12256,36,2ec3a858f86c198bfb1003a888e3ed9af95842b6ce745fcc0b135b238e8afbbf,e602100228066d0ed212c71be41e9a26,,,,,False,,,,,,,,,,False,False
/poketool/personal/wotbl.narc,/poketool/personal/wotbl.narc!/member_00417,0,/poketool/personal/wotbl.narc,328,417,,16316,16340,12256,12280,24,09da18c40ce5faf95234471b5fcaf3201f2c5fc327cb3c3d7e372ae5df3f837b,2d027502620acc12d11acb22812aba32,,,,,False,,,,,,,,,,False,False
/poketool/personal/wotbl.narc,/poketool/personal/wotbl.narc!/member_00418,0,/poketool/personal/wotbl.narc,328,418,,16340,16364,12280,12304,24,f366a1cb7ab906b341cf67e401a1c40976750628ef462b3b045e8da0e8774eaf,31022d025a036206370ce414811ec52b,,,,,False,,,,,,,,,,False,False
/poketool/personal/wotbl.narc,/poketool/personal/wotbl.narc!/member_00419,0,/poketool/personal/wotbl.narc,328,419,,16364,16396,12304,12336,32,a7b973e16b9a1ff37809c01c6f5bf9750eb5279be4b2e215d7948aa5d66df303,a70331022d025a0362026206370ce414,,,,,False,,,,,,,,,,False,False
/poketool/personal/wotbl.narc,/poketool/personal/wotbl.narc!/member_00420,0,/poketool/personal/wotbl.narc,328,420,,16396,16420,12336,12360,24,87aca96dceede534b1daa5678f88381fe0aade14bf7599b2094f07cbc5ab8ea5,21024a0e49140e1b5927f12c8439243e,,,,,False,,,,,,,,,,False,False
/poketool/personal/wotbl.narc,/poketool/personal/wotbl.narc!/member_00421,0,/poketool/personal/wotbl.narc,328,421,,16420,16448,12360,12388,28,c92cddfed488ec4c9c18cc0bfb31cc776be3fda7cad0f409bff684b001f8b56b,21024a024a0e49140e1b5927f12c5032,,,,,False,,,,,,,,,,False,False
/poketool/personal/wotbl.narc,/poketool/personal/wotbl.narc!/member_00422,0,/poketool/personal/wotbl.narc,328,422,,16448,16472,12388,12412,24,8d4bf9fa0b351345b2288d84d359217d2fb80d2091cd9c1ea8ca82d796519e7f,bd022c056a08600faa17ed20f02c223a,,,,,False,,,,,,,,,,False,False
/poketool/personal/wotbl.narc,/poketool/personal/wotbl.narc!/member_00423,0,/poketool/personal/wotbl.narc,328,423,,16472,16500,12412,12440,28,e86430f9eebce1e75f420a010f72ec94587dfc69faf8c69b50b6a4a9861e70bf,bd022c036a0260032c056a08600faa17,,,,,False,,,,,,,,,,False,False
/poketool/personal/wotbl.narc,/poketool/personal/wotbl.narc!/member_00424,0,/poketool/personal/wotbl.narc,328,424,,16500,16536,12440,12476,36,e650557eb13153e00a2a135ad771be5bcf0e9f52f46bbdf5f5155bfa554c7d84,0a0227021c0236031c083611e216411f,,,,,False,,,,,,,,,,False,False
/poketool/personal/wotbl.narc,/poketool/personal/wotbl.narc!/member_00425,0,/poketool/personal/wotbl.narc,328,425,,16536,16564,12476,12504,28,f89f013305f71f5c5a8921d828011cdbb86a6e7a834f63f739e48cd21c82ddab,84026b02360d1016741c7323fe2c0037,,,,,False,,,,,,,,,,False,False
/poketool/personal/wotbl.narc,/poketool/personal/wotbl.narc!/member_00426,0,/poketool/personal/wotbl.narc,328,426,,16564,16596,12504,12536,32,d63f634400d1df27786d80df13a1566895bd87e071c8e2c8415e3c6e0e566f5c,84026b0236031002360d1016741c7323,,,,,False,,,,,,,,,,False,False
/poketool/personal/wotbl.narc,/poketool/personal/wotbl.narc!/member_00427,0,/poketool/personal/wotbl.narc,328,427,,16596,16628,12536,12568,32,9864004f56ad871644c8fc31f6a98bcf1470b72b0fb8c7e82b29c4c2f3c13f81,960201026f02c102cb0cda1a62201a2e,,,,,False,,,,,,,,,,False,False
/poketool/personal/wotbl.narc,/poketool/personal/wotbl.narc!/member_00428,0,/poketool/personal/wotbl.narc,328,428,,16628,16664,12568,12604,36,4ae94fe056c06cff4aa8bda51724781e3910623c4063686645626cc62bd9c830,f3021503960201026f02c102cb0cd81a,,,,,False,,,,,,,,,,False,False
/poketool/personal/wotbl.narc,/poketool/personal/wotbl.narc!/member_00429,0,/poketool/personal/wotbl.narc,328,429,,16664,16680,12604,12620,16,0e8b2ddd6deba3978950d49b8a259dc8589fba99e9b03baf9026856975070b4d,7d0359032d029502b4023603ffff0000,,,,,False,,,,,,,,,,False,False
/poketool/personal/wotbl.narc,/poketool/personal/wotbl.narc!/member_00430,0,/poketool/personal/wotbl.narc,328,430,,16680,16700,12620,12640,20,51954e4bff5595a0a2728ddddaf027f12ff84a17bc9082731d1a0082e4f3487b,3603e40272021102cf32a147905b8f6f,,,,,False,,,,,,,,,,False,False
/poketool/personal/wotbl.narc,/poketool/personal/wotbl.narc!/member_00431,0,/poketool/personal/wotbl.narc,328,431,,16700,16728,12640,12668,28,b1534ffcdf45f2356a29db6d551e43c11f0ec917990b5fb055d2eb0009eda9c8,fc020a0a2d105f1ab9229a28cc32123b,,,,,False,,,,,,,,,,False,False
/poketool/personal/wotbl.narc,/poketool/personal/wotbl.narc!/member_00432,0,/poketool/personal/wotbl.narc,328,432,,16728,16760,12668,12700,32,3e1e8ae20de6101afe3f4ab8b41f8cc3a712d8cd3c31fe16e118d5bc9a342a8a,fc020a022d020a0a2d105f1ab9229a28,,,,,False,,,,,,,,,,False,False
/poketool/personal/wotbl.narc,/poketool/personal/wotbl.narc!/member_00433,0,/poketool/personal/wotbl.narc,328,433,,16760,16776,12700,12716,16,dc6a245a006f3f51b9242d1dc697b81b087e0cccec641367f08e106023f0d4f5,23022d0c36135d1cfd22832dffff0000,,,,,False,,,,,,,,,,False,False
/poketool/personal/wotbl.narc,/poketool/personal/wotbl.narc!/member_00434,0,/poketool/personal/wotbl.narc,328,434,,16776,16800,12716,12740,24,54552731ee8c586f1fd3ec287bc011862fad10df8762ec2dd0eb68273dd05e21,0a0274028b08670e9a166c1e5c28a332,,,,,False,,,,,,,,,,False,False
/poketool/personal/wotbl.narc,/poketool/personal/wotbl.narc!/member_00435,0,/poketool/personal/wotbl.narc,328,435,,16800,16828,12740,12768,28,16f92fcd87106e3f43e4b4b1a77f52bdfe0bfa12167eb349d75494b8fa30a26b,0a0274028b028b08670e9a166c1e5c28,,,,,False,,,,,,,,,,False,False
/poketool/personal/wotbl.narc,/poketool/personal/wotbl.narc!/member_00436,0,/poketool/personal/wotbl.narc,328,436,,16828,16856,12768,12796,28,46dc4b9b43553efcf899b3740d0958d6e2f8293bd373390e96ab1672926a26ce,21025d025f0e1e196d1c46274e35db3c,,,,,False,,,,,,,,,,False,False
/poketool/personal/wotbl.narc,/poketool/personal/wotbl.narc!/member_00437,0,/poketool/personal/wotbl.narc,328,437,,16856,16896,12796,12836,40,cc0ea81022920d3324a7d95af39a10c47d0907890a2a85b6de55f5912ff51616,f102f00221025d025f021e035f0e1e19,,,,,False,,,,,,,,,,False,False
/poketool/personal/wotbl.narc,/poketool/personal/wotbl.narc!/member_00438,0,/poketool/personal/wotbl.narc,328,438,,16896,16924,12836,12864,28,a928b2bbce06de75c84796cb7169ace574eadfc073928049d738e795fb9f7545,39037f03af0c4312581c66224f2db932,,,,,False,,,,,,,,,,False,False
/poketool/personal/wotbl.narc,/poketool/personal/wotbl.narc!/member_00439,0,/poketool/personal/wotbl.narc,328,439,,16924,16964,12864,12904,40,1c836912f2f826cd7e3c55d6b3d8526abc83b404a0c0be0ad0eeef5612b59bd2,410370025d027f096010e316031e6624,,,,,False,,,,,,,,,,False,False
/poketool/personal/wotbl.narc,/poketool/personal/wotbl.narc!/member_00440,0,/poketool/personal/wotbl.narc,328,440,,16964,16976,12904,12916,12,5dfd790b62701ee717ba69d072f4eb3b4c43f1c3acf9dd3384dd173fc3b14c7d,0102cc027f0b1f13ba18ffff,,,,,False,,,,,,,,,,False,False
/poketool/personal/wotbl.narc,/poketool/personal/wotbl.narc!/member_00441,0,/poketool/personal/wotbl.narc,328,441,,16976,17004,12916,12944,28,b252d926c68fd603adde4a84b7131538f8307fa8f8c36a2f67223ff0fb98a49d,40022d0a77122f1a1f22c02b0d33663a,,,,,False,,,,,,,,,,False,False
/poketool/personal/wotbl.narc,/poketool/personal/wotbl.narc!/member_00442,0,/poketool/personal/wotbl.narc,328,442,,17004,17032,12944,12972,28,4aa3852bda922badfc29c7414246072256d41180993a7a37d759c56ee07d1c57,ae02e4026d02b402a903b90e5f1a8a26,,,,,False,,,,,,,,,,False,False
/poketool/personal/wotbl.narc,/poketool/personal/wotbl.narc!/member_00443,0,/poketool/personal/wotbl.narc,328,443,,17032,17056,12972,12996,24,aef04823ad8a10fc23c96f769ee5254443cb6973473f75beb8289e888f88542d,21021c06520ec91a241e4827a3325137,,,,,False,,,,,,,,,,False,False
/poketool/personal/wotbl.narc,/poketool/personal/wotbl.narc!/member_00444,0,/poketool/personal/wotbl.narc,328,444,,17056,17080,12996,13020,24,d7145afe5c285ec845ca2a049201a1ebd449bb67ecc8e8062502217bc483792a,21021c021c06520ec91a241e4827a338,,,,,False,,,,,,,,,,False,False
/poketool/personal/wotbl.narc,/poketool/personal/wotbl.narc!/member_00445,0,/poketool/personal/wotbl.narc,328,445,,17080,17112,13020,13052,32,f0ce0f17edd98d46dae0c9a973822e2ffb3e59d3ea4e275c3a060abd6c8c1d47,a80321021c025202c9021c06520ec91a,,,,,False,,,,,,,,,,False,False
/poketool/personal/wotbl.narc,/poketool/personal/wotbl.narc!/member_00446,0,/poketool/personal/wotbl.narc,328,446,,17112,17144,13052,13084,32,2894f28abe366f9749f68d72510e43c06adfd7cecf1ae23f9977ef2f9175bc21,76023c0321026f0885127a1816236728,,,,,False,,,,,,,,,,False,False
/poketool/personal/wotbl.narc,/poketool/personal/wotbl.narc!/member_00447,0,/poketool/personal/wotbl.narc,328,447,,17144,17164,13084,13104,20,ee91cc4eae6bb3b7dc91cb505cdeaf37737a73a41cf17b0b3c651f336dbd348f,6202c102cb02440c8b176c1fb3266730,,,,,False,,,,,,,,,,False,False
/poketool/personal/wotbl.narc,/poketool/personal/wotbl.narc!/member_00448,0,/poketool/personal/wotbl.narc,328,448,,17164,17200,13104,13140,36,9af6afabf54aa533b643cb6480a7ead101f16b88d8077cf217abcb033dc16cfc,8f036202c102c502e802440c8b176c1f,,,,,False,,,,,,,,,,False,False
/poketool/personal/wotbl.narc,/poketool/personal/wotbl.narc!/member_00449,0,/poketool/personal/wotbl.narc,328,449,,17200,17224,13140,13164,24,deded82383e3159cd6aaf5591fb3049736078a064dc680be6b932434f6ff2027,21021c022c0e191b24264833f23e594a,,,,,False,,,,,,,,,,False,False
/poketool/personal/wotbl.narc,/poketool/personal/wotbl.narc!/member_00450,0,/poketool/personal/wotbl.narc,328,450,,17224,17256,13164,13196,32,2ce8f9d6d3b109a644f8529ef9af03e8c5f45d51b99e653f81483f3030c7c984,a703a803a60321021c022c0219032c0e,,,,,False,,,,,,,,,,False,False
/poketool/personal/wotbl.narc,/poketool/personal/wotbl.narc!/member_00451,0,/poketool/personal/wotbl.narc,328,451,,17256,17280,13196,13220,24,e83410b4ab55170961f4042d998aa75dcea1acde11d7c9d8a0d0310c918918c8,2c0228022b0c2a186f231a2fb8388645,,,,,False,,,,,,,,,,False,False
/poketool/personal/wotbl.narc,/poketool/personal/wotbl.narc!/member_00452,0,/poketool/personal/wotbl.narc,328,452,,17280,17316,13220,13256,36,df02ac5ba351094e1d18639ba31da883a108ec9377d5441eeec8899590fbfdcc,a603a703a8032c0228022b022a022b0c,,,,,False,,,,,,,,,,False,False
/poketool/personal/wotbl.narc,/poketool/personal/wotbl.narc!/member_00453,0,/poketool/personal/wotbl.narc,328,453,,17316,17348,13256,13288,32,8bb238dae4b2478a24b0d542c32cd4dd49182611951cae3665c3e30c4033f030,3603bd0628100d15e41eb922172dcf30,,,,,False,,,,,,,,,,False,False
/poketool/personal/wotbl.narc,/poketool/personal/wotbl.narc!/member_00454,0,/poketool/personal/wotbl.narc,328,454,,17348,17384,13288,13324,36,f39a9910149f1f53efab6712c8f13e0485ba9c484606056b3aa5db667e81d27e,3603bd022802bd0628100d15e41eb922,,,,,False,,,,,,,,,,False,False
/poketool/personal/wotbl.narc,/poketool/personal/wotbl.narc!/member_00455,0,/poketool/personal/wotbl.narc,328,455,,17384,17412,13324,13352,28,6f2a87f3a3a7f4c0a8358de729fb5211cd55c1ac597471d352b3c49ee1ca9cee,14024a022c0e1616e622132bb936fe3e,,,,,False,,,,,,,,,,False,False
/poketool/personal/wotbl.narc,/poketool/personal/wotbl.narc!/member_00456,0,/poketool/personal/wotbl.narc,328,456,,17412,17440,13352,13380,28,4bede4d53a936fbeb1a80f6747941d588ab97529fabd4ffcaf37acf0a7d04d9d,0102370cd514f01a1022602dbd35db3a,,,,,False,,,,,,,,,,False,False
/poketool/personal/wotbl.narc,/poketool/personal/wotbl.narc!/member_00457,0,/poketool/personal/wotbl.narc,328,457,,17440,17472,13380,13412,32,5ffd83c496d29ccd1ac93758feec5c6de303b4720680d8ce37561519b2219685,01023702d502370cd514f01a1022602d,,,,,False,,,,,,,,,,False,False
/poketool/personal/wotbl.narc,/poketool/personal/wotbl.narc!/member_00458,0,/poketool/personal/wotbl.narc,328,458,,17472,17500,13412,13440,28,2969a32e5a4eb42ead2345d4fcad2d3e73355af132ad5e0d56ec9fb7060d2772,2102910230083d141d1a6126112c6039,,,,,False,,,,,,,,,,False,False
/poketool/personal/wotbl.narc,/poketool/personal/wotbl.narc!/member_00459,0,/poketool/personal/wotbl.narc,328,459,,17500,17528,13440,13468,28,ca1b76801cab50e74151b655fc2745430351c3e5fd018bd8aecba0af748a1afe,b5022b024b0ac412401bcf22362aa435,,,,,False,,,,,,,,,,False,False
/poketool/personal/wotbl.narc,/poketool/personal/wotbl.narc!/member_00460,0,/poketool/personal/wotbl.narc,328,460,,17528,17560,13468,13500,32,080bd0044393d75a89cc361f4c2eb2c596ebfb9754a6e826baff8cc3c820a38c,0802b5022b024b02c4024b0ac412401b,,,,,False,,,,,,,,,,False,False
/poketool/personal/wotbl.narc,/poketool/personal/wotbl.narc!/member_00461,0,/poketool/personal/wotbl.narc,328,461,,17560,17596,13500,13536,36,7a5ba98a132be2583bc3b98d1da9dffcdcde6ff69408d074b48560c8548ee756,7503170374030a022b020d0362026210,,,,,False,,,,,,,,,,False,False
/poketool/personal/wotbl.narc,/poketool/personal/wotbl.narc!/member_00462,0,/poketool/personal/wotbl.narc,328,462,,17596,17636,13536,13576,40,73c63ca105929811a876ba38e830c3f65fb4fb65b8a1bf516d3e72a77c65ce2e,f30270023f03210254023002540c3016,,,,,False,,,,,,,,,,False,False
/poketool/personal/wotbl.narc,/poketool/personal/wotbl.narc!/member_00463,0,/poketool/personal/wotbl.narc,328,463,,17636,17668,13576,13608,32,b2d4171a293d60f01c5a8f2b38904a2d93fa3f11f76585f82c3f2deedee445ad,7a02300a6f121a1b2322172a3232153a,,,,,False,,,,,,,,,,False,False
/poketool/personal/wotbl.narc,/poketool/personal/wotbl.narc!/member_00464,0,/poketool/personal/wotbl.narc,328,464,,17668,17704,13608,13644,36,3b8384f550d518c71f4f1a03d5df3aa831f9a81dc1ab07268672c2fa6a0db32a,8e031e02270217021f0217121f1ab82a,,,,,False,,,,,,,,,,False,False
/poketool/personal/wotbl.narc,/poketool/personal/wotbl.narc!/member_00465,0,/poketool/personal/wotbl.narc,328,465,,17704,17744,13644,13684,40,54d0f6ca71b24985d73a6c2052c9c944754e230e14f16313e6a21e3b18c2ae05,130384024f0a47104a184d1e1626142c,,,,,False,,,,,,,,,,False,False
/poketool/personal/wotbl.narc,/poketool/personal/wotbl.narc!/member_00466,0,/poketool/personal/wotbl.narc,328,466,,17744,17780,13684,13720,36,7ab57431947fcdbd29df2c5b2c80c27ccb26d6bf3909f85df87cee04fe766b02,070262022b0254024302540e43148120,,,,,False,,,,,,,,,,False,False
/poketool/personal/wotbl.narc,/poketool/personal/wotbl.narc!/member_00467,0,/poketool/personal/wotbl.narc,328,467,,17780,17816,13720,13756,36,6efa3720b1f1c0ae7ff317d3ea4fdb6812388ead97db0bfa4c72cf7f4a9c61a1,09027b022b0234026c02340e6c14b920,,,,,False,,,,,,,,,,False,False
/poketool/personal/wotbl.narc,/poketool/personal/wotbl.narc!/member_00468,0,/poketool/personal/wotbl.narc,328,468,,17816,17828,13756,13768,12,417b6b27cbdda608457a8edbec20f70c2a5436a5516793d0b88e25c21782f034,8f02f5028c039303ffff0000,,,,,False,,,,,,,,,,False,False
/poketool/personal/wotbl.narc,/poketool/personal/wotbl.narc!/member_00469,0,/poketool/personal/wotbl.narc,328,469,,17828,17868,13768,13808,40,350f9b54de595cbc235302127e0f8cae6171797d36662b455417c97e90fdc42e,9003c2032102c10262026802620c6816,,,,,False,,,,,,,,,,False,False
/poketool/personal/wotbl.narc,/poketool/personal/wotbl.narc!/member_00470,0,/poketool/personal/wotbl.narc,328,470,,17868,17896,13808,13836,28,9463446fbbfa2007f3869fdc0d0ddbaa68aba041f2bb77b8d543ccccd2dc911c,210227020e031c104b1e622ceb3a5949,,,,,False,,,,,,,,,,False,False
/poketool/personal/wotbl.narc,/poketool/personal/wotbl.narc!/member_00471,0,/poketool/personal/wotbl.narc,328,471,,17896,17924,13836,13864,28,21b8cc48e90d45bb1dc07770309235d2e5957e79e20985603054a97a20577dc0,210227020e031c10c41e622c2c3aa449,,,,,False,,,,,,,,,,False,False
/poketool/personal/wotbl.narc,/poketool/personal/wotbl.narc!/member_00472,0,/poketool/personal/wotbl.narc,328,472,,17924,17964,13864,13904,40,fa9aca5dbeb9d5fe7fef31fa370864bd121420157722c09c857e9a56aa4a9f05,a603a703a8038e031c026a021a031c0a,,,,,False,,,,,,,,,,False,False
/poketool/personal/wotbl.narc,/poketool/personal/wotbl.narc!/member_00473,0,/poketool/personal/wotbl.narc,328,473,,17964,18004,13904,13944,40,f8fb805e0173e7755ddc04d9c72dd9dee92ccb65e257907516dae1fc40e541cb,f60240023c032c03b5022c09b510bd1a,,,,,False,,,,,,,,,,False,False
/poketool/personal/wotbl.narc,/poketool/personal/wotbl.narc!/member_00474,0,/poketool/personal/wotbl.narc,328,474,,18004,18040,13944,13980,36,e49a398de666140368ccfc16a030d17e6975682c28c255eca0e1ba207c5dbc63,b103b0022102a002a1033c0e61186924,,,,,False,,,,,,,,,,False,False
/poketool/personal/wotbl.narc,/poketool/personal/wotbl.narc!/member_00475,0,/poketool/personal/wotbl.narc,328,475,,18040,18080,13980,14020,40,8a4ab29e74cf02f8059b6c22a346eb08054dcc14425b3fad20d902e7ebf5f44a,5c0390032b025d02680264025d0c6814,,,,,False,,,,,,,,,,False,False
/poketool/personal/wotbl.narc,/poketool/personal/wotbl.narc!/member_00476,0,/poketool/personal/wotbl.narc,328,476,,18080,18120,14020,14060,40,04d8bb880918c5555104c867aba52919b4ec475a254eb1f87975645660a97e66,8903640321024e03bb034f034e0fbb1b,,,,,False,,,,,,,,,,False,False
/poketool/personal/wotbl.narc,/poketool/personal/wotbl.narc!/member_00477,0,/poketool/personal/wotbl.narc,328,477,,18120,18164,14060,14104,44,6d0611e034df0fdd1ed6e32b673e78f368379cded545cce01dd7373ebf750070,070208020902640314022b0265023202,,,,,False,,,,,,,,,,False,False
/poketool/personal/wotbl.narc,/poketool/personal/wotbl.narc!/member_00478,0,/poketool/personal/wotbl.narc,328,478,,18164,18196,14104,14136,32,07f3659843e4bfa40bf391c33dc4f8e4ab7401bdfe7712b3f9de7187ebab81e8,b5022b026802360368083615c41a6d26,,,,,False,,,,,,,,,,False,False
/poketool/personal/wotbl.narc,/poketool/personal/wotbl.narc!/member_00479,0,/poketool/personal/wotbl.narc,328,479,,18196,18224,14136,14164,28,30ed0739314f468b442a28b5eac8ba068eefc46ef473fa898fa7f9fbd89304ac,0f033603560254026d02fd10681e5f2d,,,,,False,,,,,,,,,,False,False
/poketool/personal/wotbl.narc,/poketool/personal/wotbl.narc!/member_00480,0,/poketool/personal/wotbl.narc,328,480,,18224,18248,14164,14188,24,b63d98508459a09a7eba54ba132dfca854d0992a29b0344d8d37cfa09322b4e0,9c021e0dcb205d2a193ff848855c4667,,,,,False,,,,,,,,,,False,False
/poketool/personal/wotbl.narc,/poketool/personal/wotbl.narc!/member_00481,0,/poketool/personal/wotbl.narc,328,481,,18248,18272,14188,14212,24,c1bcd4b0389ee4bc1739ad6fd05f237b0dee460cd53682b94b471935850a6ce8,9c021e0db6205d2a7d3ff848cc5c4667,,,,,False,,,,,,,,,,False,False
/poketool/personal/wotbl.narc,/poketool/personal/wotbl.narc!/member_00482,0,/poketool/personal/wotbl.narc,328,482,,18272,18296,14212,14236,24,39aad25edc76a54cd8d7bf0b85bd490cf3ba3bb26d090c478fe58ae4d04c1ae0,9c021e0dc5205d2afd3ef848a15d4667,,,,,False,,,,,,,,,,False,False
/poketool/personal/wotbl.narc,/poketool/personal/wotbl.narc!/member_00483,0,/poketool/personal/wotbl.narc,328,483,,18296,18320,14236,14260,24,df5271f5de4f39f6a76c15bc8bd7effb13a29302cad278582a99b99764229522,e102b802e814f628513dcb5179659e79,,,,,False,,,,,,,,,,False,False
/poketool/personal/wotbl.narc,/poketool/personal/wotbl.narc!/member_00484,0,/poketool/personal/wotbl.narc,328,484,,18320,18344,14260,14284,24,efbea8602cd44a8287dfadeae07d2a7b468251058b7ea0ca48d3b082495e5c0b,e102b8026015f628513dcc5179659e79,,,,,False,,,,,,,,,,False,False
/poketool/personal/wotbl.narc,/poketool/personal/wotbl.narc!/member_00485,0,/poketool/personal/wotbl.narc,328,485,,18344,18372,14284,14312,28,d8dbb6d479bdcf00b8cf0d1d2b8d28e405f59442c68855220cef0888906ee390,f6022b12a8233f33f242b852b4635372,,,,,False,,,,,,,,,,False,False
/poketool/personal/wotbl.narc,/poketool/personal/wotbl.narc!/member_00486,0,/poketool/personal/wotbl.narc,328,486,,18372,18396,14312,14336,24,46c588d7c4f633ee45428002189fece62598c1cd2722acadaa78705f2572e7a7,07020802090205021a036d0217021433,,,,,False,,,,,,,,,,False,False
/poketool/personal/wotbl.narc,/poketool/personal/wotbl.narc!/member_00487,0,/poketool/personal/wotbl.narc,328,487,,18396,18420,14336,14360,24,709eb96f0dc5fe3c77ba559d56627c7420d507352c429db83622e435946de3db,e102b802d215f628513dd35179659e79,,,,,False,,,,,,,,,,False,False
/poketool/personal/wotbl.narc,/poketool/personal/wotbl.narc!/member_00488,0,/poketool/personal/wotbl.narc,328,488,,18420,18448,14360,14388,28,c67696baef45b0bfed503064a67fbccadb75befce3d55bda70e90a36398fa47d,5d026802db1636283e3af84ca35eec72,,,,,False,,,,,,,,,,False,False
/poketool/personal/wotbl.narc,/poketool/personal/wotbl.narc!/member_00489,0,/poketool/personal/wotbl.narc,328,489,,18448,18472,14388,14412,24,fbb1973c2d1d966550ff01c1f6727b1ae1b055eaebf780a0ceb44d470d3c35f3,91025a03cc1230203d30973efa4e605d,,,,,False,,,,,,,,,,False,False
/poketool/personal/wotbl.narc,/poketool/personal/wotbl.narc!/member_00490,0,/poketool/personal/wotbl.narc,328,490,,18472,18500,14412,14440,28,b81527901f21d7ad1f22b8756e689b2870fed3befb413648aad6b7232b8e501e,260391025a03cc1230203d30973efa4e,,,,,False,,,,,,,,,,False,False
/poketool/personal/wotbl.narc,/poketool/personal/wotbl.narc!/member_00491,0,/poketool/personal/wotbl.narc,328,491,,18500,18528,14440,14468,28,46aa5494af8ae4132352376ac6accd32840f67375ae2f2abfd26c33b220003db,6502320262165f28e43aab4c685e7272,,,,,False,,,,,,,,,,False,False
/poketool/personal/wotbl.narc,/poketool/personal/wotbl.narc!/member_00492,0,/poketool/personal/wotbl.narc,328,492,,18528,18556,14468,14496,28,a3ab65a92cc62b837bd1b8299c094b8754e68327f72e24dce63c515d03e03f33,6f0259154926eb38e64a6b5d846f3881,,,,,False,,,,,,,,,,False,False
/poketool/personal/wotbl.narc,/poketool/personal/wotbl.narc!/member_00493,0,/poketool/personal/wotbl.narc,328,493,,18556,18588,14496,14528,32,01dad40be31415c23bca9c3502d7adc055d2d21533df1b80350705ab00b10a5d,450242036b03820364159e29303df550,,,,,False,,,,,,,,,,False,False
/poketool/personal/wotbl.narc,/poketool/personal/wotbl.narc!/member_00494,0,/poketool/personal/wotbl.narc,328,494,,18588,18592,14528,14532,4,b88b29845beaa8ea11baf6e87ba94fc85478df5881b2e5e8f7f4c9c6e9654c51,9602ffff,,,,,False,,,,,,,,,,False,False
/poketool/personal/wotbl.narc,/poketool/personal/wotbl.narc!/member_00495,0,/poketool/personal/wotbl.narc,328,495,,18592,18596,14532,14536,4,b88b29845beaa8ea11baf6e87ba94fc85478df5881b2e5e8f7f4c9c6e9654c51,9602ffff,,,,,False,,,,,,,,,,False,False
/poketool/personal/wotbl.narc,/poketool/personal/wotbl.narc!/member_00496,0,/poketool/personal/wotbl.narc,328,496,,18596,18628,14536,14568,32,2e8614ab85e54a531e82fcb78ea525bed375189b87c13434b6a2d3d879c70d02,2b022302651264220d33e4425e521463,,,,,False,,,,,,,,,,False,False
/poketool/personal/wotbl.narc,/poketool/personal/wotbl.narc!/member_00497,0,/poketool/personal/wotbl.narc,328,497,,18628,18664,14568,14604,36,041de5a0509c56ae58798b9ee8b0d7db5f023b0fe9a514d0b420e123c02466df,2b022302651264221a33bf425e522163,,,,,False,,,,,,,,,,False,False
/poketool/personal/wotbl.narc,/poketool/personal/wotbl.narc!/member_00498,0,/poketool/personal/wotbl.narc,328,498,,18664,18696,14604,14636,32,401ab59afda1ebac73d60dffa9bf07ed690808bb021e1032fbbabe4bc39da0cc,2b022302651268221a33e4425e528162,,,,,False,,,,,,,,,,False,False
/poketool/personal/wotbl.narc,/poketool/personal/wotbl.narc!/member_00499,0,/poketool/personal/wotbl.narc,328,499,,18696,18724,14636,14664,28,963e653cc282bf8ab4fda148027801eca050a0b21cb246e59f8b40bd80fe5c57,2102b614ed285d2e5e356a3a3c40bd47,,,,,False,,,,,,,,,,False,False
/poketool/personal/wotbl.narc,/poketool/personal/wotbl.narc!/member_00500,0,/poketool/personal/wotbl.narc,328,500,,18724,18752,14664,14692,28,57a2891c1f8b367b5e0882d6d88fd768d377c3bbff15c2bd3f13b5912ef0bdcb,2102b614ed285d2ead353f3b3c40bd47,,,,,False,,,,,,,,,,False,False
/poketool/pokeanm/pokeanm.narc,/poketool/pokeanm/pokeanm.narc!/member_00000,0,/poketool/pokeanm/pokeanm.narc,329,0,,60,13892,0,13832,13832,34e082a85abbaa0d6bd2014e157e766ae9949812b61e59a616151f4b4b442b5e,0000000000000000ff00ff00ff00ff00,,,,,False,,,,,,,,,,False,False
/poketool/pokefoot/pokefoot.narc,/poketool/pokefoot/pokefoot.narc!/member_00000,0,/poketool/pokefoot/pokefoot.narc,330,0,,4028,4580,0,552,552,ec16358257ea3a53defa38bf0c7562cc0d0d606d9c0ac1948c292670d3565c4a,524c434efffe00012802000010000100,,NCLR palette,Confirmed,True,False,,,,,,,,,,False,False
/poketool/pokefoot/pokefoot.narc,/poketool/pokefoot/pokefoot.narc!/member_00001,0,/poketool/pokefoot/pokefoot.narc,330,1,,4580,4669,552,641,89,a0b2f2d152c11df428055b6857537241ba3f6eb3d577800c235d80e407b8452e,106f000000524e414efffe0001006f00,,Nintendo LZ10,Probable,,True,Nintendo LZ10,Confirmed,True,111,True,111,30249884bd91f10bc9d4e13e7b1495f09991b6f488405a0cdbb61cfb402d10ca,NANR animation,Confirmed,False,False
/poketool/pokefoot/pokefoot.narc,/poketool/pokefoot/pokefoot.narc!/member_00002,0,/poketool/pokefoot/pokefoot.narc,330,2,,4672,4757,644,729,85,4d98f65e94d8126654d74557c62135f90fd1d82bd03b49acefd57f592488345c,10670000005245434efffe0001006700,,Nintendo LZ10,Probable,,True,Nintendo LZ10,Confirmed,True,103,True,103,a54c13b838f3db59466b275179175cebb59dcac62031e8587e02d55e77dca778,NCER cell,Confirmed,False,False
/poketool/pokefoot/pokefoot.narc,/poketool/pokefoot/pokefoot.narc!/member_00003,0,/poketool/pokefoot/pokefoot.narc,330,3,,4760,4872,732,844,112,558d0ea1ad4a94f5e1a27dd650cdd20433f0e3dd929f2ff0a971d892f73fec2a,10300100005247434efffe0101003001,,Nintendo LZ10,Probable,,True,Nintendo LZ10,Confirmed,True,304,True,304,2bd5551de08eacb02fc247fd4e1ef26c784298dd4ef0d61c06d11f3f8eef1076,NCGR graphics,Confirmed,False,False
/poketool/pokefoot/pokefoot.narc,/poketool/pokefoot/pokefoot.narc!/member_00004,0,/poketool/pokefoot/pokefoot.narc,330,4,,4872,4984,844,956,112,558d0ea1ad4a94f5e1a27dd650cdd20433f0e3dd929f2ff0a971d892f73fec2a,10300100005247434efffe0101003001,,Nintendo LZ10,Probable,,True,Nintendo LZ10,Confirmed,True,304,True,304,2bd5551de08eacb02fc247fd4e1ef26c784298dd4ef0d61c06d11f3f8eef1076,NCGR graphics,Confirmed,False,False
/poketool/pokefoot/pokefoot.narc,/poketool/pokefoot/pokefoot.narc!/member_00005,0,/poketool/pokefoot/pokefoot.narc,330,5,,4984,5107,956,1079,123,b65753a2410c7fa154e30586ffdd4e1b82aa1a82bc362c4bf5584f89f59958a7,10300100005247434efffe0101003001,,Nintendo LZ10,Probable,,True,Nintendo LZ10,Confirmed,True,304,True,304,f8ae0c1aac890e584af38a87cb92e46ec445261a85c0a73c2ec5f8c1acb504df,NCGR graphics,Confirmed,False,False
/poketool/pokefoot/pokefoot.narc,/poketool/pokefoot/pokefoot.narc!/member_00006,0,/poketool/pokefoot/pokefoot.narc,330,6,,5108,5236,1080,1208,128,7ae53f997850ffdbb093c0e7d3e9204899e863ec9f5091d52adc06620535cfb2,10300100005247434efffe0101003001,,Nintendo LZ10,Probable,,True,Nintendo LZ10,Confirmed,True,304,True,304,645e1a8e1f2f4a6a4faa2963d018a1b01c68ed6cb254123b458d5b4c11a37a72,NCGR graphics,Confirmed,False,False
/poketool/pokefoot/pokefoot.narc,/poketool/pokefoot/pokefoot.narc!/member_00007,0,/poketool/pokefoot/pokefoot.narc,330,7,,5236,5356,1208,1328,120,b35f5425382feca6845ec4e4c38a94f64c224f4553d3096bc3134f2c37aad293,10300100005247434efffe0101003001,,Nintendo LZ10,Probable,,True,Nintendo LZ10,Confirmed,True,304,True,304,f2940ab7f469fc9e99f8d20e8fcf234479d72d38c5af161841f4fee3ce29824e,NCGR graphics,Confirmed,False,False
/poketool/pokefoot/pokefoot.narc,/poketool/pokefoot/pokefoot.narc!/member_00008,0,/poketool/pokefoot/pokefoot.narc,330,8,,5356,5479,1328,1451,123,237b10fde9294c89d1f135a3e87f9413a0a2b15d2f020feaea8441c84e47b5d1,10300100005247434efffe0101003001,,Nintendo LZ10,Probable,,True,Nintendo LZ10,Confirmed,True,304,True,304,a9303189667a55da12507f9bee5d8d83dac5758406b6990b61cc5da1102aa392,NCGR graphics,Confirmed,False,False
/poketool/pokefoot/pokefoot.narc,/poketool/pokefoot/pokefoot.narc!/member_00009,0,/poketool/pokefoot/pokefoot.narc,330,9,,5480,5605,1452,1577,125,df29e9f46f2cc553b33c7426106337880420be32049d9d3800f59b1942993cdf,10300100005247434efffe0101003001,,Nintendo LZ10,Probable,,True,Nintendo LZ10,Confirmed,True,304,True,304,babc735d2b7e545e3cf5c85a42f753f99bc880a27100aa2722a8ce3e544ab503,NCGR graphics,Confirmed,False,False
/poketool/pokefoot/pokefoot.narc,/poketool/pokefoot/pokefoot.narc!/member_00010,0,/poketool/pokefoot/pokefoot.narc,330,10,,5608,5719,1580,1691,111,665b2703616ce19c097df7cb29a37236a43c14c1cf896c34dcf5bb52e986acdb,10300100005247434efffe0101003001,,Nintendo LZ10,Probable,,True,Nintendo LZ10,Confirmed,True,304,True,304,068fdf34944524b913bd154f838ceabd93ee9194fc1e6fca282250b329aee7c6,NCGR graphics,Confirmed,False,False
/poketool/pokefoot/pokefoot.narc,/poketool/pokefoot/pokefoot.narc!/member_00011,0,/poketool/pokefoot/pokefoot.narc,330,11,,5720,5841,1692,1813,121,a3578ffac02bc2628cabc1868e88c1138f8d9c0d6831e86f6bc0ecf4328c2a75,10300100005247434efffe0101003001,,Nintendo LZ10,Probable,,True,Nintendo LZ10,Confirmed,True,304,True,304,a9f7d2e214c182cf8f5f098772190db172df290e68f1fa3bcebf5f306a2ce073,NCGR graphics,Confirmed,False,False
/poketool/pokefoot/pokefoot.narc,/poketool/pokefoot/pokefoot.narc!/member_00012,0,/poketool/pokefoot/pokefoot.narc,330,12,,5844,5968,1816,1940,124,bc52e6f93e037f86cdcf652597bb18a9fe6325e59a795c130e25c6fc064dcd0c,10300100005247434efffe0101003001,,Nintendo LZ10,Probable,,True,Nintendo LZ10,Confirmed,True,304,True,304,a9c0b0e1412c60f009b304d811651d891366139c0967e73d4dab58b284cb8441,NCGR graphics,Confirmed,False,False
/poketool/pokefoot/pokefoot.narc,/poketool/pokefoot/pokefoot.narc!/member_00013,0,/poketool/pokefoot/pokefoot.narc,330,13,,5968,6068,1940,2040,100,29c6be4ce1eb2f2a31e10fe226b4c324fe8041c6c1c13f21b91728f08569699e,10300100005247434efffe0101003001,,Nintendo LZ10,Probable,,True,Nintendo LZ10,Confirmed,True,304,True,304,0e65f233afb1e6d33d1897c3bc41dd2cbc5660de15d9024231e23d76ec554020,NCGR graphics,Confirmed,False,False
/poketool/pokefoot/pokefoot.narc,/poketool/pokefoot/pokefoot.narc!/member_00014,0,/poketool/pokefoot/pokefoot.narc,330,14,,6068,6154,2040,2126,86,6a28fda8695aa1a32605f7d868b9ce025f3206b9c6d9055b34250b89d804f8ac,10300100005247434efffe0101003001,,Nintendo LZ10,Probable,,True,Nintendo LZ10,Confirmed,True,304,True,304,b6be6c4e729698ddfcc8b063f20aa90025238a774377a2da2cfc37b4d6bfd985,NCGR graphics,Confirmed,False,False
/poketool/pokefoot/pokefoot.narc,/poketool/pokefoot/pokefoot.narc!/member_00015,0,/poketool/pokefoot/pokefoot.narc,330,15,,6156,6266,2128,2238,110,fdef328d9a9d78f5ac65175dab7ccab22a242bacea811cdbd96dfca10ae8c1ab,10300100005247434efffe0101003001,,Nintendo LZ10,Probable,,True,Nintendo LZ10,Confirmed,True,304,True,304,b4600d7ff9c09914b838b3d2920e8bf1a91947299d93a9bb2ce93c81bff367fe,NCGR graphics,Confirmed,False,False
/poketool/pokefoot/pokefoot.narc,/poketool/pokefoot/pokefoot.narc!/member_00016,0,/poketool/pokefoot/pokefoot.narc,330,16,,6268,6368,2240,2340,100,29c6be4ce1eb2f2a31e10fe226b4c324fe8041c6c1c13f21b91728f08569699e,10300100005247434efffe0101003001,,Nintendo LZ10,Probable,,True,Nintendo LZ10,Confirmed,True,304,True,304,0e65f233afb1e6d33d1897c3bc41dd2cbc5660de15d9024231e23d76ec554020,NCGR graphics,Confirmed,False,False
/poketool/pokefoot/pokefoot.narc,/poketool/pokefoot/pokefoot.narc!/member_00017,0,/poketool/pokefoot/pokefoot.narc,330,17,,6368,6454,2340,2426,86,6a28fda8695aa1a32605f7d868b9ce025f3206b9c6d9055b34250b89d804f8ac,10300100005247434efffe0101003001,,Nintendo LZ10,Probable,,True,Nintendo LZ10,Confirmed,True,304,True,304,b6be6c4e729698ddfcc8b063f20aa90025238a774377a2da2cfc37b4d6bfd985,NCGR graphics,Confirmed,False,False
/poketool/pokefoot/pokefoot.narc,/poketool/pokefoot/pokefoot.narc!/member_00018,0,/poketool/pokefoot/pokefoot.narc,330,18,,6456,6556,2428,2528,100,2fcaf329adfbc673d418a0f2ee941cff3f536cd037555e061adce69c60178e3b,10300100005247434efffe0101003001,,Nintendo LZ10,Probable,,True,Nintendo LZ10,Confirmed,True,304,True,304,4775cf658c7a9f8afe02bf693edf8548e6360b6489c209f773c4bf7971de8897,NCGR graphics,Confirmed,False,False
/poketool/pokefoot/pokefoot.narc,/poketool/pokefoot/pokefoot.narc!/member_00019,0,/poketool/pokefoot/pokefoot.narc,330,19,,6556,6670,2528,2642,114,67079a5e883fa40571943624e7cd24db6e58ce2d22b401fe2ba081f4b72a0081,10300100005247434efffe0101003001,,Nintendo LZ10,Probable,,True,Nintendo LZ10,Confirmed,True,304,True,304,5fc43168f7e9a662c94c817d1b1e5c67870fe0d8bdd32349401faf2cb3b370b6,NCGR graphics,Confirmed,False,False
/poketool/pokefoot/pokefoot.narc,/poketool/pokefoot/pokefoot.narc!/member_00020,0,/poketool/pokefoot/pokefoot.narc,330,20,,6672,6790,2644,2762,118,ea74f350924c29a2d9e2f9900faddfe2ad5b169004a7b90e9f2396fe1ef12f20,10300100005247434efffe0101003001,,Nintendo LZ10,Probable,,True,Nintendo LZ10,Confirmed,True,304,True,304,19117ca76ed899819b31663f09bdea6d2b5a0f9e89910d0ca82b1f42896d6b6b,NCGR graphics,Confirmed,False,False
/poketool/pokefoot/pokefoot.narc,/poketool/pokefoot/pokefoot.narc!/member_00021,0,/poketool/pokefoot/pokefoot.narc,330,21,,6792,6921,2764,2893,129,5f2ff59962d27bedd213e6f13c8e65b12692326c2c482b13b3c71cc82a1235ff,10300100005247434efffe0101003001,,Nintendo LZ10,Probable,,True,Nintendo LZ10,Confirmed,True,304,True,304,ecbbd46095ebf84ef37220470694a17d6b741e17fd758fdf3a47acd59b0de919,NCGR graphics,Confirmed,False,False
/poketool/pokefoot/pokefoot.narc,/poketool/pokefoot/pokefoot.narc!/member_00022,0,/poketool/pokefoot/pokefoot.narc,330,22,,6924,7024,2896,2996,100,f34fcedafe6b50a968a9a255992864ec255e5176569f1339fc3e56d6aa881975,10300100005247434efffe0101003001,,Nintendo LZ10,Probable,,True,Nintendo LZ10,Confirmed,True,304,True,304,05b288b68250ba9f23427363798bd68120a6defde0c1208e40dabd510d885281,NCGR graphics,Confirmed,False,False
/poketool/pokefoot/pokefoot.narc,/poketool/pokefoot/pokefoot.narc!/member_00023,0,/poketool/pokefoot/pokefoot.narc,330,23,,7024,7142,2996,3114,118,05771fae13da92bd8bbcc4f2612d25e0db44af9e223b4d36d41a81abcc5a9fdb,10300100005247434efffe0101003001,,Nintendo LZ10,Probable,,True,Nintendo LZ10,Confirmed,True,304,True,304,4c75d2bed26da8f2aa3df8357a34d93a54f9148f6fd219836ce114f1e2b26437,NCGR graphics,Confirmed,False,False
/poketool/pokefoot/pokefoot.narc,/poketool/pokefoot/pokefoot.narc!/member_00024,0,/poketool/pokefoot/pokefoot.narc,330,24,,7144,7258,3116,3230,114,67079a5e883fa40571943624e7cd24db6e58ce2d22b401fe2ba081f4b72a0081,10300100005247434efffe0101003001,,Nintendo LZ10,Probable,,True,Nintendo LZ10,Confirmed,True,304,True,304,5fc43168f7e9a662c94c817d1b1e5c67870fe0d8bdd32349401faf2cb3b370b6,NCGR graphics,Confirmed,False,False
/poketool/pokefoot/pokefoot.narc,/poketool/pokefoot/pokefoot.narc!/member_00025,0,/poketool/pokefoot/pokefoot.narc,330,25,,7260,7388,3232,3360,128,fb49f0d37863726368355dc7f684671ac3b7995dde049f668dd72c864649ca03,10300100005247434efffe0101003001,,Nintendo LZ10,Probable,,True,Nintendo LZ10,Confirmed,True,304,True,304,947263378c44f3d6402ebfd271f2d8410de003eab9a767e451de7a0e33a41e7a,NCGR graphics,Confirmed,False,False
/poketool/pokefoot/pokefoot.narc,/poketool/pokefoot/pokefoot.narc!/member_00026,0,/poketool/pokefoot/pokefoot.narc,330,26,,7388,7474,3360,3446,86,6a28fda8695aa1a32605f7d868b9ce025f3206b9c6d9055b34250b89d804f8ac,10300100005247434efffe0101003001,,Nintendo LZ10,Probable,,True,Nintendo LZ10,Confirmed,True,304,True,304,b6be6c4e729698ddfcc8b063f20aa90025238a774377a2da2cfc37b4d6bfd985,NCGR graphics,Confirmed,False,False
/poketool/pokefoot/pokefoot.narc,/poketool/pokefoot/pokefoot.narc!/member_00027,0,/poketool/pokefoot/pokefoot.narc,330,27,,7476,7562,3448,3534,86,6a28fda8695aa1a32605f7d868b9ce025f3206b9c6d9055b34250b89d804f8ac,10300100005247434efffe0101003001,,Nintendo LZ10,Probable,,True,Nintendo LZ10,Confirmed,True,304,True,304,b6be6c4e729698ddfcc8b063f20aa90025238a774377a2da2cfc37b4d6bfd985,NCGR graphics,Confirmed,False,False
/poketool/pokefoot/pokefoot.narc,/poketool/pokefoot/pokefoot.narc!/member_00028,0,/poketool/pokefoot/pokefoot.narc,330,28,,7564,7664,3536,3636,100,e58872885270539c702031dad57e1284eca9e3a1bc34b4e8e2f80330bc15f10a,10300100005247434efffe0101003001,,Nintendo LZ10,Probable,,True,Nintendo LZ10,Confirmed,True,304,True,304,4640393d93a44df8ea73a7f5dcedfcc73050cea8ea6853d2fec8326d31d1d11f,NCGR graphics,Confirmed,False,False
/poketool/pokefoot/pokefoot.narc,/poketool/pokefoot/pokefoot.narc!/member_00029,0,/poketool/pokefoot/pokefoot.narc,330,29,,7664,7777,3636,3749,113,19edfb7ab158dd3300b03ef10c3071792f13b6a938c193846c8dc3ce20d969cd,10300100005247434efffe0101003001,,Nintendo LZ10,Probable,,True,Nintendo LZ10,Confirmed,True,304,True,304,8185d5ce1c906fd438f78824eba93d5dd05a1c6401715640359c3f9977287614,NCGR graphics,Confirmed,False,False
/poketool/pokefoot/pokefoot.narc,/poketool/pokefoot/pokefoot.narc!/member_00030,0,/poketool/pokefoot/pokefoot.narc,330,30,,7780,7891,3752,3863,111,0e457d51a87175a274ea3d95979b05b59c358c9013403f64d438f7eb3a128bb0,10300100005247434efffe0101003001,,Nintendo LZ10,Probable,,True,Nintendo LZ10,Confirmed,True,304,True,304,c98d6e0f9c83669f03e2ff73fc24211e8ed849da54fd08956f7a98e989bf4ace,NCGR graphics,Confirmed,False,False
/poketool/pokefoot/pokefoot.narc,/poketool/pokefoot/pokefoot.narc!/member_00031,0,/poketool/pokefoot/pokefoot.narc,330,31,,7892,8006,3864,3978,114,920cdb59e5d318df96937ef2e653da4bdc84a95d8fbc1eb49f1aa82d5410d059,10300100005247434efffe0101003001,,Nintendo LZ10,Probable,,True,Nintendo LZ10,Confirmed,True,304,True,304,1b60b4d4eea2ad5fd114e2560240faa19182c4efb0a411875ade6252a8e725f3,NCGR graphics,Confirmed,False,False
/poketool/pokefoot/pokefoot.narc,/poketool/pokefoot/pokefoot.narc!/member_00032,0,/poketool/pokefoot/pokefoot.narc,330,32,,8008,8118,3980,4090,110,1e7f9cdd46ea794f3ad62f74d219444bef338b2b5151b10846e4860c803645de,10300100005247434efffe0101003001,,Nintendo LZ10,Probable,,True,Nintendo LZ10,Confirmed,True,304,True,304,cf63c323777a5ee3d3252b80670b31b74b338651ed65f90aa12dec6035b08504,NCGR graphics,Confirmed,False,False
/poketool/pokefoot/pokefoot.narc,/poketool/pokefoot/pokefoot.narc!/member_00033,0,/poketool/pokefoot/pokefoot.narc,330,33,,8120,8243,4092,4215,123,f7dac4a7f7c8e98dd2432d8786ff10065ff120e8371bda4108aa1e606528d615,10300100005247434efffe0101003001,,Nintendo LZ10,Probable,,True,Nintendo LZ10,Confirmed,True,304,True,304,fa1af8adf784300958d92a887305e954f7af60e8b01dbfaebd0f2a81b62dcc25,NCGR graphics,Confirmed,False,False
/poketool/pokefoot/pokefoot.narc,/poketool/pokefoot/pokefoot.narc!/member_00034,0,/poketool/pokefoot/pokefoot.narc,330,34,,8244,8373,4216,4345,129,b2f428f951803be8b04e1a812c3780cca24c1e551a0e4e01ddae47be4dd55565,10300100005247434efffe0101003001,,Nintendo LZ10,Probable,,True,Nintendo LZ10,Confirmed,True,304,True,304,d304a71485ad9ebf120168b28c7666866a35ec83303655b0b8821c861feb3993,NCGR graphics,Confirmed,False,False
/poketool/pokefoot/pokefoot.narc,/poketool/pokefoot/pokefoot.narc!/member_00035,0,/poketool/pokefoot/pokefoot.narc,330,35,,8376,8490,4348,4462,114,22c727c377a609f5dcc6b37f8034fa953301392b33b5de155ce69d0fb70f7d65,10300100005247434efffe0101003001,,Nintendo LZ10,Probable,,True,Nintendo LZ10,Confirmed,True,304,True,304,6b1bf6012a23c28f8721c460c30230e5b107002047eab3f79becc2525b4dbd5b,NCGR graphics,Confirmed,False,False
/poketool/pokefoot/pokefoot.narc,/poketool/pokefoot/pokefoot.narc!/member_00036,0,/poketool/pokefoot/pokefoot.narc,330,36,,8492,8615,4464,4587,123,f50efac9cf413c5c510b84d3190bc3ce2f8e0c2a126add2b7247555e07565e1d,10300100005247434efffe0101003001,,Nintendo LZ10,Probable,,True,Nintendo LZ10,Confirmed,True,304,True,304,f2d8ab8db86477396ff7ec1d835a48c617d1d8df21a603715ff100f182b06136,NCGR graphics,Confirmed,False,False
/poketool/pokefoot/pokefoot.narc,/poketool/pokefoot/pokefoot.narc!/member_00037,0,/poketool/pokefoot/pokefoot.narc,330,37,,8616,8742,4588,4714,126,d3c6ea4afde20251566f5038e8211c3bfd67ed96fc5d4d3269ba3f48c179406f,10300100005247434efffe0101003001,,Nintendo LZ10,Probable,,True,Nintendo LZ10,Confirmed,True,304,True,304,cb795ac8a9ca55498186ddb3da1478669ab8e608e11553edf79f43c03b117583,NCGR graphics,Confirmed,False,False
/poketool/pokefoot/pokefoot.narc,/poketool/pokefoot/pokefoot.narc!/member_00038,0,/poketool/pokefoot/pokefoot.narc,330,38,,8744,8847,4716,4819,103,29322cb8e8ba3487520b7f1bdcd723b08d0d079c3310927d4664710798b0b223,10300100005247434efffe0101003001,,Nintendo LZ10,Probable,,True,Nintendo LZ10,Confirmed,True,304,True,304,dd92dcc62260d0c22a749bf15c4dc8beeaf738747bcd6f2d372b9e92a82b0e40,NCGR graphics,Confirmed,False,False
/poketool/pokefoot/pokefoot.narc,/poketool/pokefoot/pokefoot.narc!/member_00039,0,/poketool/pokefoot/pokefoot.narc,330,39,,8848,8976,4820,4948,128,e8376cd09ddced149f81ebdd2414235eec05678b805af6719c3f8f3ef81292d0,10300100005247434efffe0101003001,,Nintendo LZ10,Probable,,True,Nintendo LZ10,Confirmed,True,304,True,304,f329ddfb09e088ee4dd7d6e8997af0b7309607908eec7086b071e446121bb534,NCGR graphics,Confirmed,False,False
/poketool/pokefoot/pokefoot.narc,/poketool/pokefoot/pokefoot.narc!/member_00040,0,/poketool/pokefoot/pokefoot.narc,330,40,,8976,9097,4948,5069,121,76cfd8560957f3abfbab22412aa440c67831873ebc2614442c361b55c117df3f,10300100005247434efffe0101003001,,Nintendo LZ10,Probable,,True,Nintendo LZ10,Confirmed,True,304,True,304,b9a6b128e8dd5ac854fe2162ae8466847704ab6480544fbde26b65c5d0488293,NCGR graphics,Confirmed,False,False
/poketool/pokefoot/pokefoot.narc,/poketool/pokefoot/pokefoot.narc!/member_00041,0,/poketool/pokefoot/pokefoot.narc,330,41,,9100,9221,5072,5193,121,5e54389def0227c4ec0aaff3fe52c5422697e9d4d030da702f885bcbf9c4a1fa,10300100005247434efffe0101003001,,Nintendo LZ10,Probable,,True,Nintendo LZ10,Confirmed,True,304,True,304,7a2618b5bc207ba5d1da65d5bb5c019701fccb35d6895ae4768cad9578197e20,NCGR graphics,Confirmed,False,False
/poketool/pokefoot/pokefoot.narc,/poketool/pokefoot/pokefoot.narc!/member_00042,0,/poketool/pokefoot/pokefoot.narc,330,42,,9224,9326,5196,5298,102,1f3f4dba0b6336e756298425240c4fdcb86b30e2ef1a813286c68b380835a073,10300100005247434efffe0101003001,,Nintendo LZ10,Probable,,True,Nintendo LZ10,Confirmed,True,304,True,304,5cf52a17e43938ae92cb9fa123aa0b5d9459d9ce78ba4e16138d25e65fd08be1,NCGR graphics,Confirmed,False,False
/poketool/pokefoot/pokefoot.narc,/poketool/pokefoot/pokefoot.narc!/member_00043,0,/poketool/pokefoot/pokefoot.narc,330,43,,9328,9435,5300,5407,107,12b0b19adcb16bf2beaf86c72422dcd2789acfeff26f7b588178d6f251c4bfdf,10300100005247434efffe0101003001,,Nintendo LZ10,Probable,,True,Nintendo LZ10,Confirmed,True,304,True,304,10003fccc6d354dc73e5b2f658e462d65e1fb40ea98b71a5747c18b327502d48,NCGR graphics,Confirmed,False,False
/poketool/pokefoot/pokefoot.narc,/poketool/pokefoot/pokefoot.narc!/member_00044,0,/poketool/pokefoot/pokefoot.narc,330,44,,9436,9522,5408,5494,86,6a28fda8695aa1a32605f7d868b9ce025f3206b9c6d9055b34250b89d804f8ac,10300100005247434efffe0101003001,,Nintendo LZ10,Probable,,True,Nintendo LZ10,Confirmed,True,304,True,304,b6be6c4e729698ddfcc8b063f20aa90025238a774377a2da2cfc37b4d6bfd985,NCGR graphics,Confirmed,False,False
/poketool/pokefoot/pokefoot.narc,/poketool/pokefoot/pokefoot.narc!/member_00045,0,/poketool/pokefoot/pokefoot.narc,330,45,,9524,9633,5496,5605,109,17b717514d057b96216b3d47ddb69f968e2217f668fc69b0d2f1e29d825d3526,10300100005247434efffe0101003001,,Nintendo LZ10,Probable,,True,Nintendo LZ10,Confirmed,True,304,True,304,1f6e75a002e035389e7dad611085d06f65b3ad3280d3bda18a7003cfe2976af9,NCGR graphics,Confirmed,False,False
/poketool/pokefoot/pokefoot.narc,/poketool/pokefoot/pokefoot.narc!/member_00046,0,/poketool/pokefoot/pokefoot.narc,330,46,,9636,9732,5608,5704,96,47aab9bcf63e4e1155770d21658afa0b9b1ae336a0848f5abfbfec49fcd60096,10300100005247434efffe0101003001,,Nintendo LZ10,Probable,,True,Nintendo LZ10,Confirmed,True,304,True,304,8b1a065698a7e47d657542cb21b7c5c8fe2e2687bf40e06a16c2831b5c128ce1,NCGR graphics,Confirmed,False,False
/poketool/pokefoot/pokefoot.narc,/poketool/pokefoot/pokefoot.narc!/member_00047,0,/poketool/pokefoot/pokefoot.narc,330,47,,9732,9835,5704,5807,103,8e98f73ec8b276244b257cb32feabedc69df8835d72109e89fa940f6c75a248b,10300100005247434efffe0101003001,,Nintendo LZ10,Probable,,True,Nintendo LZ10,Confirmed,True,304,True,304,43c5d5e32ead772ce27bad5c931b28e6f6a34c7556fb82677e4fbce0f31d1f4b,NCGR graphics,Confirmed,False,False
/poketool/pokefoot/pokefoot.narc,/poketool/pokefoot/pokefoot.narc!/member_00048,0,/poketool/pokefoot/pokefoot.narc,330,48,,9836,9938,5808,5910,102,9f5981454debdf70bf20164aa13a0a37ca9f25b1eb30fd4c20c03bc2edb55332,10300100005247434efffe0101003001,,Nintendo LZ10,Probable,,True,Nintendo LZ10,Confirmed,True,304,True,304,bab1394012e1231b2d6b7e0852af987fb064cb3ef38f1ef21d13b2c380b47d4a,NCGR graphics,Confirmed,False,False
/poketool/pokefoot/pokefoot.narc,/poketool/pokefoot/pokefoot.narc!/member_00049,0,/poketool/pokefoot/pokefoot.narc,330,49,,9940,10038,5912,6010,98,e93bd21eb7ea861eff8dd612145a18216578b8325d6e9751bd4c38ac54a5b668,10300100005247434efffe0101003001,,Nintendo LZ10,Probable,,True,Nintendo LZ10,Confirmed,True,304,True,304,19cc1b0631939f3d7a6fb620ba1998215975b1afacbb74a63a1e256a1b22ee79,NCGR graphics,Confirmed,False,False
/poketool/pokefoot/pokefoot.narc,/poketool/pokefoot/pokefoot.narc!/member_00050,0,/poketool/pokefoot/pokefoot.narc,330,50,,10040,10138,6012,6110,98,6f58c1982ede657c46a3c47eb54309380b3b36898c80ac04bc9dd896d07ea27f,10300100005247434efffe0101003001,,Nintendo LZ10,Probable,,True,Nintendo LZ10,Confirmed,True,304,True,304,724b6e4b9d04f03c848119be3a08999e60cd65bfef25d4e24bb48cf9324ae83b,NCGR graphics,Confirmed,False,False
/poketool/pokefoot/pokefoot.narc,/poketool/pokefoot/pokefoot.narc!/member_00051,0,/poketool/pokefoot/pokefoot.narc,330,51,,10140,10246,6112,6218,106,7e91075186de21a8f76d92287ed0ea7269b54a6b766f2d009fa506ed479610d7,10300100005247434efffe0101003001,,Nintendo LZ10,Probable,,True,Nintendo LZ10,Confirmed,True,304,True,304,72b832b52ee8d80d4712d2ccff78d35d8278655f97c0309ed179cd829b765c38,NCGR graphics,Confirmed,False,False
/poketool/pokefoot/pokefoot.narc,/poketool/pokefoot/pokefoot.narc!/member_00052,0,/poketool/pokefoot/pokefoot.narc,330,52,,10248,10338,6220,6310,90,cea7f21f8eec6fbe5c59ddb53390aae0e4226c5523438e384d19680713358db0,10300100005247434efffe0101003001,,Nintendo LZ10,Probable,,True,Nintendo LZ10,Confirmed,True,304,True,304,0b3c7065e58d167adcfa94442ab6c89da8702969b1c2abe1f00f076e39fec057,NCGR graphics,Confirmed,False,False
/poketool/pokefoot/pokefoot.narc,/poketool/pokefoot/pokefoot.narc!/member_00053,0,/poketool/pokefoot/pokefoot.narc,330,53,,10340,10426,6312,6398,86,6a28fda8695aa1a32605f7d868b9ce025f3206b9c6d9055b34250b89d804f8ac,10300100005247434efffe0101003001,,Nintendo LZ10,Probable,,True,Nintendo LZ10,Confirmed,True,304,True,304,b6be6c4e729698ddfcc8b063f20aa90025238a774377a2da2cfc37b4d6bfd985,NCGR graphics,Confirmed,False,False
/poketool/pokefoot/pokefoot.narc,/poketool/pokefoot/pokefoot.narc!/member_00054,0,/poketool/pokefoot/pokefoot.narc,330,54,,10428,10514,6400,6486,86,6a28fda8695aa1a32605f7d868b9ce025f3206b9c6d9055b34250b89d804f8ac,10300100005247434efffe0101003001,,Nintendo LZ10,Probable,,True,Nintendo LZ10,Confirmed,True,304,True,304,b6be6c4e729698ddfcc8b063f20aa90025238a774377a2da2cfc37b4d6bfd985,NCGR graphics,Confirmed,False,False
/poketool/pokefoot/pokefoot.narc,/poketool/pokefoot/pokefoot.narc!/member_00055,0,/poketool/pokefoot/pokefoot.narc,330,55,,10516,10630,6488,6602,114,846761cb0931d0c3aa1c0219649b4cf7413a04e231df89231db871d3dfbde3fa,10300100005247434efffe0101003001,,Nintendo LZ10,Probable,,True,Nintendo LZ10,Confirmed,True,304,True,304,7a92ebb3758d5fc745df9b1f638a4f5b23d110c5f0c91e1e681345801093e754,NCGR graphics,Confirmed,False,False
/poketool/pokefoot/pokefoot.narc,/poketool/pokefoot/pokefoot.narc!/member_00056,0,/poketool/pokefoot/pokefoot.narc,330,56,,10632,10755,6604,6727,123,44472ab9d2bb1519fd57634a09e27e34fa24df896208585c6c54d10d125dd5bc,10300100005247434efffe0101003001,,Nintendo LZ10,Probable,,True,Nintendo LZ10,Confirmed,True,304,True,304,324c4782a12039de26a8ad144d1def279573e89400e013ecfb5a5093296d06af,NCGR graphics,Confirmed,False,False
/poketool/pokefoot/pokefoot.narc,/poketool/pokefoot/pokefoot.narc!/member_00057,0,/poketool/pokefoot/pokefoot.narc,330,57,,10756,10885,6728,6857,129,991317ffc78a35a84a7c8dfbbb6812ae6a312b5bf00cda596dea547c40e7c66b,10300100005247434efffe0101003001,,Nintendo LZ10,Probable,,True,Nintendo LZ10,Confirmed,True,304,True,304,b62836f5521895b4ae24d1f2186a4419c9b70a9dfc708d6d195c65609d899dfe,NCGR graphics,Confirmed,False,False
/poketool/pokefoot/pokefoot.narc,/poketool/pokefoot/pokefoot.narc!/member_00058,0,/poketool/pokefoot/pokefoot.narc,330,58,,10888,11020,6860,6992,132,235997664eec06e064befe9b4434683c22a2b9acddea9c2fb7e45b7b398bd339,10300100005247434efffe0101003001,,Nintendo LZ10,Probable,,True,Nintendo LZ10,Confirmed,True,304,True,304,d7aa05936e70c3060f227d1b13ab3e61be4d3ba89296595127e12d74dc4285f4,NCGR graphics,Confirmed,False,False
/poketool/pokefoot/pokefoot.narc,/poketool/pokefoot/pokefoot.narc!/member_00059,0,/poketool/pokefoot/pokefoot.narc,330,59,,11020,11137,6992,7109,117,29c6f7422e751bc21901e74f45352bce3bab0992ca102cf3cb757aa80db720ac,10300100005247434efffe0101003001,,Nintendo LZ10,Probable,,True,Nintendo LZ10,Confirmed,True,304,True,304,3556816141739a550b41526267d13f8442d5a7528b4b52c22eb94d99b12112cb,NCGR graphics,Confirmed,False,False
/poketool/pokefoot/pokefoot.narc,/poketool/pokefoot/pokefoot.narc!/member_00060,0,/poketool/pokefoot/pokefoot.narc,330,60,,11140,11257,7112,7229,117,0bb67f1ccd99dabfe1399516730553580056bf3f112ed4be817e46a175011cab,10300100005247434efffe0101003001,,Nintendo LZ10,Probable,,True,Nintendo LZ10,Confirmed,True,304,True,304,b18098f1374fd2eea9c5ef3f4bdd705ee2eac10ff9103013de405af2117d2db4,NCGR graphics,Confirmed,False,False
/poketool/pokefoot/pokefoot.narc,/poketool/pokefoot/pokefoot.narc!/member_00061,0,/poketool/pokefoot/pokefoot.narc,330,61,,11260,11376,7232,7348,116,c5ad925fe21cae32167deafbf2e64acb2f12917bf4d651b88159b90e5efe7fc3,10300100005247434efffe0101003001,,Nintendo LZ10,Probable,,True,Nintendo LZ10,Confirmed,True,304,True,304,578c81e26a2ae1c917cbce56ddd3a95b7a4d854d9cf85ef5eed32ef41f72e848,NCGR graphics,Confirmed,False,False
/poketool/pokefoot/pokefoot.narc,/poketool/pokefoot/pokefoot.narc!/member_00062,0,/poketool/pokefoot/pokefoot.narc,330,62,,11376,11499,7348,7471,123,37fc7835483ae1629970b94c435800426bc4aed648150790b8b3d01ba649ed0d,10300100005247434efffe0101003001,,Nintendo LZ10,Probable,,True,Nintendo LZ10,Confirmed,True,304,True,304,1c04c3d712fe6ce27e72ff7462ca38d442880548336de4108e4506903f18fd14,NCGR graphics,Confirmed,False,False
/poketool/pokefoot/pokefoot.narc,/poketool/pokefoot/pokefoot.narc!/member_00063,0,/poketool/pokefoot/pokefoot.narc,330,63,,11500,11607,7472,7579,107,d50b020d329cd2975a41921167f3dfc46d2421b2eb5eef0589a9c58b25050dff,10300100005247434efffe0101003001,,Nintendo LZ10,Probable,,True,Nintendo LZ10,Confirmed,True,304,True,304,e8ed2cc25785adfff0fcfe08760eee9d2619dd59b331995e3d4981160fb6a8e1,NCGR graphics,Confirmed,False,False
/poketool/pokefoot/pokefoot.narc,/poketool/pokefoot/pokefoot.narc!/member_00064,0,/poketool/pokefoot/pokefoot.narc,330,64,,11608,11716,7580,7688,108,220527ac8b809254fbfd9173d94a94d823aeb27c42e0b05deb86e7b366e9e734,10300100005247434efffe0101003001,,Nintendo LZ10,Probable,,True,Nintendo LZ10,Confirmed,True,304,True,304,5946118893bb86bf8ddbe8ad0f68e721384a0b6cb4fb938005d6b37b6db18c28,NCGR graphics,Confirmed,False,False
/poketool/pokefoot/pokefoot.narc,/poketool/pokefoot/pokefoot.narc!/member_00065,0,/poketool/pokefoot/pokefoot.narc,330,65,,11716,11830,7688,7802,114,02b8f2e6b132488b5770304dc405e03a9b7f93d1203e4bfe39675ac1967e1cb8,10300100005247434efffe0101003001,,Nintendo LZ10,Probable,,True,Nintendo LZ10,Confirmed,True,304,True,304,8d8e5843c6c4da70a1735e82533c9d82b468d1e1bdf1a5572295a71136fe4d37,NCGR graphics,Confirmed,False,False
/poketool/pokefoot/pokefoot.narc,/poketool/pokefoot/pokefoot.narc!/member_00066,0,/poketool/pokefoot/pokefoot.narc,330,66,,11832,11943,7804,7915,111,a84ab2b7440e5aebc669b467096b4079b5f0a303111b8895c6856742a6356ff7,10300100005247434efffe0101003001,,Nintendo LZ10,Probable,,True,Nintendo LZ10,Confirmed,True,304,True,304,fe4f81c60394a73877c0ba4f7cdf9513a13f8e2e036f6d890e69c9ca70d8e3fa,NCGR graphics,Confirmed,False,False
/poketool/pokefoot/pokefoot.narc,/poketool/pokefoot/pokefoot.narc!/member_00067,0,/poketool/pokefoot/pokefoot.narc,330,67,,11944,12068,7916,8040,124,3765db1aa38793369f90d5587aa867238a53b80148b4ee37d8e91958752464d1,10300100005247434efffe0101003001,,Nintendo LZ10,Probable,,True,Nintendo LZ10,Confirmed,True,304,True,304,804b5b4050683793a0687c4305ae6472f4a4286268890eee98a499c3cb2949f9,NCGR graphics,Confirmed,False,False
/poketool/pokefoot/pokefoot.narc,/poketool/pokefoot/pokefoot.narc!/member_00068,0,/poketool/pokefoot/pokefoot.narc,330,68,,12068,12191,8040,8163,123,ab9e9b698dd74b8bcbdfe166425e4d4eb4ba3c8a477b3ebe7f11ffa1e9434483,10300100005247434efffe0101003001,,Nintendo LZ10,Probable,,True,Nintendo LZ10,Confirmed,True,304,True,304,fe2205ba9c7ee60f948e3a76516baa1d0abe63027227e66cb2bf1f1e06f66eca,NCGR graphics,Confirmed,False,False
/poketool/pokefoot/pokefoot.narc,/poketool/pokefoot/pokefoot.narc!/member_00069,0,/poketool/pokefoot/pokefoot.narc,330,69,,12192,12304,8164,8276,112,180b7eba533167fb8c7aea592d59b952734b89d791d0df544c078fa35d95a9b6,10300100005247434efffe0101003001,,Nintendo LZ10,Probable,,True,Nintendo LZ10,Confirmed,True,304,True,304,3ffd4f4cc4c2c99e8e76da2f905cee3eb325f4673ec257c5c2f5d81b4dd23582,NCGR graphics,Confirmed,False,False
/poketool/pokefoot/pokefoot.narc,/poketool/pokefoot/pokefoot.narc!/member_00070,0,/poketool/pokefoot/pokefoot.narc,330,70,,12304,12412,8276,8384,108,9046fd4fb0f7c8d4bbe1ed43f177df17d486b05c6cf7de79f26e462d59b9fbf3,10300100005247434efffe0101003001,,Nintendo LZ10,Probable,,True,Nintendo LZ10,Confirmed,True,304,True,304,3fd0c95772d9ae972f35aafe8145bfc4ca17c224e66c643b8419be46bb470297,NCGR graphics,Confirmed,False,False
/poketool/pokefoot/pokefoot.narc,/poketool/pokefoot/pokefoot.narc!/member_00071,0,/poketool/pokefoot/pokefoot.narc,330,71,,12412,12523,8384,8495,111,371a3389a46fd57842962f551cf879c631f688845fd913b3a13cd31741055657,10300100005247434efffe0101003001,,Nintendo LZ10,Probable,,True,Nintendo LZ10,Confirmed,True,304,True,304,530e77e430c012dea81fab86a3da4a339568212f987e7d96f70d22a7f8ab8538,NCGR graphics,Confirmed,False,False
/poketool/pokefoot/pokefoot.narc,/poketool/pokefoot/pokefoot.narc!/member_00072,0,/poketool/pokefoot/pokefoot.narc,330,72,,12524,12645,8496,8617,121,74dd10b4194868c0b3f3eaf45550ee832073a452da6b0a42bda9d32eba278e60,10300100005247434efffe0101003001,,Nintendo LZ10,Probable,,True,Nintendo LZ10,Confirmed,True,304,True,304,cbb9e4f504ce4e3cf736ecd2b3292e51cb4527252462848107513366c514dc56,NCGR graphics,Confirmed,False,False
/poketool/pokefoot/pokefoot.narc,/poketool/pokefoot/pokefoot.narc!/member_00073,0,/poketool/pokefoot/pokefoot.narc,330,73,,12648,12734,8620,8706,86,6a28fda8695aa1a32605f7d868b9ce025f3206b9c6d9055b34250b89d804f8ac,10300100005247434efffe0101003001,,Nintendo LZ10,Probable,,True,Nintendo LZ10,Confirmed,True,304,True,304,b6be6c4e729698ddfcc8b063f20aa90025238a774377a2da2cfc37b4d6bfd985,NCGR graphics,Confirmed,False,False
/poketool/pokefoot/pokefoot.narc,/poketool/pokefoot/pokefoot.narc!/member_00074,0,/poketool/pokefoot/pokefoot.narc,330,74,,12736,12822,8708,8794,86,6a28fda8695aa1a32605f7d868b9ce025f3206b9c6d9055b34250b89d804f8ac,10300100005247434efffe0101003001,,Nintendo LZ10,Probable,,True,Nintendo LZ10,Confirmed,True,304,True,304,b6be6c4e729698ddfcc8b063f20aa90025238a774377a2da2cfc37b4d6bfd985,NCGR graphics,Confirmed,False,False
/poketool/pokefoot/pokefoot.narc,/poketool/pokefoot/pokefoot.narc!/member_00075,0,/poketool/pokefoot/pokefoot.narc,330,75,,12824,12910,8796,8882,86,6a28fda8695aa1a32605f7d868b9ce025f3206b9c6d9055b34250b89d804f8ac,10300100005247434efffe0101003001,,Nintendo LZ10,Probable,,True,Nintendo LZ10,Confirmed,True,304,True,304,b6be6c4e729698ddfcc8b063f20aa90025238a774377a2da2cfc37b4d6bfd985,NCGR graphics,Confirmed,False,False
/poketool/pokefoot/pokefoot.narc,/poketool/pokefoot/pokefoot.narc!/member_00076,0,/poketool/pokefoot/pokefoot.narc,330,76,,12912,12998,8884,8970,86,6a28fda8695aa1a32605f7d868b9ce025f3206b9c6d9055b34250b89d804f8ac,10300100005247434efffe0101003001,,Nintendo LZ10,Probable,,True,Nintendo LZ10,Confirmed,True,304,True,304,b6be6c4e729698ddfcc8b063f20aa90025238a774377a2da2cfc37b4d6bfd985,NCGR graphics,Confirmed,False,False
/poketool/pokefoot/pokefoot.narc,/poketool/pokefoot/pokefoot.narc!/member_00077,0,/poketool/pokefoot/pokefoot.narc,330,77,,13000,13086,8972,9058,86,6a28fda8695aa1a32605f7d868b9ce025f3206b9c6d9055b34250b89d804f8ac,10300100005247434efffe0101003001,,Nintendo LZ10,Probable,,True,Nintendo LZ10,Confirmed,True,304,True,304,b6be6c4e729698ddfcc8b063f20aa90025238a774377a2da2cfc37b4d6bfd985,NCGR graphics,Confirmed,False,False
/poketool/pokefoot/pokefoot.narc,/poketool/pokefoot/pokefoot.narc!/member_00078,0,/poketool/pokefoot/pokefoot.narc,330,78,,13088,13202,9060,9174,114,c2abb683440c18e8594284a557ec34338b9d6d03ab35082c116928eb4c923b19,10300100005247434efffe0101003001,,Nintendo LZ10,Probable,,True,Nintendo LZ10,Confirmed,True,304,True,304,ecd959e33c0126052354a96a807e78f4499b28d72e488d49137d4e8c9e0cdb87,NCGR graphics,Confirmed,False,False
/poketool/pokefoot/pokefoot.narc,/poketool/pokefoot/pokefoot.narc!/member_00079,0,/poketool/pokefoot/pokefoot.narc,330,79,,13204,13333,9176,9305,129,0ab877b94c2058ae11e1bf7828eae325bd1c93270348276abdeda35e74b4b95f,10300100005247434efffe0101003001,,Nintendo LZ10,Probable,,True,Nintendo LZ10,Confirmed,True,304,True,304,b38b4979d29261be5a0e64e2d7b0ba029bc175a39ce777b4659531a5496752eb,NCGR graphics,Confirmed,False,False
/poketool/pokefoot/pokefoot.narc,/poketool/pokefoot/pokefoot.narc!/member_00080,0,/poketool/pokefoot/pokefoot.narc,330,80,,13336,13450,9308,9422,114,43111f500cba4115ed1fdb11ecf09ed0e36c4524b17466300a841ed1418c7419,10300100005247434efffe0101003001,,Nintendo LZ10,Probable,,True,Nintendo LZ10,Confirmed,True,304,True,304,dfd6490c9b772ea13a35c8ab00dd49620b72e4780109a22c60b3e322d403ddba,NCGR graphics,Confirmed,False,False
/poketool/pokefoot/pokefoot.narc,/poketool/pokefoot/pokefoot.narc!/member_00081,0,/poketool/pokefoot/pokefoot.narc,330,81,,13452,13570,9424,9542,118,f095bdf7d801c9375a739a1ffc9cccc5c177aa0baf1fad995f871d5c98a33a60,10300100005247434efffe0101003001,,Nintendo LZ10,Probable,,True,Nintendo LZ10,Confirmed,True,304,True,304,e9e128f749e7659177adbfd086ce81f292b57344ced6284fcafae66d8307d4af,NCGR graphics,Confirmed,False,False
/poketool/pokefoot/pokefoot.narc,/poketool/pokefoot/pokefoot.narc!/member_00082,0,/poketool/pokefoot/pokefoot.narc,330,82,,13572,13681,9544,9653,109,10e7f64b32541a50d87ed9887f51eb3e52fc30336c78c7a017dd829b49ff930e,10300100005247434efffe0101003001,,Nintendo LZ10,Probable,,True,Nintendo LZ10,Confirmed,True,304,True,304,fa44b954b42780cad5f8b46bc6a56aed229b259c9442da5782fbb2a27e49abb2,NCGR graphics,Confirmed,False,False
/poketool/pokefoot/pokefoot.narc,/poketool/pokefoot/pokefoot.narc!/member_00083,0,/poketool/pokefoot/pokefoot.narc,330,83,,13684,13803,9656,9775,119,d4f5697c848776a5f8629ee49a22b8b5565c8a861348306028773d6564b1cf00,10300100005247434efffe0101003001,,Nintendo LZ10,Probable,,True,Nintendo LZ10,Confirmed,True,304,True,304,432861c5cb8917895d7619844f7c97fe54488a6be87a34f333f476524b0aea84,NCGR graphics,Confirmed,False,False
/poketool/pokefoot/pokefoot.narc,/poketool/pokefoot/pokefoot.narc!/member_00084,0,/poketool/pokefoot/pokefoot.narc,330,84,,13804,13903,9776,9875,99,c22512a953331b242aaacd748d98479be3dfc1818ec262ef35910c59aac2eb38,10300100005247434efffe0101003001,,Nintendo LZ10,Probable,,True,Nintendo LZ10,Confirmed,True,304,True,304,b692f2dd68d96ae7f6a871afa650dfa8e52f1610b9819e60574e9f3735dfa017,NCGR graphics,Confirmed,False,False
/poketool/pokefoot/pokefoot.narc,/poketool/pokefoot/pokefoot.narc!/member_00085,0,/poketool/pokefoot/pokefoot.narc,330,85,,13904,14012,9876,9984,108,ea349ca2c628d28fd52bfc0b2baa71c83327ec63aaf4dff7af4bab83896fd8a2,10300100005247434efffe0101003001,,Nintendo LZ10,Probable,,True,Nintendo LZ10,Confirmed,True,304,True,304,4fb0330d45838a02e48c791619756f322fbceee85d2a1de6acee9b6965423843,NCGR graphics,Confirmed,False,False
/poketool/pokefoot/pokefoot.narc,/poketool/pokefoot/pokefoot.narc!/member_00086,0,/poketool/pokefoot/pokefoot.narc,330,86,,14012,14146,9984,10118,134,5c3d5c8816a9b9c240a290f9567a694596c9d5d3724ad24f5e81f8297785224a,10300100005247434efffe0101003001,,Nintendo LZ10,Probable,,True,Nintendo LZ10,Confirmed,True,304,True,304,be717128bddd89c408d04aba0ab829413afeaeb36988a88e8872da9a92848926,NCGR graphics,Confirmed,False,False
/poketool/pokefoot/pokefoot.narc,/poketool/pokefoot/pokefoot.narc!/member_00087,0,/poketool/pokefoot/pokefoot.narc,330,87,,14148,14273,10120,10245,125,fb0f39d924fa30e23cfc15406b141ec9e5564963df2aae01bc91d0a5094c0b76,10300100005247434efffe0101003001,,Nintendo LZ10,Probable,,True,Nintendo LZ10,Confirmed,True,304,True,304,c99598a6ef2ed2b5b4afdb457ef26fa388b1d10df7fabf23420f08ef9bf96fce,NCGR graphics,Confirmed,False,False
/poketool/pokefoot/pokefoot.narc,/poketool/pokefoot/pokefoot.narc!/member_00088,0,/poketool/pokefoot/pokefoot.narc,330,88,,14276,14407,10248,10379,131,b75990e398a83b3c7789df19d58da39ffbd0acc1511af9de5b308e5ed67eb600,10300100005247434efffe0101003001,,Nintendo LZ10,Probable,,True,Nintendo LZ10,Confirmed,True,304,True,304,e4474fb6c203b0409d7f9ad8602accf22250fa36a253af369ddb3b20dbd9c703,NCGR graphics,Confirmed,False,False
/poketool/pokefoot/pokefoot.narc,/poketool/pokefoot/pokefoot.narc!/member_00089,0,/poketool/pokefoot/pokefoot.narc,330,89,,14408,14494,10380,10466,86,6a28fda8695aa1a32605f7d868b9ce025f3206b9c6d9055b34250b89d804f8ac,10300100005247434efffe0101003001,,Nintendo LZ10,Probable,,True,Nintendo LZ10,Confirmed,True,304,True,304,b6be6c4e729698ddfcc8b063f20aa90025238a774377a2da2cfc37b4d6bfd985,NCGR graphics,Confirmed,False,False
/poketool/pokefoot/pokefoot.narc,/poketool/pokefoot/pokefoot.narc!/member_00090,0,/poketool/pokefoot/pokefoot.narc,330,90,,14496,14582,10468,10554,86,6a28fda8695aa1a32605f7d868b9ce025f3206b9c6d9055b34250b89d804f8ac,10300100005247434efffe0101003001,,Nintendo LZ10,Probable,,True,Nintendo LZ10,Confirmed,True,304,True,304,b6be6c4e729698ddfcc8b063f20aa90025238a774377a2da2cfc37b4d6bfd985,NCGR graphics,Confirmed,False,False
/poketool/pokefoot/pokefoot.narc,/poketool/pokefoot/pokefoot.narc!/member_00091,0,/poketool/pokefoot/pokefoot.narc,330,91,,14584,14670,10556,10642,86,6a28fda8695aa1a32605f7d868b9ce025f3206b9c6d9055b34250b89d804f8ac,10300100005247434efffe0101003001,,Nintendo LZ10,Probable,,True,Nintendo LZ10,Confirmed,True,304,True,304,b6be6c4e729698ddfcc8b063f20aa90025238a774377a2da2cfc37b4d6bfd985,NCGR graphics,Confirmed,False,False
/poketool/pokefoot/pokefoot.narc,/poketool/pokefoot/pokefoot.narc!/member_00092,0,/poketool/pokefoot/pokefoot.narc,330,92,,14672,14758,10644,10730,86,6a28fda8695aa1a32605f7d868b9ce025f3206b9c6d9055b34250b89d804f8ac,10300100005247434efffe0101003001,,Nintendo LZ10,Probable,,True,Nintendo LZ10,Confirmed,True,304,True,304,b6be6c4e729698ddfcc8b063f20aa90025238a774377a2da2cfc37b4d6bfd985,NCGR graphics,Confirmed,False,False
/poketool/pokefoot/pokefoot.narc,/poketool/pokefoot/pokefoot.narc!/member_00093,0,/poketool/pokefoot/pokefoot.narc,330,93,,14760,14846,10732,10818,86,6a28fda8695aa1a32605f7d868b9ce025f3206b9c6d9055b34250b89d804f8ac,10300100005247434efffe0101003001,,Nintendo LZ10,Probable,,True,Nintendo LZ10,Confirmed,True,304,True,304,b6be6c4e729698ddfcc8b063f20aa90025238a774377a2da2cfc37b4d6bfd985,NCGR graphics,Confirmed,False,False
/poketool/pokefoot/pokefoot.narc,/poketool/pokefoot/pokefoot.narc!/member_00094,0,/poketool/pokefoot/pokefoot.narc,330,94,,14848,14934,10820,10906,86,6a28fda8695aa1a32605f7d868b9ce025f3206b9c6d9055b34250b89d804f8ac,10300100005247434efffe0101003001,,Nintendo LZ10,Probable,,True,Nintendo LZ10,Confirmed,True,304,True,304,b6be6c4e729698ddfcc8b063f20aa90025238a774377a2da2cfc37b4d6bfd985,NCGR graphics,Confirmed,False,False
/poketool/pokefoot/pokefoot.narc,/poketool/pokefoot/pokefoot.narc!/member_00095,0,/poketool/pokefoot/pokefoot.narc,330,95,,14936,15022,10908,10994,86,6a28fda8695aa1a32605f7d868b9ce025f3206b9c6d9055b34250b89d804f8ac,10300100005247434efffe0101003001,,Nintendo LZ10,Probable,,True,Nintendo LZ10,Confirmed,True,304,True,304,b6be6c4e729698ddfcc8b063f20aa90025238a774377a2da2cfc37b4d6bfd985,NCGR graphics,Confirmed,False,False
/poketool/pokefoot/pokefoot.narc,/poketool/pokefoot/pokefoot.narc!/member_00096,0,/poketool/pokefoot/pokefoot.narc,330,96,,15024,15110,10996,11082,86,6a28fda8695aa1a32605f7d868b9ce025f3206b9c6d9055b34250b89d804f8ac,10300100005247434efffe0101003001,,Nintendo LZ10,Probable,,True,Nintendo LZ10,Confirmed,True,304,True,304,b6be6c4e729698ddfcc8b063f20aa90025238a774377a2da2cfc37b4d6bfd985,NCGR graphics,Confirmed,False,False
/poketool/pokefoot/pokefoot.narc,/poketool/pokefoot/pokefoot.narc!/member_00097,0,/poketool/pokefoot/pokefoot.narc,330,97,,15112,15232,11084,11204,120,0573e41ec7194d0f2a0b3f3bc5bcb128543d0dcfe561800c5eea1a90c14888e7,10300100005247434efffe0101003001,,Nintendo LZ10,Probable,,True,Nintendo LZ10,Confirmed,True,304,True,304,cfca556d7d45a3c4a2da4c9277c8062b9629a82b172bafe04006626f442448f0,NCGR graphics,Confirmed,False,False
/poketool/pokefoot/pokefoot.narc,/poketool/pokefoot/pokefoot.narc!/member_00098,0,/poketool/pokefoot/pokefoot.narc,330,98,,15232,15318,11204,11290,86,6a28fda8695aa1a32605f7d868b9ce025f3206b9c6d9055b34250b89d804f8ac,10300100005247434efffe0101003001,,Nintendo LZ10,Probable,,True,Nintendo LZ10,Confirmed,True,304,True,304,b6be6c4e729698ddfcc8b063f20aa90025238a774377a2da2cfc37b4d6bfd985,NCGR graphics,Confirmed,False,False
/poketool/pokefoot/pokefoot.narc,/poketool/pokefoot/pokefoot.narc!/member_00099,0,/poketool/pokefoot/pokefoot.narc,330,99,,15320,15429,11292,11401,109,5781c0b41a0b8fcfc93d413a6ffb71d13a3cc9aa46a6af680180770d3d80a576,10300100005247434efffe0101003001,,Nintendo LZ10,Probable,,True,Nintendo LZ10,Confirmed,True,304,True,304,b15603e774626fc38417ebd4843ca63522165a98d6946ad1f02a0d671feec8f4,NCGR graphics,Confirmed,False,False
/poketool/pokefoot/pokefoot.narc,/poketool/pokefoot/pokefoot.narc!/member_00100,0,/poketool/pokefoot/pokefoot.narc,330,100,,15432,15556,11404,11528,124,c65160b3921ebb53b3c065542bd13b79e534b9df1e92956af215e31d0f79a2dd,10300100005247434efffe0101003001,,Nintendo LZ10,Probable,,True,Nintendo LZ10,Confirmed,True,304,True,304,49a5ca42a02f37c26ea1a0abcdc44ff58ed03f009640f1163e4b2e56e8e07c3c,NCGR graphics,Confirmed,False,False
/poketool/pokefoot/pokefoot.narc,/poketool/pokefoot/pokefoot.narc!/member_00101,0,/poketool/pokefoot/pokefoot.narc,330,101,,15556,15662,11528,11634,106,4f7f311b205d5cca50c659a4cf44e7d08de7c107592c5177454ddf9a637c8233,10300100005247434efffe0101003001,,Nintendo LZ10,Probable,,True,Nintendo LZ10,Confirmed,True,304,True,304,18891cd2d723de455ab7d00ba2299ac09477d2c0dac3ee019892bc5251d36e6a,NCGR graphics,Confirmed,False,False
/poketool/pokefoot/pokefoot.narc,/poketool/pokefoot/pokefoot.narc!/member_00102,0,/poketool/pokefoot/pokefoot.narc,330,102,,15664,15780,11636,11752,116,97fa7aa8cccf2ab95db57d6ea0f4f13b07a611283db9d630bbcbe1b154c32b03,10300100005247434efffe0101003001,,Nintendo LZ10,Probable,,True,Nintendo LZ10,Confirmed,True,304,True,304,a69f89c18f35b532d15514c8ff5c0547d3f5c9c9bba70bd938a4693c01483d68,NCGR graphics,Confirmed,False,False
/poketool/pokefoot/pokefoot.narc,/poketool/pokefoot/pokefoot.narc!/member_00103,0,/poketool/pokefoot/pokefoot.narc,330,103,,15780,15866,11752,11838,86,6a28fda8695aa1a32605f7d868b9ce025f3206b9c6d9055b34250b89d804f8ac,10300100005247434efffe0101003001,,Nintendo LZ10,Probable,,True,Nintendo LZ10,Confirmed,True,304,True,304,b6be6c4e729698ddfcc8b063f20aa90025238a774377a2da2cfc37b4d6bfd985,NCGR graphics,Confirmed,False,False
/poketool/pokefoot/pokefoot.narc,/poketool/pokefoot/pokefoot.narc!/member_00104,0,/poketool/pokefoot/pokefoot.narc,330,104,,15868,15954,11840,11926,86,6a28fda8695aa1a32605f7d868b9ce025f3206b9c6d9055b34250b89d804f8ac,10300100005247434efffe0101003001,,Nintendo LZ10,Probable,,True,Nintendo LZ10,Confirmed,True,304,True,304,b6be6c4e729698ddfcc8b063f20aa90025238a774377a2da2cfc37b4d6bfd985,NCGR graphics,Confirmed,False,False
/poketool/pokefoot/pokefoot.narc,/poketool/pokefoot/pokefoot.narc!/member_00105,0,/poketool/pokefoot/pokefoot.narc,330,105,,15956,16042,11928,12014,86,6a28fda8695aa1a32605f7d868b9ce025f3206b9c6d9055b34250b89d804f8ac,10300100005247434efffe0101003001,,Nintendo LZ10,Probable,,True,Nintendo LZ10,Confirmed,True,304,True,304,b6be6c4e729698ddfcc8b063f20aa90025238a774377a2da2cfc37b4d6bfd985,NCGR graphics,Confirmed,False,False
/poketool/pokefoot/pokefoot.narc,/poketool/pokefoot/pokefoot.narc!/member_00106,0,/poketool/pokefoot/pokefoot.narc,330,106,,16044,16160,12016,12132,116,65e3dc9d6575f921957a1bd09df9307cd388f4de4694559f55fd6812b1f893b7,10300100005247434efffe0101003001,,Nintendo LZ10,Probable,,True,Nintendo LZ10,Confirmed,True,304,True,304,d875442f66a2fa87b7b7a2430bdad202497c6a84da61b0f7b496b56eed5682be,NCGR graphics,Confirmed,False,False
/poketool/pokefoot/pokefoot.narc,/poketool/pokefoot/pokefoot.narc!/member_00107,0,/poketool/pokefoot/pokefoot.narc,330,107,,16160,16270,12132,12242,110,fe9b550b5b64f426586de5b5d5935c602d791db7bf430cd8958998606512950a,10300100005247434efffe0101003001,,Nintendo LZ10,Probable,,True,Nintendo LZ10,Confirmed,True,304,True,304,9fbd0511da09151ff4161533aa6067aeb54294ec6272b8602e00bf7a57e891e1,NCGR graphics,Confirmed,False,False
/poketool/pokefoot/pokefoot.narc,/poketool/pokefoot/pokefoot.narc!/member_00108,0,/poketool/pokefoot/pokefoot.narc,330,108,,16272,16384,12244,12356,112,d65933790b2f4e79f819e8f56743ba0b689dc701e8dac9163419d7d4d2bffd23,10300100005247434efffe0101003001,,Nintendo LZ10,Probable,,True,Nintendo LZ10,Confirmed,True,304,True,304,b6ca9653059326a2e7a55936b914d75e743f833594c1f2fd0436eff1c59c9fea,NCGR graphics,Confirmed,False,False
/poketool/pokefoot/pokefoot.narc,/poketool/pokefoot/pokefoot.narc!/member_00109,0,/poketool/pokefoot/pokefoot.narc,330,109,,16384,16521,12356,12493,137,76296d9b06339446842a524ace3a9043f47e6620fc45d48014bd833ec5b9a7d7,10300100005247434efffe0101003001,,Nintendo LZ10,Probable,,True,Nintendo LZ10,Confirmed,True,304,True,304,327a833cc5390b1a30b199406dc5668549c080140fee011c2a43a5ffaeaa0d81,NCGR graphics,Confirmed,False,False
/poketool/pokefoot/pokefoot.narc,/poketool/pokefoot/pokefoot.narc!/member_00110,0,/poketool/pokefoot/pokefoot.narc,330,110,,16524,16627,12496,12599,103,ebaf9f2452dec66ff3e20a12267beb630fccab35a23bc6dfe340d09538eae455,10300100005247434efffe0101003001,,Nintendo LZ10,Probable,,True,Nintendo LZ10,Confirmed,True,304,True,304,2b47ec0360f11c432b18991d0361a1c7e42abab726019b75a2c6b9ec6a88c5ef,NCGR graphics,Confirmed,False,False
/poketool/pokefoot/pokefoot.narc,/poketool/pokefoot/pokefoot.narc!/member_00111,0,/poketool/pokefoot/pokefoot.narc,330,111,,16628,16761,12600,12733,133,0e6c34d7404d674fc69e32feaa4e148ca4cf096ae73ec952b919c10a0f67cdcf,10300100005247434efffe0101003001,,Nintendo LZ10,Probable,,True,Nintendo LZ10,Confirmed,True,304,True,304,9db13ceee6df9523e67e19bde957c70e298618164c80feb31059f9a2220d9082,NCGR graphics,Confirmed,False,False
/poketool/pokefoot/pokefoot.narc,/poketool/pokefoot/pokefoot.narc!/member_00112,0,/poketool/pokefoot/pokefoot.narc,330,112,,16764,16850,12736,12822,86,6a28fda8695aa1a32605f7d868b9ce025f3206b9c6d9055b34250b89d804f8ac,10300100005247434efffe0101003001,,Nintendo LZ10,Probable,,True,Nintendo LZ10,Confirmed,True,304,True,304,b6be6c4e729698ddfcc8b063f20aa90025238a774377a2da2cfc37b4d6bfd985,NCGR graphics,Confirmed,False,False
/poketool/pokefoot/pokefoot.narc,/poketool/pokefoot/pokefoot.narc!/member_00113,0,/poketool/pokefoot/pokefoot.narc,330,113,,16852,16938,12824,12910,86,6a28fda8695aa1a32605f7d868b9ce025f3206b9c6d9055b34250b89d804f8ac,10300100005247434efffe0101003001,,Nintendo LZ10,Probable,,True,Nintendo LZ10,Confirmed,True,304,True,304,b6be6c4e729698ddfcc8b063f20aa90025238a774377a2da2cfc37b4d6bfd985,NCGR graphics,Confirmed,False,False
/poketool/pokefoot/pokefoot.narc,/poketool/pokefoot/pokefoot.narc!/member_00114,0,/poketool/pokefoot/pokefoot.narc,330,114,,16940,17052,12912,13024,112,2218ebe9bcc729c7ff79eaf3edd44094dc831b47b8e946b3e8ed82e8774c4b0b,10300100005247434efffe0101003001,,Nintendo LZ10,Probable,,True,Nintendo LZ10,Confirmed,True,304,True,304,68182b6eea0fdd15b4f3e50e654f0d9af5d65a450ed6b61999067566dc46800c,NCGR graphics,Confirmed,False,False
/poketool/pokefoot/pokefoot.narc,/poketool/pokefoot/pokefoot.narc!/member_00115,0,/poketool/pokefoot/pokefoot.narc,330,115,,17052,17174,13024,13146,122,266ac4c0f76c064b6cb808d6023b2d064ff37c036e8781bbad31e49bc1d6f64d,10300100005247434efffe0101003001,,Nintendo LZ10,Probable,,True,Nintendo LZ10,Confirmed,True,304,True,304,42d7abaf83de5888f55b3bd995b2c04af14d07320602ad073e494580994a5af0,NCGR graphics,Confirmed,False,False
/poketool/pokefoot/pokefoot.narc,/poketool/pokefoot/pokefoot.narc!/member_00116,0,/poketool/pokefoot/pokefoot.narc,330,116,,17176,17279,13148,13251,103,bf8a952e8d5744cd2b921eb7aef9a394c39e3e4377276ee643578f361bf98157,10300100005247434efffe0101003001,,Nintendo LZ10,Probable,,True,Nintendo LZ10,Confirmed,True,304,True,304,aa250c5b958709253332f5c9dafafd3a6b24cd447b30741d1d95e0328699accc,NCGR graphics,Confirmed,False,False
/poketool/pokefoot/pokefoot.narc,/poketool/pokefoot/pokefoot.narc!/member_00117,0,/poketool/pokefoot/pokefoot.narc,330,117,,17280,17396,13252,13368,116,88e048dbc87296983cd6c7d5689903294f238d8d3ecad029e708e78052e885ee,10300100005247434efffe0101003001,,Nintendo LZ10,Probable,,True,Nintendo LZ10,Confirmed,True,304,True,304,f782cd4555ee4d231d5ff05b9b26014cb5ad20164f20c790fb49305f50757753,NCGR graphics,Confirmed,False,False
/poketool/pokefoot/pokefoot.narc,/poketool/pokefoot/pokefoot.narc!/member_00118,0,/poketool/pokefoot/pokefoot.narc,330,118,,17396,17516,13368,13488,120,ff3141a95fad4e4840c438032ba512e9a6a888d1c6ebaafe23fe7055667bb25e,10300100005247434efffe0101003001,,Nintendo LZ10,Probable,,True,Nintendo LZ10,Confirmed,True,304,True,304,b5c6ba959d6193caf753ece956ff9ea58a7fa2cf5c79db988adbd9c60d826bb2,NCGR graphics,Confirmed,False,False
/poketool/pokefoot/pokefoot.narc,/poketool/pokefoot/pokefoot.narc!/member_00119,0,/poketool/pokefoot/pokefoot.narc,330,119,,17516,17602,13488,13574,86,6a28fda8695aa1a32605f7d868b9ce025f3206b9c6d9055b34250b89d804f8ac,10300100005247434efffe0101003001,,Nintendo LZ10,Probable,,True,Nintendo LZ10,Confirmed,True,304,True,304,b6be6c4e729698ddfcc8b063f20aa90025238a774377a2da2cfc37b4d6bfd985,NCGR graphics,Confirmed,False,False
/poketool/pokefoot/pokefoot.narc,/poketool/pokefoot/pokefoot.narc!/member_00120,0,/poketool/pokefoot/pokefoot.narc,330,120,,17604,17690,13576,13662,86,6a28fda8695aa1a32605f7d868b9ce025f3206b9c6d9055b34250b89d804f8ac,10300100005247434efffe0101003001,,Nintendo LZ10,Probable,,True,Nintendo LZ10,Confirmed,True,304,True,304,b6be6c4e729698ddfcc8b063f20aa90025238a774377a2da2cfc37b4d6bfd985,NCGR graphics,Confirmed,False,False
/poketool/pokefoot/pokefoot.narc,/poketool/pokefoot/pokefoot.narc!/member_00121,0,/poketool/pokefoot/pokefoot.narc,330,121,,17692,17778,13664,13750,86,6a28fda8695aa1a32605f7d868b9ce025f3206b9c6d9055b34250b89d804f8ac,10300100005247434efffe0101003001,,Nintendo LZ10,Probable,,True,Nintendo LZ10,Confirmed,True,304,True,304,b6be6c4e729698ddfcc8b063f20aa90025238a774377a2da2cfc37b4d6bfd985,NCGR graphics,Confirmed,False,False
/poketool/pokefoot/pokefoot.narc,/poketool/pokefoot/pokefoot.narc!/member_00122,0,/poketool/pokefoot/pokefoot.narc,330,122,,17780,17866,13752,13838,86,6a28fda8695aa1a32605f7d868b9ce025f3206b9c6d9055b34250b89d804f8ac,10300100005247434efffe0101003001,,Nintendo LZ10,Probable,,True,Nintendo LZ10,Confirmed,True,304,True,304,b6be6c4e729698ddfcc8b063f20aa90025238a774377a2da2cfc37b4d6bfd985,NCGR graphics,Confirmed,False,False
/poketool/pokefoot/pokefoot.narc,/poketool/pokefoot/pokefoot.narc!/member_00123,0,/poketool/pokefoot/pokefoot.narc,330,123,,17868,17968,13840,13940,100,29c6be4ce1eb2f2a31e10fe226b4c324fe8041c6c1c13f21b91728f08569699e,10300100005247434efffe0101003001,,Nintendo LZ10,Probable,,True,Nintendo LZ10,Confirmed,True,304,True,304,0e65f233afb1e6d33d1897c3bc41dd2cbc5660de15d9024231e23d76ec554020,NCGR graphics,Confirmed,False,False
/poketool/pokefoot/pokefoot.narc,/poketool/pokefoot/pokefoot.narc!/member_00124,0,/poketool/pokefoot/pokefoot.narc,330,124,,17968,18068,13940,14040,100,29c6be4ce1eb2f2a31e10fe226b4c324fe8041c6c1c13f21b91728f08569699e,10300100005247434efffe0101003001,,Nintendo LZ10,Probable,,True,Nintendo LZ10,Confirmed,True,304,True,304,0e65f233afb1e6d33d1897c3bc41dd2cbc5660de15d9024231e23d76ec554020,NCGR graphics,Confirmed,False,False
/poketool/pokefoot/pokefoot.narc,/poketool/pokefoot/pokefoot.narc!/member_00125,0,/poketool/pokefoot/pokefoot.narc,330,125,,18068,18175,14040,14147,107,104379bec266e2f412b98f6ac3e28f4306f5b1bf2c60032510043bfb5ea8c0e9,10300100005247434efffe0101003001,,Nintendo LZ10,Probable,,True,Nintendo LZ10,Confirmed,True,304,True,304,bebfb602f6b5d25affea9e8f0945093e368355fe4e4841dbcf498799cd208c95,NCGR graphics,Confirmed,False,False
/poketool/pokefoot/pokefoot.narc,/poketool/pokefoot/pokefoot.narc!/member_00126,0,/poketool/pokefoot/pokefoot.narc,330,126,,18176,18304,14148,14276,128,2b145aed82fd0bc2462891c1d897e097d76f2f7ebee9ec04ef2022ebc5e825d9,10300100005247434efffe0101003001,,Nintendo LZ10,Probable,,True,Nintendo LZ10,Confirmed,True,304,True,304,08bac59466b1bb937c7812ebe010382170985f5e7d89d5c5a50ef802826f7ded,NCGR graphics,Confirmed,False,False
/poketool/pokefoot/pokefoot.narc,/poketool/pokefoot/pokefoot.narc!/member_00127,0,/poketool/pokefoot/pokefoot.narc,330,127,,18304,18390,14276,14362,86,6a28fda8695aa1a32605f7d868b9ce025f3206b9c6d9055b34250b89d804f8ac,10300100005247434efffe0101003001,,Nintendo LZ10,Probable,,True,Nintendo LZ10,Confirmed,True,304,True,304,b6be6c4e729698ddfcc8b063f20aa90025238a774377a2da2cfc37b4d6bfd985,NCGR graphics,Confirmed,False,False
/poketool/pokefoot/pokefoot.narc,/poketool/pokefoot/pokefoot.narc!/member_00128,0,/poketool/pokefoot/pokefoot.narc,330,128,,18392,18505,14364,14477,113,b1eef59d1e71f688b32ff8c3a53fbec2d9321fc4751fb745d6524c02c2e5b169,10300100005247434efffe0101003001,,Nintendo LZ10,Probable,,True,Nintendo LZ10,Confirmed,True,304,True,304,81f244bcb7d2a1b8db602f9ed033c29f907d90d8106d4e67f72314f6dd2f6034,NCGR graphics,Confirmed,False,False
/poketool/pokefoot/pokefoot.narc,/poketool/pokefoot/pokefoot.narc!/member_00129,0,/poketool/pokefoot/pokefoot.narc,330,129,,18508,18629,14480,14601,121,065b1ab020ba9d6259dabeb8796ce49f082e3b0fb887ca05ea98092c1c1b6d63,10300100005247434efffe0101003001,,Nintendo LZ10,Probable,,True,Nintendo LZ10,Confirmed,True,304,True,304,a9c7e995e0cf6e1d492dc14fa1e656a45e170116fd4b946d4e7c48305ca6d2a1,NCGR graphics,Confirmed,False,False
/poketool/pokefoot/pokefoot.narc,/poketool/pokefoot/pokefoot.narc!/member_00130,0,/poketool/pokefoot/pokefoot.narc,330,130,,18632,18738,14604,14710,106,9df1ff77bcdd7975aedbea0915cb6551884b4f71a77e45a181149e7892cb0acf,10300100005247434efffe0101003001,,Nintendo LZ10,Probable,,True,Nintendo LZ10,Confirmed,True,304,True,304,4b55ce36380a21bf168488df9ffc08a4342c78305af9b79d4806d5a381a96125,NCGR graphics,Confirmed,False,False
/poketool/pokefoot/pokefoot.narc,/poketool/pokefoot/pokefoot.narc!/member_00131,0,/poketool/pokefoot/pokefoot.narc,330,131,,18740,18851,14712,14823,111,9b08b41c11b3f20ee722e47558c579ec9c319cdb04a1d52d5b827d19e11a5561,10300100005247434efffe0101003001,,Nintendo LZ10,Probable,,True,Nintendo LZ10,Confirmed,True,304,True,304,83453c1fe30760cd9e79a212edb48677770e78d606d0b0edd5f07a52212b9252,NCGR graphics,Confirmed,False,False
/poketool/pokefoot/pokefoot.narc,/poketool/pokefoot/pokefoot.narc!/member_00132,0,/poketool/pokefoot/pokefoot.narc,330,132,,18852,18938,14824,14910,86,6a28fda8695aa1a32605f7d868b9ce025f3206b9c6d9055b34250b89d804f8ac,10300100005247434efffe0101003001,,Nintendo LZ10,Probable,,True,Nintendo LZ10,Confirmed,True,304,True,304,b6be6c4e729698ddfcc8b063f20aa90025238a774377a2da2cfc37b4d6bfd985,NCGR graphics,Confirmed,False,False
/poketool/pokefoot/pokefoot.narc,/poketool/pokefoot/pokefoot.narc!/member_00133,0,/poketool/pokefoot/pokefoot.narc,330,133,,18940,19026,14912,14998,86,6a28fda8695aa1a32605f7d868b9ce025f3206b9c6d9055b34250b89d804f8ac,10300100005247434efffe0101003001,,Nintendo LZ10,Probable,,True,Nintendo LZ10,Confirmed,True,304,True,304,b6be6c4e729698ddfcc8b063f20aa90025238a774377a2da2cfc37b4d6bfd985,NCGR graphics,Confirmed,False,False
/poketool/pokefoot/pokefoot.narc,/poketool/pokefoot/pokefoot.narc!/member_00134,0,/poketool/pokefoot/pokefoot.narc,330,134,,19028,19114,15000,15086,86,6a28fda8695aa1a32605f7d868b9ce025f3206b9c6d9055b34250b89d804f8ac,10300100005247434efffe0101003001,,Nintendo LZ10,Probable,,True,Nintendo LZ10,Confirmed,True,304,True,304,b6be6c4e729698ddfcc8b063f20aa90025238a774377a2da2cfc37b4d6bfd985,NCGR graphics,Confirmed,False,False
/poketool/pokefoot/pokefoot.narc,/poketool/pokefoot/pokefoot.narc!/member_00135,0,/poketool/pokefoot/pokefoot.narc,330,135,,19116,19202,15088,15174,86,6a28fda8695aa1a32605f7d868b9ce025f3206b9c6d9055b34250b89d804f8ac,10300100005247434efffe0101003001,,Nintendo LZ10,Probable,,True,Nintendo LZ10,Confirmed,True,304,True,304,b6be6c4e729698ddfcc8b063f20aa90025238a774377a2da2cfc37b4d6bfd985,NCGR graphics,Confirmed,False,False
/poketool/pokefoot/pokefoot.narc,/poketool/pokefoot/pokefoot.narc!/member_00136,0,/poketool/pokefoot/pokefoot.narc,330,136,,19204,19329,15176,15301,125,26fe86bab8d53c68e88b06fd135206f4fa7e0f7c6d7d72df2c4e27bd134e800b,10300100005247434efffe0101003001,,Nintendo LZ10,Probable,,True,Nintendo LZ10,Confirmed,True,304,True,304,478c60f0e8954200369e40007daa51c5604d560811e52c3f14eb6fb4b64b4097,NCGR graphics,Confirmed,False,False
/poketool/pokefoot/pokefoot.narc,/poketool/pokefoot/pokefoot.narc!/member_00137,0,/poketool/pokefoot/pokefoot.narc,330,137,,19332,19453,15304,15425,121,b433053a0887f8654627f6db1cb4af2a9c8d7b9eaf7ef94d85a6a63eaf875d4c,10300100005247434efffe0101003001,,Nintendo LZ10,Probable,,True,Nintendo LZ10,Confirmed,True,304,True,304,0cc5632d3159533a2cecca7d4d4bb969076b2017524e50f71dd5382e5e990db6,NCGR graphics,Confirmed,False,False
/poketool/pokefoot/pokefoot.narc,/poketool/pokefoot/pokefoot.narc!/member_00138,0,/poketool/pokefoot/pokefoot.narc,330,138,,19456,19570,15428,15542,114,c68cc32819d6f56f2015e57033a56f0170050e70885049186aa8128391f6ddd1,10300100005247434efffe0101003001,,Nintendo LZ10,Probable,,True,Nintendo LZ10,Confirmed,True,304,True,304,5112544e7bfffbf1829a497eb1003a7c8f21ae6a861931473e30e5196c8a7a52,NCGR graphics,Confirmed,False,False
/poketool/pokefoot/pokefoot.narc,/poketool/pokefoot/pokefoot.narc!/member_00139,0,/poketool/pokefoot/pokefoot.narc,330,139,,19572,19697,15544,15669,125,af0fe6e8c3ad2206e077823353077985c901fac07959a80061aee5fdae1fa5e0,10300100005247434efffe0101003001,,Nintendo LZ10,Probable,,True,Nintendo LZ10,Confirmed,True,304,True,304,aa98efe6e1fcdded67d8bdbb1e776ea7a98c79864a29b062893dbf4548914890,NCGR graphics,Confirmed,False,False
/poketool/pokefoot/pokefoot.narc,/poketool/pokefoot/pokefoot.narc!/member_00140,0,/poketool/pokefoot/pokefoot.narc,330,140,,19700,19806,15672,15778,106,1e9805145fbeac70d91022f751fe43d9007203e4911038b5bec95d3c602de810,10300100005247434efffe0101003001,,Nintendo LZ10,Probable,,True,Nintendo LZ10,Confirmed,True,304,True,304,786d9982ebacf971a92bb0649de6847d3cdafaf67ada99b05b4e538c6f077bc5,NCGR graphics,Confirmed,False,False
/poketool/pokefoot/pokefoot.narc,/poketool/pokefoot/pokefoot.narc!/member_00141,0,/poketool/pokefoot/pokefoot.narc,330,141,,19808,19902,15780,15874,94,ff0e590cda3d999280c40fc2941da3ac86d4d0eae8dc56f9dcb2a95035d2c773,10300100005247434efffe0101003001,,Nintendo LZ10,Probable,,True,Nintendo LZ10,Confirmed,True,304,True,304,7b4344107e8e4c39c61872ee12a82bff41b729b53e7acdb4477f4708706d496d,NCGR graphics,Confirmed,False,False
/poketool/pokefoot/pokefoot.narc,/poketool/pokefoot/pokefoot.narc!/member_00142,0,/poketool/pokefoot/pokefoot.narc,330,142,,19904,20006,15876,15978,102,dea31952dc1965c87a93eada91bfc50996ab7237e29fb99b1c8349eeb2a01d51,10300100005247434efffe0101003001,,Nintendo LZ10,Probable,,True,Nintendo LZ10,Confirmed,True,304,True,304,aae2d1c4fcca128e0dd5b262ead8af0245b927059392cdccfb33bb28cf5cb1ab,NCGR graphics,Confirmed,False,False
/poketool/pokefoot/pokefoot.narc,/poketool/pokefoot/pokefoot.narc!/member_00143,0,/poketool/pokefoot/pokefoot.narc,330,143,,20008,20098,15980,16070,90,cea7f21f8eec6fbe5c59ddb53390aae0e4226c5523438e384d19680713358db0,10300100005247434efffe0101003001,,Nintendo LZ10,Probable,,True,Nintendo LZ10,Confirmed,True,304,True,304,0b3c7065e58d167adcfa94442ab6c89da8702969b1c2abe1f00f076e39fec057,NCGR graphics,Confirmed,False,False
/poketool/pokefoot/pokefoot.narc,/poketool/pokefoot/pokefoot.narc!/member_00144,0,/poketool/pokefoot/pokefoot.narc,330,144,,20100,20217,16072,16189,117,7fbe354d1721acd3602af0a46a6c1ae775ba1f26ddf46833d4a9ca49cf0202d2,10300100005247434efffe0101003001,,Nintendo LZ10,Probable,,True,Nintendo LZ10,Confirmed,True,304,True,304,a26161d526028492d981d5dcb343841230a6393ca2e388fe2b8659f367c552cb,NCGR graphics,Confirmed,False,False
/poketool/pokefoot/pokefoot.narc,/poketool/pokefoot/pokefoot.narc!/member_00145,0,/poketool/pokefoot/pokefoot.narc,330,145,,20220,20327,16192,16299,107,f43daf4987b25fe088dde200b2496174adb4362f4843657e623e4cd6a3620fe7,10300100005247434efffe0101003001,,Nintendo LZ10,Probable,,True,Nintendo LZ10,Confirmed,True,304,True,304,f50fcebfb9913d85f86fc3f4720a7586f63b4f28be67544c872eb1d1d0d6a562,NCGR graphics,Confirmed,False,False
/poketool/pokefoot/pokefoot.narc,/poketool/pokefoot/pokefoot.narc!/member_00146,0,/poketool/pokefoot/pokefoot.narc,330,146,,20328,20457,16300,16429,129,a5cee3016cc86238ae96c40a1860164467222278b747c5102c8f4d4e2b554865,10300100005247434efffe0101003001,,Nintendo LZ10,Probable,,True,Nintendo LZ10,Confirmed,True,304,True,304,712744b00c0310e2bf5a2fdceff13a18ab7d43471e712cbd328818d77da3b190,NCGR graphics,Confirmed,False,False
/poketool/pokefoot/pokefoot.narc,/poketool/pokefoot/pokefoot.narc!/member_00147,0,/poketool/pokefoot/pokefoot.narc,330,147,,20460,20590,16432,16562,130,45bf1d3a0ad6dbf0ee8a490096a4f1b7eea9cd210bb98cc0bd23655cc5724bc9,10300100005247434efffe0101003001,,Nintendo LZ10,Probable,,True,Nintendo LZ10,Confirmed,True,304,True,304,41d866a4bab2e1ef26bb74fba9943b7bee13124508e53b83464248a2f7eda1a9,NCGR graphics,Confirmed,False,False
/poketool/pokefoot/pokefoot.narc,/poketool/pokefoot/pokefoot.narc!/member_00148,0,/poketool/pokefoot/pokefoot.narc,330,148,,20592,20730,16564,16702,138,08a8077a6b8a90acf3f1b8570ac04822c205bfed716262f0cf0ae5163319bc4d,10300100005247434efffe0101003001,,Nintendo LZ10,Probable,,True,Nintendo LZ10,Confirmed,True,304,True,304,dce21169cb4ce40bfbbcb2eac2c11f66549189fd41aaa52389ad7e4889ed0167,NCGR graphics,Confirmed,False,False
/poketool/pokefoot/pokefoot.narc,/poketool/pokefoot/pokefoot.narc!/member_00149,0,/poketool/pokefoot/pokefoot.narc,330,149,,20732,20855,16704,16827,123,cae464897bbddd4784330170711a453df0b57cb4a47b6dd833bb9f50b3d19fd4,10300100005247434efffe0101003001,,Nintendo LZ10,Probable,,True,Nintendo LZ10,Confirmed,True,304,True,304,03871c650c376c97a782149633b829b6499178790a8c79c72b748ebb91ce6f1e,NCGR graphics,Confirmed,False,False
/poketool/pokefoot/pokefoot.narc,/poketool/pokefoot/pokefoot.narc!/member_00150,0,/poketool/pokefoot/pokefoot.narc,330,150,,20856,20942,16828,16914,86,6a28fda8695aa1a32605f7d868b9ce025f3206b9c6d9055b34250b89d804f8ac,10300100005247434efffe0101003001,,Nintendo LZ10,Probable,,True,Nintendo LZ10,Confirmed,True,304,True,304,b6be6c4e729698ddfcc8b063f20aa90025238a774377a2da2cfc37b4d6bfd985,NCGR graphics,Confirmed,False,False
/poketool/pokefoot/pokefoot.narc,/poketool/pokefoot/pokefoot.narc!/member_00151,0,/poketool/pokefoot/pokefoot.narc,330,151,,20944,21030,16916,17002,86,6a28fda8695aa1a32605f7d868b9ce025f3206b9c6d9055b34250b89d804f8ac,10300100005247434efffe0101003001,,Nintendo LZ10,Probable,,True,Nintendo LZ10,Confirmed,True,304,True,304,b6be6c4e729698ddfcc8b063f20aa90025238a774377a2da2cfc37b4d6bfd985,NCGR graphics,Confirmed,False,False
/poketool/pokefoot/pokefoot.narc,/poketool/pokefoot/pokefoot.narc!/member_00152,0,/poketool/pokefoot/pokefoot.narc,330,152,,21032,21156,17004,17128,124,868cb8df9a80511f13d8fa97e7da5eae7912065c65f0fd97803460b06948d612,10300100005247434efffe0101003001,,Nintendo LZ10,Probable,,True,Nintendo LZ10,Confirmed,True,304,True,304,85b9753e0d49ab7f78bfe219a0dedbdd1c81d413cdb3139dfc37877d4ef6925a,NCGR graphics,Confirmed,False,False
/poketool/pokefoot/pokefoot.narc,/poketool/pokefoot/pokefoot.narc!/member_00153,0,/poketool/pokefoot/pokefoot.narc,330,153,,21156,21278,17128,17250,122,8dfc379b2f867d9fae7bde3fc19930b3c9ba01f6267deb476a8fc966f8a4599c,10300100005247434efffe0101003001,,Nintendo LZ10,Probable,,True,Nintendo LZ10,Confirmed,True,304,True,304,7ae9e619dc7ddb4058af02c56b9c63d88113a8314d0919de639550dce68b69c6,NCGR graphics,Confirmed,False,False
/poketool/pokefoot/pokefoot.narc,/poketool/pokefoot/pokefoot.narc!/member_00154,0,/poketool/pokefoot/pokefoot.narc,330,154,,21280,21381,17252,17353,101,f0735c747b544efe6f66e3d7776e4046282cf4261d833a32073cb49a5407086f,10300100005247434efffe0101003001,,Nintendo LZ10,Probable,,True,Nintendo LZ10,Confirmed,True,304,True,304,a424d669322b6acd7916b9826b5106c474bcaf0fe25d9fb98b3e0a773d1db599,NCGR graphics,Confirmed,False,False
/poketool/pokefoot/pokefoot.narc,/poketool/pokefoot/pokefoot.narc!/member_00155,0,/poketool/pokefoot/pokefoot.narc,330,155,,21384,21479,17356,17451,95,b3a87622a5cde1b59c7a7936fbfdf2f4d3dc8582c85ccb1f4797a5947c94c52c,10300100005247434efffe0101003001,,Nintendo LZ10,Probable,,True,Nintendo LZ10,Confirmed,True,304,True,304,1d955a38bad60c17a5d93a5084cd622352ddcc224442ec95868337e4c5572f9d,NCGR graphics,Confirmed,False,False
/poketool/pokefoot/pokefoot.narc,/poketool/pokefoot/pokefoot.narc!/member_00156,0,/poketool/pokefoot/pokefoot.narc,330,156,,21480,21589,17452,17561,109,e363d15c5efff6dff6e62b6d6592dfd225cf930ec356858b14e7d71ffde8f7e5,10300100005247434efffe0101003001,,Nintendo LZ10,Probable,,True,Nintendo LZ10,Confirmed,True,304,True,304,50aaaa3cdb6ad601805cfe4b2ea153bd846e1ddf91fa897adf910a3978050a99,NCGR graphics,Confirmed,False,False
/poketool/pokefoot/pokefoot.narc,/poketool/pokefoot/pokefoot.narc!/member_00157,0,/poketool/pokefoot/pokefoot.narc,330,157,,21592,21712,17564,17684,120,44695b41b9c76886d5dff02efe61775530f7ed008c281f081ce34a4dce202aa0,10300100005247434efffe0101003001,,Nintendo LZ10,Probable,,True,Nintendo LZ10,Confirmed,True,304,True,304,7ba66216222a554f7038ca6802178502279640be7c0c70b99028217b58a1fef1,NCGR graphics,Confirmed,False,False
/poketool/pokefoot/pokefoot.narc,/poketool/pokefoot/pokefoot.narc!/member_00158,0,/poketool/pokefoot/pokefoot.narc,330,158,,21712,21816,17684,17788,104,28f177b992a87aa00b472947686a019fd70cbd9eca9af59b0f47104d92061f36,10300100005247434efffe0101003001,,Nintendo LZ10,Probable,,True,Nintendo LZ10,Confirmed,True,304,True,304,7b697316f1634d989d53116c3f7c8f9f7d0336d87a2b2284372a9d2a4cf55741,NCGR graphics,Confirmed,False,False
/poketool/pokefoot/pokefoot.narc,/poketool/pokefoot/pokefoot.narc!/member_00159,0,/poketool/pokefoot/pokefoot.narc,330,159,,21816,21922,17788,17894,106,a8c31daac06cd911101d84f54acd338789566d6445fbc76c17c5a9df22d49ed2,10300100005247434efffe0101003001,,Nintendo LZ10,Probable,,True,Nintendo LZ10,Confirmed,True,304,True,304,e3bcdd3a5e261aee388f7e52db0089448d3aab782e8c5b0a4f1588ed50226c84,NCGR graphics,Confirmed,False,False
/poketool/pokefoot/pokefoot.narc,/poketool/pokefoot/pokefoot.narc!/member_00160,0,/poketool/pokefoot/pokefoot.narc,330,160,,21924,22032,17896,18004,108,ee9f7ca40b4e574bc77d2100562cf173a56115453ac198d1d7e4ed968529d86c,10300100005247434efffe0101003001,,Nintendo LZ10,Probable,,True,Nintendo LZ10,Confirmed,True,304,True,304,207cffe5afd531c6b2a2399c1809ff1cc951cae231ba1ff8cb455b3a4149e4f2,NCGR graphics,Confirmed,False,False
/poketool/pokefoot/pokefoot.narc,/poketool/pokefoot/pokefoot.narc!/member_00161,0,/poketool/pokefoot/pokefoot.narc,330,161,,22032,22137,18004,18109,105,a138bebce3479997f94f880d990f3cdf96b331f8106fc1b52e383750509e06bf,10300100005247434efffe0101003001,,Nintendo LZ10,Probable,,True,Nintendo LZ10,Confirmed,True,304,True,304,a05f0a24efc37e2d558b329f5dd0cfbec2691e62c5cded756f5bd8284193728c,NCGR graphics,Confirmed,False,False
/poketool/pokefoot/pokefoot.narc,/poketool/pokefoot/pokefoot.narc!/member_00162,0,/poketool/pokefoot/pokefoot.narc,330,162,,22140,22245,18112,18217,105,c74f3e52d578d9d7d8228d882a4c9f97a8588e3083992ffb48a263fe76474ce7,10300100005247434efffe0101003001,,Nintendo LZ10,Probable,,True,Nintendo LZ10,Confirmed,True,304,True,304,385f523c73a2e106551367aceb61741c81e39b2c4dac8fe91582f2ef1d2964ec,NCGR graphics,Confirmed,False,False
/poketool/pokefoot/pokefoot.narc,/poketool/pokefoot/pokefoot.narc!/member_00163,0,/poketool/pokefoot/pokefoot.narc,330,163,,22248,22374,18220,18346,126,fdacce47cbb0eb8cbb76c7b2a5af705c7deeb4a2c27afca1a8a49a6456e47805,10300100005247434efffe0101003001,,Nintendo LZ10,Probable,,True,Nintendo LZ10,Confirmed,True,304,True,304,c86f7efee8cba20219fcc7487ae4b9deb6294c992a766c8cd8754a03188ed72a,NCGR graphics,Confirmed,False,False
/poketool/pokefoot/pokefoot.narc,/poketool/pokefoot/pokefoot.narc!/member_00164,0,/poketool/pokefoot/pokefoot.narc,330,164,,22376,22478,18348,18450,102,c9578e27a45846138b6ec241b9f8b36501fc9c1e37b186767153fe9d5f265c3b,10300100005247434efffe0101003001,,Nintendo LZ10,Probable,,True,Nintendo LZ10,Confirmed,True,304,True,304,08eaff3e77eecdf964dbc0d9378615468ea4041dc7017d62b6474fa6f6f72af9,NCGR graphics,Confirmed,False,False
/poketool/pokefoot/pokefoot.narc,/poketool/pokefoot/pokefoot.narc!/member_00165,0,/poketool/pokefoot/pokefoot.narc,330,165,,22480,22582,18452,18554,102,bd1d3acaa167709a83c92b142bd0e779d9dd45961f2f50bf81a880410d138083,10300100005247434efffe0101003001,,Nintendo LZ10,Probable,,True,Nintendo LZ10,Confirmed,True,304,True,304,959fbb97f9039bfb31214e0c3ba5e175eba04f43366164bb8806e2bcedfe6d89,NCGR graphics,Confirmed,False,False
/poketool/pokefoot/pokefoot.narc,/poketool/pokefoot/pokefoot.narc!/member_00166,0,/poketool/pokefoot/pokefoot.narc,330,166,,22584,22710,18556,18682,126,85229832ae33bedecaf746af9e563de9d27026932179643fd110893c25e7fe4d,10300100005247434efffe0101003001,,Nintendo LZ10,Probable,,True,Nintendo LZ10,Confirmed,True,304,True,304,7fd219b70f48498c739e7d6a1861a21ecd0d919e9b0c0b71ac5279708a15b5bf,NCGR graphics,Confirmed,False,False
/poketool/pokefoot/pokefoot.narc,/poketool/pokefoot/pokefoot.narc!/member_00167,0,/poketool/pokefoot/pokefoot.narc,330,167,,22712,22845,18684,18817,133,5db52dabe3f08cf56464a2c6b7d34e893ea9ae35851fd67ac3afc63289181d33,10300100005247434efffe0101003001,,Nintendo LZ10,Probable,,True,Nintendo LZ10,Confirmed,True,304,True,304,68dd35e5e6d783e03cb08a9126e8266d9826e27b72d64fcd2efbdd3c4f4368ea,NCGR graphics,Confirmed,False,False
/poketool/pokefoot/pokefoot.narc,/poketool/pokefoot/pokefoot.narc!/member_00168,0,/poketool/pokefoot/pokefoot.narc,330,168,,22848,22961,18820,18933,113,4034a81011fc6666862706803dceafdde9820dd4d2cc6d3d6ff89684b6176bd6,10300100005247434efffe0101003001,,Nintendo LZ10,Probable,,True,Nintendo LZ10,Confirmed,True,304,True,304,c38572ce21afe814e80c132eff4258b33ad9e09cd43a913cb6e8f2c2824b7b85,NCGR graphics,Confirmed,False,False
/poketool/pokefoot/pokefoot.narc,/poketool/pokefoot/pokefoot.narc!/member_00169,0,/poketool/pokefoot/pokefoot.narc,330,169,,22964,23083,18936,19055,119,4778f845478c31e5eee1d91ef2d3c5dbc8aed5aa9fab7570c83f070bcc66702e,10300100005247434efffe0101003001,,Nintendo LZ10,Probable,,True,Nintendo LZ10,Confirmed,True,304,True,304,40fca885be88fad2e88e2a43d392a975cd40b636bd3c3f052ec70e85125bf569,NCGR graphics,Confirmed,False,False
/poketool/pokefoot/pokefoot.narc,/poketool/pokefoot/pokefoot.narc!/member_00170,0,/poketool/pokefoot/pokefoot.narc,330,170,,23084,23174,19056,19146,90,cea7f21f8eec6fbe5c59ddb53390aae0e4226c5523438e384d19680713358db0,10300100005247434efffe0101003001,,Nintendo LZ10,Probable,,True,Nintendo LZ10,Confirmed,True,304,True,304,0b3c7065e58d167adcfa94442ab6c89da8702969b1c2abe1f00f076e39fec057,NCGR graphics,Confirmed,False,False
/poketool/pokefoot/pokefoot.narc,/poketool/pokefoot/pokefoot.narc!/member_00171,0,/poketool/pokefoot/pokefoot.narc,330,171,,23176,23281,19148,19253,105,eacaa7f27b8daa2163f7f30a06f5a13968f4a1d536a49ac2fba1e69a937ff879,10300100005247434efffe0101003001,,Nintendo LZ10,Probable,,True,Nintendo LZ10,Confirmed,True,304,True,304,1ea37be3e0309117157252e04daf07aed44cd6b5846df2bc5ff31a287e8d0518,NCGR graphics,Confirmed,False,False
/poketool/pokefoot/pokefoot.narc,/poketool/pokefoot/pokefoot.narc!/member_00172,0,/poketool/pokefoot/pokefoot.narc,330,172,,23284,23370,19256,19342,86,6a28fda8695aa1a32605f7d868b9ce025f3206b9c6d9055b34250b89d804f8ac,10300100005247434efffe0101003001,,Nintendo LZ10,Probable,,True,Nintendo LZ10,Confirmed,True,304,True,304,b6be6c4e729698ddfcc8b063f20aa90025238a774377a2da2cfc37b4d6bfd985,NCGR graphics,Confirmed,False,False
/poketool/pokefoot/pokefoot.narc,/poketool/pokefoot/pokefoot.narc!/member_00173,0,/poketool/pokefoot/pokefoot.narc,330,173,,23372,23458,19344,19430,86,6a28fda8695aa1a32605f7d868b9ce025f3206b9c6d9055b34250b89d804f8ac,10300100005247434efffe0101003001,,Nintendo LZ10,Probable,,True,Nintendo LZ10,Confirmed,True,304,True,304,b6be6c4e729698ddfcc8b063f20aa90025238a774377a2da2cfc37b4d6bfd985,NCGR graphics,Confirmed,False,False
/poketool/pokefoot/pokefoot.narc,/poketool/pokefoot/pokefoot.narc!/member_00174,0,/poketool/pokefoot/pokefoot.narc,330,174,,23460,23546,19432,19518,86,6a28fda8695aa1a32605f7d868b9ce025f3206b9c6d9055b34250b89d804f8ac,10300100005247434efffe0101003001,,Nintendo LZ10,Probable,,True,Nintendo LZ10,Confirmed,True,304,True,304,b6be6c4e729698ddfcc8b063f20aa90025238a774377a2da2cfc37b4d6bfd985,NCGR graphics,Confirmed,False,False
/poketool/pokefoot/pokefoot.narc,/poketool/pokefoot/pokefoot.narc!/member_00175,0,/poketool/pokefoot/pokefoot.narc,330,175,,23548,23646,19520,19618,98,1aeca5b53712d8713322392dec9a2cbcc3a6a86664de25e6299e9fe58db22d1e,10300100005247434efffe0101003001,,Nintendo LZ10,Probable,,True,Nintendo LZ10,Confirmed,True,304,True,304,561e86727e8d4dafe2e886b292b82e1f2e9e0ab8d0d9fb7edc0c23ffbd8331a9,NCGR graphics,Confirmed,False,False
/poketool/pokefoot/pokefoot.narc,/poketool/pokefoot/pokefoot.narc!/member_00176,0,/poketool/pokefoot/pokefoot.narc,330,176,,23648,23743,19620,19715,95,6bac7eac687d14bb622a79e8771291d0f6c90ce010759fabb4476ba1daa8f38a,10300100005247434efffe0101003001,,Nintendo LZ10,Probable,,True,Nintendo LZ10,Confirmed,True,304,True,304,e539d7aea342bda7c4d2d27d49bb807dd2eba80b11cd1fd7b79c0dd007b92de2,NCGR graphics,Confirmed,False,False
/poketool/pokefoot/pokefoot.narc,/poketool/pokefoot/pokefoot.narc!/member_00177,0,/poketool/pokefoot/pokefoot.narc,330,177,,23744,23848,19716,19820,104,54342031102bf94f25a2e0369036df12cf41682744091a037807ec32bac94395,10300100005247434efffe0101003001,,Nintendo LZ10,Probable,,True,Nintendo LZ10,Confirmed,True,304,True,304,8d5067d1c546b42ae1030709e5b6f40b8e56f32dfcadd8095785f4a3d6dc71f9,NCGR graphics,Confirmed,False,False
/poketool/pokefoot/pokefoot.narc,/poketool/pokefoot/pokefoot.narc!/member_00178,0,/poketool/pokefoot/pokefoot.narc,330,178,,23848,23955,19820,19927,107,e34521ca96a988a4918a29ee4cd86e983e29797c4f4fc01678c08a0b23ddd9d3,10300100005247434efffe0101003001,,Nintendo LZ10,Probable,,True,Nintendo LZ10,Confirmed,True,304,True,304,6dae5c681b4fec3e2dff5fea86cc6607d1762bded1260aae0a65b48ca8bfd737,NCGR graphics,Confirmed,False,False
/poketool/pokefoot/pokefoot.narc,/poketool/pokefoot/pokefoot.narc!/member_00179,0,/poketool/pokefoot/pokefoot.narc,330,179,,23956,24068,19928,20040,112,950ba0c83bcc251b4e77b28c9383ab98a1e6cb0cdcaae499191a299771beb6ea,10300100005247434efffe0101003001,,Nintendo LZ10,Probable,,True,Nintendo LZ10,Confirmed,True,304,True,304,0bc4a2215d9d897fa5cc24b6e7e7bdbfba9af38f66bb306de0d895bde15a61b6,NCGR graphics,Confirmed,False,False
/poketool/pokefoot/pokefoot.narc,/poketool/pokefoot/pokefoot.narc!/member_00180,0,/poketool/pokefoot/pokefoot.narc,330,180,,24068,24164,20040,20136,96,d7d31680ed380b4303c52dff81e599690ca2474c4c3721f9bbb02547e7b0233d,10300100005247434efffe0101003001,,Nintendo LZ10,Probable,,True,Nintendo LZ10,Confirmed,True,304,True,304,7fc15be496394dc69f06150ca79ce1198290d515496194c03d03eb594c4a9c46,NCGR graphics,Confirmed,False,False
/poketool/pokefoot/pokefoot.narc,/poketool/pokefoot/pokefoot.narc!/member_00181,0,/poketool/pokefoot/pokefoot.narc,330,181,,24164,24272,20136,20244,108,c784bd335177c5261d60f5109f8fb270d57d1595fdf5c054f270d707003ed527,10300100005247434efffe0101003001,,Nintendo LZ10,Probable,,True,Nintendo LZ10,Confirmed,True,304,True,304,6930978837608bcca0ca122846c4c069626ad053e2538837b0c9ee7dd72fb791,NCGR graphics,Confirmed,False,False
/poketool/pokefoot/pokefoot.narc,/poketool/pokefoot/pokefoot.narc!/member_00182,0,/poketool/pokefoot/pokefoot.narc,330,182,,24272,24369,20244,20341,97,3b5d9f7bbc1cce54d53d1c7e2d42c9854d5def8b1ef31448660107b0a9c19b6d,10300100005247434efffe0101003001,,Nintendo LZ10,Probable,,True,Nintendo LZ10,Confirmed,True,304,True,304,a21dafe6507e499736ea09c9c9bad3ced396d69338eded75e26f2ab54b639f26,NCGR graphics,Confirmed,False,False
/poketool/pokefoot/pokefoot.narc,/poketool/pokefoot/pokefoot.narc!/member_00183,0,/poketool/pokefoot/pokefoot.narc,330,183,,24372,24472,20344,20444,100,9301f05f25b5fe46e94ee115f073116ef33c4cc1c57f76631bce1e5ff4e54416,10300100005247434efffe0101003001,,Nintendo LZ10,Probable,,True,Nintendo LZ10,Confirmed,True,304,True,304,a2ffb1a15f8423e0425dc0ce237a060eb7a2ae30b1ba895a27993895b079184f,NCGR graphics,Confirmed,False,False
/poketool/pokefoot/pokefoot.narc,/poketool/pokefoot/pokefoot.narc!/member_00184,0,/poketool/pokefoot/pokefoot.narc,330,184,,24472,24584,20444,20556,112,02afce2d7b03c33cc66e6c048913840afbc0548e6ed9a6e928500d1ae97beeae,10300100005247434efffe0101003001,,Nintendo LZ10,Probable,,True,Nintendo LZ10,Confirmed,True,304,True,304,73689cb918fe43e7cf13896fa5c1b884986779e5b65d033ded031afc676799cc,NCGR graphics,Confirmed,False,False
/poketool/pokefoot/pokefoot.narc,/poketool/pokefoot/pokefoot.narc!/member_00185,0,/poketool/pokefoot/pokefoot.narc,330,185,,24584,24670,20556,20642,86,6a28fda8695aa1a32605f7d868b9ce025f3206b9c6d9055b34250b89d804f8ac,10300100005247434efffe0101003001,,Nintendo LZ10,Probable,,True,Nintendo LZ10,Confirmed,True,304,True,304,b6be6c4e729698ddfcc8b063f20aa90025238a774377a2da2cfc37b4d6bfd985,NCGR graphics,Confirmed,False,False
/poketool/pokefoot/pokefoot.narc,/poketool/pokefoot/pokefoot.narc!/member_00186,0,/poketool/pokefoot/pokefoot.narc,330,186,,24672,24771,20644,20743,99,ab5164afb4ea15b2edfacd4e8f97ca25a08d6333bf1a0b3546ba3d8728fd5a98,10300100005247434efffe0101003001,,Nintendo LZ10,Probable,,True,Nintendo LZ10,Confirmed,True,304,True,304,167d24453edfeaad5bc10750f87b00f0f104930f69060990f5aba897b2484737,NCGR graphics,Confirmed,False,False
/poketool/pokefoot/pokefoot.narc,/poketool/pokefoot/pokefoot.narc!/member_00187,0,/poketool/pokefoot/pokefoot.narc,330,187,,24772,24874,20744,20846,102,49b80e64bc2ddf5cef635ef225a8b443e821787b3ee3d3f4a8bf082d79f982a9,10300100005247434efffe0101003001,,Nintendo LZ10,Probable,,True,Nintendo LZ10,Confirmed,True,304,True,304,25fb49e746c37949730b21b7d4014cd0a96c72b30dab7a870564a866268b544b,NCGR graphics,Confirmed,False,False
/poketool/pokefoot/pokefoot.narc,/poketool/pokefoot/pokefoot.narc!/member_00188,0,/poketool/pokefoot/pokefoot.narc,330,188,,24876,24978,20848,20950,102,d94cd37291f944669f4c36c7a95e709c353ef336e0f039a2453a94b7acd13ad8,10300100005247434efffe0101003001,,Nintendo LZ10,Probable,,True,Nintendo LZ10,Confirmed,True,304,True,304,5b76ab0625a91e5e0590c8ece3ffe86a0a4fcef33b5c837caa26125f1183a9a1,NCGR graphics,Confirmed,False,False
/poketool/pokefoot/pokefoot.narc,/poketool/pokefoot/pokefoot.narc!/member_00189,0,/poketool/pokefoot/pokefoot.narc,330,189,,24980,25100,20952,21072,120,e6109664ecaa443fa87dbc88d8a10be346ba3dd8a4198256cab6e066c8f2426a,10300100005247434efffe0101003001,,Nintendo LZ10,Probable,,True,Nintendo LZ10,Confirmed,True,304,True,304,95a56ffb4101e3d4a5042651e97cc57bb5d1ba6e97d31a2b465c166ead457dcc,NCGR graphics,Confirmed,False,False
/poketool/pokefoot/pokefoot.narc,/poketool/pokefoot/pokefoot.narc!/member_00190,0,/poketool/pokefoot/pokefoot.narc,330,190,,25100,25200,21072,21172,100,084e670246b22bc2d5cb4071bd17baa9587936fc5c6b4594a033d6c43f2c0082,10300100005247434efffe0101003001,,Nintendo LZ10,Probable,,True,Nintendo LZ10,Confirmed,True,304,True,304,58b83c28a7df46f04832c1a03f73348ea373b356c9ea6b747eff7a7237bfe65e,NCGR graphics,Confirmed,False,False
/poketool/pokefoot/pokefoot.narc,/poketool/pokefoot/pokefoot.narc!/member_00191,0,/poketool/pokefoot/pokefoot.narc,330,191,,25200,25304,21172,21276,104,776ef392c667656cccb97110926af7a0179a7a147da38d2cb459b52e2c388cf7,10300100005247434efffe0101003001,,Nintendo LZ10,Probable,,True,Nintendo LZ10,Confirmed,True,304,True,304,5f2ce1273ecdd9ccae6f00f369cfac003d6fcecd0572036421f45c49dfdd221f,NCGR graphics,Confirmed,False,False
/poketool/pokefoot/pokefoot.narc,/poketool/pokefoot/pokefoot.narc!/member_00192,0,/poketool/pokefoot/pokefoot.narc,330,192,,25304,25408,21276,21380,104,63d278ad4dc44cb15ad0acc4c19e24dbd9a972456e61abb92150f9f3bc61f909,10300100005247434efffe0101003001,,Nintendo LZ10,Probable,,True,Nintendo LZ10,Confirmed,True,304,True,304,6eeeb2e2151d75435f18c5f9cd0f5476452a461711a3243ae7711145c61ff354,NCGR graphics,Confirmed,False,False
/poketool/pokefoot/pokefoot.narc,/poketool/pokefoot/pokefoot.narc!/member_00193,0,/poketool/pokefoot/pokefoot.narc,330,193,,25408,25518,21380,21490,110,4c44eda601bdce547e348fb54cf7ad73f346d284fb4df735e0cbbb4b46b68ab8,10300100005247434efffe0101003001,,Nintendo LZ10,Probable,,True,Nintendo LZ10,Confirmed,True,304,True,304,a2fd949a4f97aa1150d4e526e4b30729b8a5f2d8adeee83606b897a9aa7d9c19,NCGR graphics,Confirmed,False,False
/poketool/pokefoot/pokefoot.narc,/poketool/pokefoot/pokefoot.narc!/member_00194,0,/poketool/pokefoot/pokefoot.narc,330,194,,25520,25606,21492,21578,86,6a28fda8695aa1a32605f7d868b9ce025f3206b9c6d9055b34250b89d804f8ac,10300100005247434efffe0101003001,,Nintendo LZ10,Probable,,True,Nintendo LZ10,Confirmed,True,304,True,304,b6be6c4e729698ddfcc8b063f20aa90025238a774377a2da2cfc37b4d6bfd985,NCGR graphics,Confirmed,False,False
/poketool/pokefoot/pokefoot.narc,/poketool/pokefoot/pokefoot.narc!/member_00195,0,/poketool/pokefoot/pokefoot.narc,330,195,,25608,25717,21580,21689,109,c31cf244618d701ba342dbf3138359ad1139e6dd70bbacdb8f92e5f8efab8f72,10300100005247434efffe0101003001,,Nintendo LZ10,Probable,,True,Nintendo LZ10,Confirmed,True,304,True,304,d6ffd0f63a82a6dbd3a7258ebeaca865132d8e5063bf9cb11a70cdabccf8a072,NCGR graphics,Confirmed,False,False
/poketool/pokefoot/pokefoot.narc,/poketool/pokefoot/pokefoot.narc!/member_00196,0,/poketool/pokefoot/pokefoot.narc,330,196,,25720,25820,21692,21792,100,70c024b29d79f5c44ca5b88636d88e861c2148c0bca22e79ddb9b3b6395c9f97,10300100005247434efffe0101003001,,Nintendo LZ10,Probable,,True,Nintendo LZ10,Confirmed,True,304,True,304,abe66024938f72bf985c257dfabb18d1ce2486df93fed2580b7f9f117482076d,NCGR graphics,Confirmed,False,False
/poketool/pokefoot/pokefoot.narc,/poketool/pokefoot/pokefoot.narc!/member_00197,0,/poketool/pokefoot/pokefoot.narc,330,197,,25820,25918,21792,21890,98,1f084e91ff7045e5fb0ca52915071861c9bf5e5e0673528d3bdec4b36497cee2,10300100005247434efffe0101003001,,Nintendo LZ10,Probable,,True,Nintendo LZ10,Confirmed,True,304,True,304,4b1abe873aa703a23f848996614dd73e62b2d145891a6444403fbdc8dd207519,NCGR graphics,Confirmed,False,False
/poketool/pokefoot/pokefoot.narc,/poketool/pokefoot/pokefoot.narc!/member_00198,0,/poketool/pokefoot/pokefoot.narc,330,198,,25920,26031,21892,22003,111,bca6d08e48e5a2890f7fa5fa17eb2a24bc700925033833fe5d93409038567364,10300100005247434efffe0101003001,,Nintendo LZ10,Probable,,True,Nintendo LZ10,Confirmed,True,304,True,304,b939f9711b22bba8a0b89b26696da3c488e65ba56e6c0f2d64382926baf9cc62,NCGR graphics,Confirmed,False,False
/poketool/pokefoot/pokefoot.narc,/poketool/pokefoot/pokefoot.narc!/member_00199,0,/poketool/pokefoot/pokefoot.narc,330,199,,26032,26129,22004,22101,97,c0d5bbb848fbc140de0d70b8730505b98453e2ec4110297e2a97970c8cdc3818,10300100005247434efffe0101003001,,Nintendo LZ10,Probable,,True,Nintendo LZ10,Confirmed,True,304,True,304,133cd2b2bd4a65822b7838e8068fcfc01cad57ea3307c8bd17b12dce538edfeb,NCGR graphics,Confirmed,False,False
/poketool/pokefoot/pokefoot.narc,/poketool/pokefoot/pokefoot.narc!/member_00200,0,/poketool/pokefoot/pokefoot.narc,330,200,,26132,26239,22104,22211,107,b3994784d1e105843c7cee27a9d3a0204c25faa520ebf9e6de1d94a8775eb77e,10300100005247434efffe0101003001,,Nintendo LZ10,Probable,,True,Nintendo LZ10,Confirmed,True,304,True,304,a7d1383034f29a54e68323d4450d57fa10b27e34492cc2fc93f300857a574569,NCGR graphics,Confirmed,False,False
/poketool/pokefoot/pokefoot.narc,/poketool/pokefoot/pokefoot.narc!/member_00201,0,/poketool/pokefoot/pokefoot.narc,330,201,,26240,26351,22212,22323,111,c71aa43952d89bdcf22e8f5177d5affdcf322d628f7b1821fdd940798c53ee24,10300100005247434efffe0101003001,,Nintendo LZ10,Probable,,True,Nintendo LZ10,Confirmed,True,304,True,304,742e1d1cf70c03b245f883d919e59eed04d63b2310e5f3ea4a4a3e3c60a3e778,NCGR graphics,Confirmed,False,False
/poketool/pokefoot/pokefoot.narc,/poketool/pokefoot/pokefoot.narc!/member_00202,0,/poketool/pokefoot/pokefoot.narc,330,202,,26352,26456,22324,22428,104,09d72b10d9c37022cc90e1a96c0b6f82f38c8b9c3a705082f10192fbf8c23236,10300100005247434efffe0101003001,,Nintendo LZ10,Probable,,True,Nintendo LZ10,Confirmed,True,304,True,304,9b381156469adb8ec258da5fa3b3d4a3ec5c7a1f9f00706fb4e0eda9b7d3a183,NCGR graphics,Confirmed,False,False
/poketool/pokefoot/pokefoot.narc,/poketool/pokefoot/pokefoot.narc!/member_00203,0,/poketool/pokefoot/pokefoot.narc,330,203,,26456,26542,22428,22514,86,6a28fda8695aa1a32605f7d868b9ce025f3206b9c6d9055b34250b89d804f8ac,10300100005247434efffe0101003001,,Nintendo LZ10,Probable,,True,Nintendo LZ10,Confirmed,True,304,True,304,b6be6c4e729698ddfcc8b063f20aa90025238a774377a2da2cfc37b4d6bfd985,NCGR graphics,Confirmed,False,False
/poketool/pokefoot/pokefoot.narc,/poketool/pokefoot/pokefoot.narc!/member_00204,0,/poketool/pokefoot/pokefoot.narc,330,204,,26544,26630,22516,22602,86,6a28fda8695aa1a32605f7d868b9ce025f3206b9c6d9055b34250b89d804f8ac,10300100005247434efffe0101003001,,Nintendo LZ10,Probable,,True,Nintendo LZ10,Confirmed,True,304,True,304,b6be6c4e729698ddfcc8b063f20aa90025238a774377a2da2cfc37b4d6bfd985,NCGR graphics,Confirmed,False,False
/poketool/pokefoot/pokefoot.narc,/poketool/pokefoot/pokefoot.narc!/member_00205,0,/poketool/pokefoot/pokefoot.narc,330,205,,26632,26733,22604,22705,101,e35bff82e364eaa30236ea575d0aa013563c625bf2c16427c517a6b2d51de8ec,10300100005247434efffe0101003001,,Nintendo LZ10,Probable,,True,Nintendo LZ10,Confirmed,True,304,True,304,8e0b467e29686de65d9bebb8fd2a3361969dc704d02339eec10aaf00312dc516,NCGR graphics,Confirmed,False,False
/poketool/pokefoot/pokefoot.narc,/poketool/pokefoot/pokefoot.narc!/member_00206,0,/poketool/pokefoot/pokefoot.narc,330,206,,26736,26835,22708,22807,99,1b0b4d0df6656e80e4e17542bd28e2498e487e07fe5f7eee7553278e74fe5952,10300100005247434efffe0101003001,,Nintendo LZ10,Probable,,True,Nintendo LZ10,Confirmed,True,304,True,304,54bb638c64f05163d9a0c3f6af9f2ebbafb8ace82f1dc0b59ac7052f2178ab3a,NCGR graphics,Confirmed,False,False
/poketool/pokefoot/pokefoot.narc,/poketool/pokefoot/pokefoot.narc!/member_00207,0,/poketool/pokefoot/pokefoot.narc,330,207,,26836,26922,22808,22894,86,6a28fda8695aa1a32605f7d868b9ce025f3206b9c6d9055b34250b89d804f8ac,10300100005247434efffe0101003001,,Nintendo LZ10,Probable,,True,Nintendo LZ10,Confirmed,True,304,True,304,b6be6c4e729698ddfcc8b063f20aa90025238a774377a2da2cfc37b4d6bfd985,NCGR graphics,Confirmed,False,False
/poketool/pokefoot/pokefoot.narc,/poketool/pokefoot/pokefoot.narc!/member_00208,0,/poketool/pokefoot/pokefoot.narc,330,208,,26924,27010,22896,22982,86,6a28fda8695aa1a32605f7d868b9ce025f3206b9c6d9055b34250b89d804f8ac,10300100005247434efffe0101003001,,Nintendo LZ10,Probable,,True,Nintendo LZ10,Confirmed,True,304,True,304,b6be6c4e729698ddfcc8b063f20aa90025238a774377a2da2cfc37b4d6bfd985,NCGR graphics,Confirmed,False,False
/poketool/pokefoot/pokefoot.narc,/poketool/pokefoot/pokefoot.narc!/member_00209,0,/poketool/pokefoot/pokefoot.narc,330,209,,27012,27098,22984,23070,86,6a28fda8695aa1a32605f7d868b9ce025f3206b9c6d9055b34250b89d804f8ac,10300100005247434efffe0101003001,,Nintendo LZ10,Probable,,True,Nintendo LZ10,Confirmed,True,304,True,304,b6be6c4e729698ddfcc8b063f20aa90025238a774377a2da2cfc37b4d6bfd985,NCGR graphics,Confirmed,False,False
/poketool/pokefoot/pokefoot.narc,/poketool/pokefoot/pokefoot.narc!/member_00210,0,/poketool/pokefoot/pokefoot.narc,330,210,,27100,27208,23072,23180,108,a7700fdf0a8be689d293100c29ca488dc4f89b7f5a624fc11ecfca70c0d87805,10300100005247434efffe0101003001,,Nintendo LZ10,Probable,,True,Nintendo LZ10,Confirmed,True,304,True,304,6c0298b38dc5245e272dfb38cae6de15b68e602588c154fcc479aec6467552e5,NCGR graphics,Confirmed,False,False
/poketool/pokefoot/pokefoot.narc,/poketool/pokefoot/pokefoot.narc!/member_00211,0,/poketool/pokefoot/pokefoot.narc,330,211,,27208,27294,23180,23266,86,6a28fda8695aa1a32605f7d868b9ce025f3206b9c6d9055b34250b89d804f8ac,10300100005247434efffe0101003001,,Nintendo LZ10,Probable,,True,Nintendo LZ10,Confirmed,True,304,True,304,b6be6c4e729698ddfcc8b063f20aa90025238a774377a2da2cfc37b4d6bfd985,NCGR graphics,Confirmed,False,False
/poketool/pokefoot/pokefoot.narc,/poketool/pokefoot/pokefoot.narc!/member_00212,0,/poketool/pokefoot/pokefoot.narc,330,212,,27296,27408,23268,23380,112,5a39ee6662049593e5b35701d0b0b0077f340b480fe135a2f15f9639b973e09a,10300100005247434efffe0101003001,,Nintendo LZ10,Probable,,True,Nintendo LZ10,Confirmed,True,304,True,304,2910cfdf07e880898bfe4e9db98530127eac8d5522f60ed82b9d55e44375509e,NCGR graphics,Confirmed,False,False
/poketool/pokefoot/pokefoot.narc,/poketool/pokefoot/pokefoot.narc!/member_00213,0,/poketool/pokefoot/pokefoot.narc,330,213,,27408,27530,23380,23502,122,26bfb46fc08dd650bc2b8f9dd7a5368e74935e39e7112d5149baaca66a65df1e,10300100005247434efffe0101003001,,Nintendo LZ10,Probable,,True,Nintendo LZ10,Confirmed,True,304,True,304,8775ff777151c62d0e8f140364d8059b1138f76ce6d8154c649b9307bc3377e2,NCGR graphics,Confirmed,False,False
/poketool/pokefoot/pokefoot.narc,/poketool/pokefoot/pokefoot.narc!/member_00214,0,/poketool/pokefoot/pokefoot.narc,330,214,,27532,27618,23504,23590,86,6a28fda8695aa1a32605f7d868b9ce025f3206b9c6d9055b34250b89d804f8ac,10300100005247434efffe0101003001,,Nintendo LZ10,Probable,,True,Nintendo LZ10,Confirmed,True,304,True,304,b6be6c4e729698ddfcc8b063f20aa90025238a774377a2da2cfc37b4d6bfd985,NCGR graphics,Confirmed,False,False
/poketool/pokefoot/pokefoot.narc,/poketool/pokefoot/pokefoot.narc!/member_00215,0,/poketool/pokefoot/pokefoot.narc,330,215,,27620,27736,23592,23708,116,05fb430cfd32ab514fb58c86c707098ac2aeaf82ba8c3c331c8c776143720034,10300100005247434efffe0101003001,,Nintendo LZ10,Probable,,True,Nintendo LZ10,Confirmed,True,304,True,304,462eb7c7188876babd8b59c3159035c046034b5fdb8473e4bffdb5c7b5272570,NCGR graphics,Confirmed,False,False
/poketool/pokefoot/pokefoot.narc,/poketool/pokefoot/pokefoot.narc!/member_00216,0,/poketool/pokefoot/pokefoot.narc,330,216,,27736,27842,23708,23814,106,553cb83a67509bb1156c54dc69dcaa72a1777b879219e21ecaacce14a54dccd4,10300100005247434efffe0101003001,,Nintendo LZ10,Probable,,True,Nintendo LZ10,Confirmed,True,304,True,304,9e4fdcbb0cacf71e4b7eb7f2166ee5cf7b899d2ffb478752450f80e64df66657,NCGR graphics,Confirmed,False,False
/poketool/pokefoot/pokefoot.narc,/poketool/pokefoot/pokefoot.narc!/member_00217,0,/poketool/pokefoot/pokefoot.narc,330,217,,27844,27959,23816,23931,115,80862ee942551c6348d7ed3d9aaa658661753c07ba4686034cf7eec11aa77127,10300100005247434efffe0101003001,,Nintendo LZ10,Probable,,True,Nintendo LZ10,Confirmed,True,304,True,304,265a8ab311e96607e218358666d20a2414456057e16b9dafd80108c016a1dda3,NCGR graphics,Confirmed,False,False
/poketool/pokefoot/pokefoot.narc,/poketool/pokefoot/pokefoot.narc!/member_00218,0,/poketool/pokefoot/pokefoot.narc,330,218,,27960,28068,23932,24040,108,1be118ac69a1d71388ebd7da680b3f5c08e5b05f6dcc7e82392b3ff69086e4c8,10300100005247434efffe0101003001,,Nintendo LZ10,Probable,,True,Nintendo LZ10,Confirmed,True,304,True,304,efe14f590c03a0c5e35673ebed7a14aba4b95115babb29704e0849daa703d482,NCGR graphics,Confirmed,False,False
/poketool/pokefoot/pokefoot.narc,/poketool/pokefoot/pokefoot.narc!/member_00219,0,/poketool/pokefoot/pokefoot.narc,330,219,,28068,28179,24040,24151,111,681d9373115e327adf6dd30ce18b6b92abd8062f5010e1f033f119f90abaa3fc,10300100005247434efffe0101003001,,Nintendo LZ10,Probable,,True,Nintendo LZ10,Confirmed,True,304,True,304,6d47a7fdfbb21413a0e2a0142c9bcc4bf7128aefdd68565e5821a9d4876309b6,NCGR graphics,Confirmed,False,False
/poketool/pokefoot/pokefoot.narc,/poketool/pokefoot/pokefoot.narc!/member_00220,0,/poketool/pokefoot/pokefoot.narc,330,220,,28180,28307,24152,24279,127,a358545f995e02aa3d8ec5b9f38bf3b9f6cf35fa91934e0c0040e83aa29e23bc,10300100005247434efffe0101003001,,Nintendo LZ10,Probable,,True,Nintendo LZ10,Confirmed,True,304,True,304,35562427814e79fe49f83769398249b136829071ef8a2237bb9b0041c736ec63,NCGR graphics,Confirmed,False,False
/poketool/pokefoot/pokefoot.narc,/poketool/pokefoot/pokefoot.narc!/member_00221,0,/poketool/pokefoot/pokefoot.narc,330,221,,28308,28394,24280,24366,86,6a28fda8695aa1a32605f7d868b9ce025f3206b9c6d9055b34250b89d804f8ac,10300100005247434efffe0101003001,,Nintendo LZ10,Probable,,True,Nintendo LZ10,Confirmed,True,304,True,304,b6be6c4e729698ddfcc8b063f20aa90025238a774377a2da2cfc37b4d6bfd985,NCGR graphics,Confirmed,False,False
/poketool/pokefoot/pokefoot.narc,/poketool/pokefoot/pokefoot.narc!/member_00222,0,/poketool/pokefoot/pokefoot.narc,330,222,,28396,28482,24368,24454,86,6a28fda8695aa1a32605f7d868b9ce025f3206b9c6d9055b34250b89d804f8ac,10300100005247434efffe0101003001,,Nintendo LZ10,Probable,,True,Nintendo LZ10,Confirmed,True,304,True,304,b6be6c4e729698ddfcc8b063f20aa90025238a774377a2da2cfc37b4d6bfd985,NCGR graphics,Confirmed,False,False
/poketool/pokefoot/pokefoot.narc,/poketool/pokefoot/pokefoot.narc!/member_00223,0,/poketool/pokefoot/pokefoot.narc,330,223,,28484,28583,24456,24555,99,a4a505caaadbe2a277c47e6db034a80da8c01edb953ed7a2c0902b999b50047e,10300100005247434efffe0101003001,,Nintendo LZ10,Probable,,True,Nintendo LZ10,Confirmed,True,304,True,304,dd385fd0060c93585ff01f5520b5e89a8c7a17eef5c34a4325502da8096f8d78,NCGR graphics,Confirmed,False,False
/poketool/pokefoot/pokefoot.narc,/poketool/pokefoot/pokefoot.narc!/member_00224,0,/poketool/pokefoot/pokefoot.narc,330,224,,28584,28705,24556,24677,121,454d1724f2e21b0873aa206c7efd3b19ae936b9b2d4c81b230416b33caf56579,10300100005247434efffe0101003001,,Nintendo LZ10,Probable,,True,Nintendo LZ10,Confirmed,True,304,True,304,1cbe4b1448e6b837391855b41a7d7c08499f0db70cea85166f23f6d414dfa680,NCGR graphics,Confirmed,False,False
/poketool/pokefoot/pokefoot.narc,/poketool/pokefoot/pokefoot.narc!/member_00225,0,/poketool/pokefoot/pokefoot.narc,330,225,,28708,28807,24680,24779,99,2fe03eabed12df2f12d1d27ebf3c93b64fcbb53b2b839c78b26bebc1c5f8badd,10300100005247434efffe0101003001,,Nintendo LZ10,Probable,,True,Nintendo LZ10,Confirmed,True,304,True,304,accae095c0ec7b0c0c2cc82bee84f5ffcb7f52f41ab617589e65699b308f3e73,NCGR graphics,Confirmed,False,False
/poketool/pokefoot/pokefoot.narc,/poketool/pokefoot/pokefoot.narc!/member_00226,0,/poketool/pokefoot/pokefoot.narc,330,226,,28808,28894,24780,24866,86,6a28fda8695aa1a32605f7d868b9ce025f3206b9c6d9055b34250b89d804f8ac,10300100005247434efffe0101003001,,Nintendo LZ10,Probable,,True,Nintendo LZ10,Confirmed,True,304,True,304,b6be6c4e729698ddfcc8b063f20aa90025238a774377a2da2cfc37b4d6bfd985,NCGR graphics,Confirmed,False,False
/poketool/pokefoot/pokefoot.narc,/poketool/pokefoot/pokefoot.narc!/member_00227,0,/poketool/pokefoot/pokefoot.narc,330,227,,28896,29016,24868,24988,120,77d28f9343aa371f19694f94bfe0eadd8bfabe229c60e8e38df48ca692f8371f,10300100005247434efffe0101003001,,Nintendo LZ10,Probable,,True,Nintendo LZ10,Confirmed,True,304,True,304,985fbcb519c4a2030485a7e6f97925b2a1c6100b0562578aafc7a81ed5b44038,NCGR graphics,Confirmed,False,False
/poketool/pokefoot/pokefoot.narc,/poketool/pokefoot/pokefoot.narc!/member_00228,0,/poketool/pokefoot/pokefoot.narc,330,228,,29016,29128,24988,25100,112,db567136c8a98300fa827bc429268c8d5e8cb0b250dab909ab74cee2075d408d,10300100005247434efffe0101003001,,Nintendo LZ10,Probable,,True,Nintendo LZ10,Confirmed,True,304,True,304,a3d81457c53fd6c391118406d9bdab31e227600836cba22001ceb246aaf35dae,NCGR graphics,Confirmed,False,False
/poketool/pokefoot/pokefoot.narc,/poketool/pokefoot/pokefoot.narc!/member_00229,0,/poketool/pokefoot/pokefoot.narc,330,229,,29128,29214,25100,25186,86,6a28fda8695aa1a32605f7d868b9ce025f3206b9c6d9055b34250b89d804f8ac,10300100005247434efffe0101003001,,Nintendo LZ10,Probable,,True,Nintendo LZ10,Confirmed,True,304,True,304,b6be6c4e729698ddfcc8b063f20aa90025238a774377a2da2cfc37b4d6bfd985,NCGR graphics,Confirmed,False,False
/poketool/pokefoot/pokefoot.narc,/poketool/pokefoot/pokefoot.narc!/member_00230,0,/poketool/pokefoot/pokefoot.narc,330,230,,29216,29331,25188,25303,115,e426b852b0436fe43c86b26994879aa8d386236659e7e6dff7b685979e575f68,10300100005247434efffe0101003001,,Nintendo LZ10,Probable,,True,Nintendo LZ10,Confirmed,True,304,True,304,9b61c3ca26eb8b7efdc97828efea7b431c6252c6653e4c9c67bc737b95c2eac7,NCGR graphics,Confirmed,False,False
/poketool/pokefoot/pokefoot.narc,/poketool/pokefoot/pokefoot.narc!/member_00231,0,/poketool/pokefoot/pokefoot.narc,330,231,,29332,29443,25304,25415,111,b520e782ea056740995b12e442a655ceeb5f347caddbeb805b3ccd3da4aa8a10,10300100005247434efffe0101003001,,Nintendo LZ10,Probable,,True,Nintendo LZ10,Confirmed,True,304,True,304,635c3e8b1984b444089f66c667b1b29c24d205bf50b740b72df4ca66d013a0fe,NCGR graphics,Confirmed,False,False
/poketool/pokefoot/pokefoot.narc,/poketool/pokefoot/pokefoot.narc!/member_00232,0,/poketool/pokefoot/pokefoot.narc,330,232,,29444,29577,25416,25549,133,12b982065ff4081ae2131515da3f1fdf4e83f0d601d6a129a883ac3c20988a84,10300100005247434efffe0101003001,,Nintendo LZ10,Probable,,True,Nintendo LZ10,Confirmed,True,304,True,304,809e99add9e1b1a9fca319bee8a002517dea2e4a773c6db42b5a31c6f1eea235,NCGR graphics,Confirmed,False,False
/poketool/pokefoot/pokefoot.narc,/poketool/pokefoot/pokefoot.narc!/member_00233,0,/poketool/pokefoot/pokefoot.narc,330,233,,29580,29666,25552,25638,86,6a28fda8695aa1a32605f7d868b9ce025f3206b9c6d9055b34250b89d804f8ac,10300100005247434efffe0101003001,,Nintendo LZ10,Probable,,True,Nintendo LZ10,Confirmed,True,304,True,304,b6be6c4e729698ddfcc8b063f20aa90025238a774377a2da2cfc37b4d6bfd985,NCGR graphics,Confirmed,False,False
/poketool/pokefoot/pokefoot.narc,/poketool/pokefoot/pokefoot.narc!/member_00234,0,/poketool/pokefoot/pokefoot.narc,330,234,,29668,29776,25640,25748,108,500d7c065f1798e99d2c37854931942f06b204fd648c76cdc883993b9c382193,10300100005247434efffe0101003001,,Nintendo LZ10,Probable,,True,Nintendo LZ10,Confirmed,True,304,True,304,f9729d2bb602757155ea21bda7eab69ce34e5ee79b750f336313d8ad5bf08022,NCGR graphics,Confirmed,False,False
/poketool/pokefoot/pokefoot.narc,/poketool/pokefoot/pokefoot.narc!/member_00235,0,/poketool/pokefoot/pokefoot.narc,330,235,,29776,29891,25748,25863,115,85430087ee1c4164efa30e45230a324db9a69b9f4c539d32787798cd843714b5,10300100005247434efffe0101003001,,Nintendo LZ10,Probable,,True,Nintendo LZ10,Confirmed,True,304,True,304,6d9eb6c3136ad8660a7ef1a76ce1111c415c3c625a4e4e9e7994c94bca1238ca,NCGR graphics,Confirmed,False,False
/poketool/pokefoot/pokefoot.narc,/poketool/pokefoot/pokefoot.narc!/member_00236,0,/poketool/pokefoot/pokefoot.narc,330,236,,29892,29997,25864,25969,105,2787c5e9041ad074a99424b85c093b9a322f3224c14b9e013d856071dc423bf5,10300100005247434efffe0101003001,,Nintendo LZ10,Probable,,True,Nintendo LZ10,Confirmed,True,304,True,304,03353cf0521243702027d96f0a833f9ba156d2e9a4c53f7c00981004f20c377b,NCGR graphics,Confirmed,False,False
/poketool/pokefoot/pokefoot.narc,/poketool/pokefoot/pokefoot.narc!/member_00237,0,/poketool/pokefoot/pokefoot.narc,330,237,,30000,30098,25972,26070,98,3d812925fefd146f69bca8e6f9ff65ec8391e6552fcdba7ed8df34aaee7ba7c3,10300100005247434efffe0101003001,,Nintendo LZ10,Probable,,True,Nintendo LZ10,Confirmed,True,304,True,304,eba1bd57ad6b8efd42a398b713b033fefb89fef5c1ab0f5641cd9ba10306db57,NCGR graphics,Confirmed,False,False
/poketool/pokefoot/pokefoot.narc,/poketool/pokefoot/pokefoot.narc!/member_00238,0,/poketool/pokefoot/pokefoot.narc,330,238,,30100,30222,26072,26194,122,e7cb0f83a0da6d477c5f1c792873e2d7372b0419a38b9a681dc40483c2eae8ed,10300100005247434efffe0101003001,,Nintendo LZ10,Probable,,True,Nintendo LZ10,Confirmed,True,304,True,304,2517aac7703c1e8d8d83f498eeb6762fb83603b7c94bf02cefa541297f75fbc5,NCGR graphics,Confirmed,False,False
/poketool/pokefoot/pokefoot.narc,/poketool/pokefoot/pokefoot.narc!/member_00239,0,/poketool/pokefoot/pokefoot.narc,330,239,,30224,30322,26196,26294,98,c5f5d8cd17bc4292bdd0faf4548c53ac45522029d5227a9bfa8d25ef3c0b1a9a,10300100005247434efffe0101003001,,Nintendo LZ10,Probable,,True,Nintendo LZ10,Confirmed,True,304,True,304,7c509513c16d3a1c739e53b7fbaf6e442f65d026525e0dd7dbefc33346941c00,NCGR graphics,Confirmed,False,False
/poketool/pokefoot/pokefoot.narc,/poketool/pokefoot/pokefoot.narc!/member_00240,0,/poketool/pokefoot/pokefoot.narc,330,240,,30324,30455,26296,26427,131,6fc03959f7a4fa5e8a1fb840061d81b87793c1b1d1a2830e3f8faf480b05ac59,10300100005247434efffe0101003001,,Nintendo LZ10,Probable,,True,Nintendo LZ10,Confirmed,True,304,True,304,afde78962e2318744c95b550a8111838dbe9eaf2bb01e1d794264a254f1b7f7d,NCGR graphics,Confirmed,False,False
/poketool/pokefoot/pokefoot.narc,/poketool/pokefoot/pokefoot.narc!/member_00241,0,/poketool/pokefoot/pokefoot.narc,330,241,,30456,30555,26428,26527,99,b7f88b3119a5eaec5b9b20e28fbe1c9defcbf753286674398320e1b0a1fc9636,10300100005247434efffe0101003001,,Nintendo LZ10,Probable,,True,Nintendo LZ10,Confirmed,True,304,True,304,ad2d5e06f94670c7784af69aba5185851ce2fcdca561b68bbf9b55862dbf6a1e,NCGR graphics,Confirmed,False,False
/poketool/pokefoot/pokefoot.narc,/poketool/pokefoot/pokefoot.narc!/member_00242,0,/poketool/pokefoot/pokefoot.narc,330,242,,30556,30664,26528,26636,108,bdfd4e23bca182fca14de660401f7db9c938a919bad0d9a997002fd3f37a1532,10300100005247434efffe0101003001,,Nintendo LZ10,Probable,,True,Nintendo LZ10,Confirmed,True,304,True,304,c1d1a291990458088734d817609389789614d7f42cb6bc477d3005c351ffc788,NCGR graphics,Confirmed,False,False
/poketool/pokefoot/pokefoot.narc,/poketool/pokefoot/pokefoot.narc!/member_00243,0,/poketool/pokefoot/pokefoot.narc,330,243,,30664,30776,26636,26748,112,96f058aa40a111450feac4c4e555fb786c9917ed03ab04f9784d8e1c4b46a19b,10300100005247434efffe0101003001,,Nintendo LZ10,Probable,,True,Nintendo LZ10,Confirmed,True,304,True,304,471b1b1680cb18e45b75c5d9e552671d9248284dfccfd119225ce846cf95c9c0,NCGR graphics,Confirmed,False,False
/poketool/pokefoot/pokefoot.narc,/poketool/pokefoot/pokefoot.narc!/member_00244,0,/poketool/pokefoot/pokefoot.narc,330,244,,30776,30878,26748,26850,102,aedf045c8d6c7c90cb51cdff27c57ba584feffb497d8ddd5b65270aea63d32a0,10300100005247434efffe0101003001,,Nintendo LZ10,Probable,,True,Nintendo LZ10,Confirmed,True,304,True,304,ef1d11294ab33ed92ed0f8b8c11b125c2f6066beae6c348e95805b3b6a3a2e8d,NCGR graphics,Confirmed,False,False
/poketool/pokefoot/pokefoot.narc,/poketool/pokefoot/pokefoot.narc!/member_00245,0,/poketool/pokefoot/pokefoot.narc,330,245,,30880,30993,26852,26965,113,d0dfc8b3e5936462254996104ac7a31b4076e247a060d96c631f913de07f22ed,10300100005247434efffe0101003001,,Nintendo LZ10,Probable,,True,Nintendo LZ10,Confirmed,True,304,True,304,54d47e5032bf8cd5d8516387cfbbc28526b8fc0f356b37cb5981e359dd7a1fe8,NCGR graphics,Confirmed,False,False
/poketool/pokefoot/pokefoot.narc,/poketool/pokefoot/pokefoot.narc!/member_00246,0,/poketool/pokefoot/pokefoot.narc,330,246,,30996,31114,26968,27086,118,0cdb904673518e96942783d53897e8d8a2fb2c842d7c57f7c53fa1355aac7e31,10300100005247434efffe0101003001,,Nintendo LZ10,Probable,,True,Nintendo LZ10,Confirmed,True,304,True,304,f1ee65b60942670a95b9ca6d8515be1c2d54a37c180ab80774c4ce3d3ca1d065,NCGR graphics,Confirmed,False,False
/poketool/pokefoot/pokefoot.narc,/poketool/pokefoot/pokefoot.narc!/member_00247,0,/poketool/pokefoot/pokefoot.narc,330,247,,31116,31236,27088,27208,120,6aa824ff1fa95d28b9f422e0302c26912c6376c093a37e6ebaf653c63ebfe7b1,10300100005247434efffe0101003001,,Nintendo LZ10,Probable,,True,Nintendo LZ10,Confirmed,True,304,True,304,1e6b5e099fb873effcb05f1696005b4f218a75ccc81c1ceaa10a824005c119fb,NCGR graphics,Confirmed,False,False
/poketool/pokefoot/pokefoot.narc,/poketool/pokefoot/pokefoot.narc!/member_00248,0,/poketool/pokefoot/pokefoot.narc,330,248,,31236,31340,27208,27312,104,e785cb22146a2853a645e76ea069762dcde2273fae82ef13b23c235714791353,10300100005247434efffe0101003001,,Nintendo LZ10,Probable,,True,Nintendo LZ10,Confirmed,True,304,True,304,798b4a8b4e5dbc8542fe505e7b4beefa5396ec35bdddcb4a458c5a59fec877a6,NCGR graphics,Confirmed,False,False
/poketool/pokefoot/pokefoot.narc,/poketool/pokefoot/pokefoot.narc!/member_00249,0,/poketool/pokefoot/pokefoot.narc,330,249,,31340,31434,27312,27406,94,a14b24a557de34b630325126fb2fc666629a09f45d70a34693f29dfb069c78f1,10300100005247434efffe0101003001,,Nintendo LZ10,Probable,,True,Nintendo LZ10,Confirmed,True,304,True,304,8487a37dea7c07fde5c881f2e48e9eb72410271b9a28e0a6f155f2dd7c297540,NCGR graphics,Confirmed,False,False
/poketool/pokefoot/pokefoot.narc,/poketool/pokefoot/pokefoot.narc!/member_00250,0,/poketool/pokefoot/pokefoot.narc,330,250,,31436,31522,27408,27494,86,6a28fda8695aa1a32605f7d868b9ce025f3206b9c6d9055b34250b89d804f8ac,10300100005247434efffe0101003001,,Nintendo LZ10,Probable,,True,Nintendo LZ10,Confirmed,True,304,True,304,b6be6c4e729698ddfcc8b063f20aa90025238a774377a2da2cfc37b4d6bfd985,NCGR graphics,Confirmed,False,False
/poketool/pokefoot/pokefoot.narc,/poketool/pokefoot/pokefoot.narc!/member_00251,0,/poketool/pokefoot/pokefoot.narc,330,251,,31524,31647,27496,27619,123,87ea58b183dd87f02ab8374e875c9b70583aedd69bfa5e8e31ecf14f1607fe5d,10300100005247434efffe0101003001,,Nintendo LZ10,Probable,,True,Nintendo LZ10,Confirmed,True,304,True,304,78a6f9366790ea269367a5f98dd4c8b39493f5a6d69b8247e1a7074edf9c1973,NCGR graphics,Confirmed,False,False
/poketool/pokefoot/pokefoot.narc,/poketool/pokefoot/pokefoot.narc!/member_00252,0,/poketool/pokefoot/pokefoot.narc,330,252,,31648,31769,27620,27741,121,9d5b36c3bd7da2c6aafb7ebb3fc298a942608bc29b12bafb846bf4f0a6956804,10300100005247434efffe0101003001,,Nintendo LZ10,Probable,,True,Nintendo LZ10,Confirmed,True,304,True,304,0440fea2b13830018bc864e3483df60b1eab406654a2f0b8f0a93f2e83311087,NCGR graphics,Confirmed,False,False
/poketool/pokefoot/pokefoot.narc,/poketool/pokefoot/pokefoot.narc!/member_00253,0,/poketool/pokefoot/pokefoot.narc,330,253,,31772,31902,27744,27874,130,bcf547047176290bd0ce099ce7af9e6bc64e2ffcddce66da6630468d4f38bd0d,10300100005247434efffe0101003001,,Nintendo LZ10,Probable,,True,Nintendo LZ10,Confirmed,True,304,True,304,b071ffd21de76440e9b3cbc3e2e2727e5b0192af15649dffb5ede4b7a511c1a7,NCGR graphics,Confirmed,False,False
/poketool/pokefoot/pokefoot.narc,/poketool/pokefoot/pokefoot.narc!/member_00254,0,/poketool/pokefoot/pokefoot.narc,330,254,,31904,32008,27876,27980,104,6af92be4a0fa96741b62be6c92d4c6d5d0cb07468afc4263587886f3d6b06272,10300100005247434efffe0101003001,,Nintendo LZ10,Probable,,True,Nintendo LZ10,Confirmed,True,304,True,304,a378d2d7379bc24eacfe340f317f5b226883642de769e769692ff111fc591e50,NCGR graphics,Confirmed,False,False
/poketool/pokefoot/pokefoot.narc,/poketool/pokefoot/pokefoot.narc!/member_00255,0,/poketool/pokefoot/pokefoot.narc,330,255,,32008,32133,27980,28105,125,401d39fcaf510b97069945c50480d7cbad5677293f9ed92dede5ade0aee8368a,10300100005247434efffe0101003001,,Nintendo LZ10,Probable,,True,Nintendo LZ10,Confirmed,True,304,True,304,25b92855087f6440c155a0539940f1c83b9a163ac6d0358a89a9d0bf63623d25,NCGR graphics,Confirmed,False,False
/poketool/pokefoot/pokefoot.narc,/poketool/pokefoot/pokefoot.narc!/member_00256,0,/poketool/pokefoot/pokefoot.narc,330,256,,32136,32252,28108,28224,116,c067655418315b412c80254f48431bd9f637c8d4c2a450f72d31c5b146521692,10300100005247434efffe0101003001,,Nintendo LZ10,Probable,,True,Nintendo LZ10,Confirmed,True,304,True,304,776d325d7bad999c97c401d79df2964629d169f1c5ef86d3a88c64f1eadc9681,NCGR graphics,Confirmed,False,False
/poketool/pokefoot/pokefoot.narc,/poketool/pokefoot/pokefoot.narc!/member_00257,0,/poketool/pokefoot/pokefoot.narc,330,257,,32252,32388,28224,28360,136,aee532a38f7d2736cbd99d55c4960efd1292bad3792f1b081f84138a6497bc22,10300100005247434efffe0101003001,,Nintendo LZ10,Probable,,True,Nintendo LZ10,Confirmed,True,304,True,304,2dc88abcb3fdfec1dfe7c5855ab5eac55d0c2e21c540fa5d4b787f3dec79d667,NCGR graphics,Confirmed,False,False
/poketool/pokefoot/pokefoot.narc,/poketool/pokefoot/pokefoot.narc!/member_00258,0,/poketool/pokefoot/pokefoot.narc,330,258,,32388,32517,28360,28489,129,55066105e5e2b23082d4f60ae5f9b99403fbf0e553512765dea96f9b41b60d5d,10300100005247434efffe0101003001,,Nintendo LZ10,Probable,,True,Nintendo LZ10,Confirmed,True,304,True,304,6f3544e23eeb70927419f29049aa8830133f3ce3afa23e7e69c6e9d6e9ee3bce,NCGR graphics,Confirmed,False,False
/poketool/pokefoot/pokefoot.narc,/poketool/pokefoot/pokefoot.narc!/member_00259,0,/poketool/pokefoot/pokefoot.narc,330,259,,32520,32648,28492,28620,128,0b6be504f87bb6cd1ea88c3f696851192002b11119c3aa2d1dbad3a183583e17,10300100005247434efffe0101003001,,Nintendo LZ10,Probable,,True,Nintendo LZ10,Confirmed,True,304,True,304,37e45256020eade265f8330fb0854f58225042db7824478376035292ec94975c,NCGR graphics,Confirmed,False,False
/poketool/pokefoot/pokefoot.narc,/poketool/pokefoot/pokefoot.narc!/member_00260,0,/poketool/pokefoot/pokefoot.narc,330,260,,32648,32799,28620,28771,151,995077e722130a83b805e973d3fe97501b371e7108c307b540105a8e70514146,10300100005247434efffe0101003001,,Nintendo LZ10,Probable,,True,Nintendo LZ10,Confirmed,True,304,True,304,bef1d988d91e4f1decacdb80a184feb34ff1e9dcf9cff9cb66c6b229ccda0023,NCGR graphics,Confirmed,False,False
/poketool/pokefoot/pokefoot.narc,/poketool/pokefoot/pokefoot.narc!/member_00261,0,/poketool/pokefoot/pokefoot.narc,330,261,,32800,32915,28772,28887,115,da58b974e872d17e005eaa14abd7571a7cbde477f7fb6c2a11784b73acc5ac96,10300100005247434efffe0101003001,,Nintendo LZ10,Probable,,True,Nintendo LZ10,Confirmed,True,304,True,304,4eee2b9ce5ae41a2c778f854d4ee090255cb10ce2babc9e4d6a543d8a4dc7228,NCGR graphics,Confirmed,False,False
/poketool/pokefoot/pokefoot.narc,/poketool/pokefoot/pokefoot.narc!/member_00262,0,/poketool/pokefoot/pokefoot.narc,330,262,,32916,33031,28888,29003,115,0a32b728cfb61496c9c902ac1d956f895b092c159b0db28d5cd01eef3faf3975,10300100005247434efffe0101003001,,Nintendo LZ10,Probable,,True,Nintendo LZ10,Confirmed,True,304,True,304,42f9ad4634647906a859ad8e1c516b89ade50b305a4bafefc9b128891bc75be5,NCGR graphics,Confirmed,False,False
/poketool/pokefoot/pokefoot.narc,/poketool/pokefoot/pokefoot.narc!/member_00263,0,/poketool/pokefoot/pokefoot.narc,330,263,,33032,33160,29004,29132,128,34163ba588793c60d44339e7e75272bcbee99a5d9638e0540d635752f199e0ce,10300100005247434efffe0101003001,,Nintendo LZ10,Probable,,True,Nintendo LZ10,Confirmed,True,304,True,304,9ee150fae4972a5e63eeb7c06827d4edf558ebb8c9c8cbaf1bba1944c8d3a47e,NCGR graphics,Confirmed,False,False
/poketool/pokefoot/pokefoot.narc,/poketool/pokefoot/pokefoot.narc!/member_00264,0,/poketool/pokefoot/pokefoot.narc,330,264,,33160,33280,29132,29252,120,5d2674fd183bfe6475b71df484614c4c0ed058a85e2b4b97fff27964fb35a8fe,10300100005247434efffe0101003001,,Nintendo LZ10,Probable,,True,Nintendo LZ10,Confirmed,True,304,True,304,ab7a30048aa417bd20cf317c50aa3a3ce41a8c5677fd8856b1f42d603c6136f6,NCGR graphics,Confirmed,False,False
/poketool/pokefoot/pokefoot.narc,/poketool/pokefoot/pokefoot.narc!/member_00265,0,/poketool/pokefoot/pokefoot.narc,330,265,,33280,33424,29252,29396,144,e498313fde236161b1d9a8eaba1765c627c869f7589227428cab80fb750cbe00,10300100005247434efffe0101003001,,Nintendo LZ10,Probable,,True,Nintendo LZ10,Confirmed,True,304,True,304,b54de1c8eeb3957b41bc3435afaf383763cd9b8190262587a88b731231ca0c9a,NCGR graphics,Confirmed,False,False
/poketool/pokefoot/pokefoot.narc,/poketool/pokefoot/pokefoot.narc!/member_00266,0,/poketool/pokefoot/pokefoot.narc,330,266,,33424,33547,29396,29519,123,b1570a72a71de2c5c84e37a9f06710bad0c3ff95da4f88e28e66b3d56d7625bc,10300100005247434efffe0101003001,,Nintendo LZ10,Probable,,True,Nintendo LZ10,Confirmed,True,304,True,304,94bcb25b1e6ada618f2ef7d8ba60e30463d2896c32c062449d7b154337eee595,NCGR graphics,Confirmed,False,False
/poketool/pokefoot/pokefoot.narc,/poketool/pokefoot/pokefoot.narc!/member_00267,0,/poketool/pokefoot/pokefoot.narc,330,267,,33548,33651,29520,29623,103,566eb1d508e83a51f5572dabbf7bf1b583ec6f5e07ffbc81318c14236dcb85e6,10300100005247434efffe0101003001,,Nintendo LZ10,Probable,,True,Nintendo LZ10,Confirmed,True,304,True,304,a20676b53e04247388318699b27f1fa6a82b04bad2d760c9c1b0eac66efb24e6,NCGR graphics,Confirmed,False,False
/poketool/pokefoot/pokefoot.narc,/poketool/pokefoot/pokefoot.narc!/member_00268,0,/poketool/pokefoot/pokefoot.narc,330,268,,33652,33748,29624,29720,96,4bdf47b16ee344850a14420b973609eba1ef57a7871c24e20d1f077be064d1c7,10300100005247434efffe0101003001,,Nintendo LZ10,Probable,,True,Nintendo LZ10,Confirmed,True,304,True,304,037dc97251faae4168cfde3cc66a97ac59f6b467ed0bb98a575a04edc0cc1fe6,NCGR graphics,Confirmed,False,False
/poketool/pokefoot/pokefoot.narc,/poketool/pokefoot/pokefoot.narc!/member_00269,0,/poketool/pokefoot/pokefoot.narc,330,269,,33748,33834,29720,29806,86,6a28fda8695aa1a32605f7d868b9ce025f3206b9c6d9055b34250b89d804f8ac,10300100005247434efffe0101003001,,Nintendo LZ10,Probable,,True,Nintendo LZ10,Confirmed,True,304,True,304,b6be6c4e729698ddfcc8b063f20aa90025238a774377a2da2cfc37b4d6bfd985,NCGR graphics,Confirmed,False,False
/poketool/pokefoot/pokefoot.narc,/poketool/pokefoot/pokefoot.narc!/member_00270,0,/poketool/pokefoot/pokefoot.narc,330,270,,33836,33941,29808,29913,105,78e4bef94d5bed077fcee3bfacb86e3c92e6b206cd1d794553c78618885619ea,10300100005247434efffe0101003001,,Nintendo LZ10,Probable,,True,Nintendo LZ10,Confirmed,True,304,True,304,14949b2cf8f1f285ff382c7b99e95b230ae7781d319cc5a7fa9a0293cea03b5f,NCGR graphics,Confirmed,False,False
/poketool/pokefoot/pokefoot.narc,/poketool/pokefoot/pokefoot.narc!/member_00271,0,/poketool/pokefoot/pokefoot.narc,330,271,,33944,34030,29916,30002,86,6a28fda8695aa1a32605f7d868b9ce025f3206b9c6d9055b34250b89d804f8ac,10300100005247434efffe0101003001,,Nintendo LZ10,Probable,,True,Nintendo LZ10,Confirmed,True,304,True,304,b6be6c4e729698ddfcc8b063f20aa90025238a774377a2da2cfc37b4d6bfd985,NCGR graphics,Confirmed,False,False
/poketool/pokefoot/pokefoot.narc,/poketool/pokefoot/pokefoot.narc!/member_00272,0,/poketool/pokefoot/pokefoot.narc,330,272,,34032,34131,30004,30103,99,eaf013c44c02c64e5c846b653d915bddb6b6014c10a8659891560868c33eed55,10300100005247434efffe0101003001,,Nintendo LZ10,Probable,,True,Nintendo LZ10,Confirmed,True,304,True,304,6de3c0269a71eecb038cd098bb8cff90b4acfe5a52ca153b0f8ff0edcbdd33b3,NCGR graphics,Confirmed,False,False
/poketool/pokefoot/pokefoot.narc,/poketool/pokefoot/pokefoot.narc!/member_00273,0,/poketool/pokefoot/pokefoot.narc,330,273,,34132,34241,30104,30213,109,1b6da49a021e20e48de9545262ef5930bad45a9115d89421785218d6d7dfabd3,10300100005247434efffe0101003001,,Nintendo LZ10,Probable,,True,Nintendo LZ10,Confirmed,True,304,True,304,320de1966973a76b9716cc5c807eef970d25eac6f810d1c2d4f2f67298239e2d,NCGR graphics,Confirmed,False,False
/poketool/pokefoot/pokefoot.narc,/poketool/pokefoot/pokefoot.narc!/member_00274,0,/poketool/pokefoot/pokefoot.narc,330,274,,34244,34388,30216,30360,144,8e7f8ed1e87391a6f9b7d696fae796836e026964d486e1fa2903ce6d21f2401e,10300100005247434efffe0101003001,,Nintendo LZ10,Probable,,True,Nintendo LZ10,Confirmed,True,304,True,304,2f1f688d879b0a437f1a5f905ff90d73df1a00f8d77fa9a2aec7fc783df5fcb7,NCGR graphics,Confirmed,False,False
/poketool/pokefoot/pokefoot.narc,/poketool/pokefoot/pokefoot.narc!/member_00275,0,/poketool/pokefoot/pokefoot.narc,330,275,,34388,34495,30360,30467,107,9b8775080748faea3366add5b387dd7687e6548dc114dea4845b167aa79f8bb1,10300100005247434efffe0101003001,,Nintendo LZ10,Probable,,True,Nintendo LZ10,Confirmed,True,304,True,304,a34617a8523763ef5af0589a837fc2e615d960147845180d877521cb2e7ad65c,NCGR graphics,Confirmed,False,False
/poketool/pokefoot/pokefoot.narc,/poketool/pokefoot/pokefoot.narc!/member_00276,0,/poketool/pokefoot/pokefoot.narc,330,276,,34496,34615,30468,30587,119,bfc5a8a409f7eff04933b117033e7b2603f86cf4d22a1f7bde2a13134ebcaf0a,10300100005247434efffe0101003001,,Nintendo LZ10,Probable,,True,Nintendo LZ10,Confirmed,True,304,True,304,8d45a06634c4c3a5d87796f051103362ccc0dffaa7227732a53deb21fc7478a2,NCGR graphics,Confirmed,False,False
/poketool/pokefoot/pokefoot.narc,/poketool/pokefoot/pokefoot.narc!/member_00277,0,/poketool/pokefoot/pokefoot.narc,330,277,,34616,34742,30588,30714,126,e08b05775a0cbe5e0dfd7199184888a89790329f8a8f8adbd09d9f640705a00a,10300100005247434efffe0101003001,,Nintendo LZ10,Probable,,True,Nintendo LZ10,Confirmed,True,304,True,304,31c01c6e369d2081b21d2aaa6eedc2d70f8261c5cd6bca72245a27705fb95c4f,NCGR graphics,Confirmed,False,False
/poketool/pokefoot/pokefoot.narc,/poketool/pokefoot/pokefoot.narc!/member_00278,0,/poketool/pokefoot/pokefoot.narc,330,278,,34744,34836,30716,30808,92,f72ef3a3268a314e24bac88ab04dd6ecb40a74fa124e91d1a9f5d68cba0d692d,10300100005247434efffe0101003001,,Nintendo LZ10,Probable,,True,Nintendo LZ10,Confirmed,True,304,True,304,54e20f82c4be2ff0e0bfc3615b2c607dba4168f116bd45c615e6209f9d89546a,NCGR graphics,Confirmed,False,False
/poketool/pokefoot/pokefoot.narc,/poketool/pokefoot/pokefoot.narc!/member_00279,0,/poketool/pokefoot/pokefoot.narc,330,279,,34836,34959,30808,30931,123,82b08885fb40f01723e1124d0815454a3a24784fd78d41df6141a1563674a51c,10300100005247434efffe0101003001,,Nintendo LZ10,Probable,,True,Nintendo LZ10,Confirmed,True,304,True,304,f4c3c675748631e93e24707dcb116df9c327d5c27aa6c3d90cab7b7c8a6c5ef5,NCGR graphics,Confirmed,False,False
/poketool/pokefoot/pokefoot.narc,/poketool/pokefoot/pokefoot.narc!/member_00280,0,/poketool/pokefoot/pokefoot.narc,330,280,,34960,35088,30932,31060,128,854f9841960ee1ab5d05b1eae341a164355596a20c919b6a792641175c0ab1fd,10300100005247434efffe0101003001,,Nintendo LZ10,Probable,,True,Nintendo LZ10,Confirmed,True,304,True,304,07527234cfe5d80773d23bb39d7b4d45a16f3294a2abeb7d692787915a34cb75,NCGR graphics,Confirmed,False,False
/poketool/pokefoot/pokefoot.narc,/poketool/pokefoot/pokefoot.narc!/member_00281,0,/poketool/pokefoot/pokefoot.narc,330,281,,35088,35204,31060,31176,116,66e5c99d59f177558bfd171b9858da187066fabc08d183b928f0c8508cf87d07,10300100005247434efffe0101003001,,Nintendo LZ10,Probable,,True,Nintendo LZ10,Confirmed,True,304,True,304,9e7f2d36b0447a22ab585721c173bc92640b526b092c856e73b090c533e2b650,NCGR graphics,Confirmed,False,False
/poketool/pokefoot/pokefoot.narc,/poketool/pokefoot/pokefoot.narc!/member_00282,0,/poketool/pokefoot/pokefoot.narc,330,282,,35204,35331,31176,31303,127,b0e3b01368d5b1fde5b6124f32008e20f8505bec9559afa89d9d3fbf9a8aa166,10300100005247434efffe0101003001,,Nintendo LZ10,Probable,,True,Nintendo LZ10,Confirmed,True,304,True,304,b057d6a9c5ed1a47f80b6394a1d9c3cac6e9377efc9188edf0bfc0af75666117,NCGR graphics,Confirmed,False,False
/poketool/pokefoot/pokefoot.narc,/poketool/pokefoot/pokefoot.narc!/member_00283,0,/poketool/pokefoot/pokefoot.narc,330,283,,35332,35421,31304,31393,89,fc7134b1579589ee25943a9b99b97d3930a38854b626f6ad83b81e19eab3944d,10300100005247434efffe0101003001,,Nintendo LZ10,Probable,,True,Nintendo LZ10,Confirmed,True,304,True,304,f50f34d2bae3f15aa17d08b47e853d26b55baf55386408459d5771c57112d724,NCGR graphics,Confirmed,False,False
/poketool/pokefoot/pokefoot.narc,/poketool/pokefoot/pokefoot.narc!/member_00284,0,/poketool/pokefoot/pokefoot.narc,330,284,,35424,35524,31396,31496,100,43dd7ac55685eb526e297ab5283858b6277d2bebff309ee8875c2008dcc921f4,10300100005247434efffe0101003001,,Nintendo LZ10,Probable,,True,Nintendo LZ10,Confirmed,True,304,True,304,3f8309c35838c5b02c18a5ef1134f90741ed9325841b95a499e8d8830b9ca3a9,NCGR graphics,Confirmed,False,False
/poketool/pokefoot/pokefoot.narc,/poketool/pokefoot/pokefoot.narc!/member_00285,0,/poketool/pokefoot/pokefoot.narc,330,285,,35524,35625,31496,31597,101,35573b4bff95e822226a77c93f178e621886a489794c291a5042a285488daad7,10300100005247434efffe0101003001,,Nintendo LZ10,Probable,,True,Nintendo LZ10,Confirmed,True,304,True,304,3ec84d5a8ef51dc402f0889b9ba92664cb031b29a6a2f70f024f9bbc9df714aa,NCGR graphics,Confirmed,False,False
/poketool/pokefoot/pokefoot.narc,/poketool/pokefoot/pokefoot.narc!/member_00286,0,/poketool/pokefoot/pokefoot.narc,330,286,,35628,35732,31600,31704,104,f9997513c74798c115cb22354d7ccf374adbef6e382e1250b04a7e36be7b609b,10300100005247434efffe0101003001,,Nintendo LZ10,Probable,,True,Nintendo LZ10,Confirmed,True,304,True,304,892f4e9d6351604fe0a61e87274df8acba2f6898a6846b01f244f836945ff7e3,NCGR graphics,Confirmed,False,False
/poketool/pokefoot/pokefoot.narc,/poketool/pokefoot/pokefoot.narc!/member_00287,0,/poketool/pokefoot/pokefoot.narc,330,287,,35732,35818,31704,31790,86,6a28fda8695aa1a32605f7d868b9ce025f3206b9c6d9055b34250b89d804f8ac,10300100005247434efffe0101003001,,Nintendo LZ10,Probable,,True,Nintendo LZ10,Confirmed,True,304,True,304,b6be6c4e729698ddfcc8b063f20aa90025238a774377a2da2cfc37b4d6bfd985,NCGR graphics,Confirmed,False,False
/poketool/pokefoot/pokefoot.narc,/poketool/pokefoot/pokefoot.narc!/member_00288,0,/poketool/pokefoot/pokefoot.narc,330,288,,35820,35928,31792,31900,108,2950f7bf97bd5da714eae7e460129c98e09a7387810a2c8331d69380e208b8ba,10300100005247434efffe0101003001,,Nintendo LZ10,Probable,,True,Nintendo LZ10,Confirmed,True,304,True,304,58833b48be32ea6dbd26cebe97b139ee483e0027ea2772bba3068f568f2ef559,NCGR graphics,Confirmed,False,False
/poketool/pokefoot/pokefoot.narc,/poketool/pokefoot/pokefoot.narc!/member_00289,0,/poketool/pokefoot/pokefoot.narc,330,289,,35928,36039,31900,32011,111,1177679a66aa909f84cc2252a44f360e0239e7e15b7efcc1e75110e79b44c8f7,10300100005247434efffe0101003001,,Nintendo LZ10,Probable,,True,Nintendo LZ10,Confirmed,True,304,True,304,848fef01b4974d309044abc8289534d5c08acb073f7165623956af1b48b10820,NCGR graphics,Confirmed,False,False
/poketool/pokefoot/pokefoot.narc,/poketool/pokefoot/pokefoot.narc!/member_00290,0,/poketool/pokefoot/pokefoot.narc,330,290,,36040,36156,32012,32128,116,d7566d106053c8dfd94eedf3891e96953ff0f4d777019880468b9cc827b31b5d,10300100005247434efffe0101003001,,Nintendo LZ10,Probable,,True,Nintendo LZ10,Confirmed,True,304,True,304,b05b4aebf7d86fd79b424606dc4b3999184403bf90c08ffeb0b688151907abc0,NCGR graphics,Confirmed,False,False
/poketool/pokefoot/pokefoot.narc,/poketool/pokefoot/pokefoot.narc!/member_00291,0,/poketool/pokefoot/pokefoot.narc,330,291,,36156,36290,32128,32262,134,811540238c96f41da7812d44f0e18ff3845f1a9b2b76c32eee1c8342d3d7d838,10300100005247434efffe0101003001,,Nintendo LZ10,Probable,,True,Nintendo LZ10,Confirmed,True,304,True,304,1d1d733db0f35db508ed59545ef4da68b48bc35d93590f89ec86fea8c474bcb7,NCGR graphics,Confirmed,False,False
/poketool/pokefoot/pokefoot.narc,/poketool/pokefoot/pokefoot.narc!/member_00292,0,/poketool/pokefoot/pokefoot.narc,330,292,,36292,36437,32264,32409,145,56d3f5f653cc050fae222e64fdc9b6cc543a922d4e6971b5021f762ba4cccd1f,10300100005247434efffe0101003001,,Nintendo LZ10,Probable,,True,Nintendo LZ10,Confirmed,True,304,True,304,ffa93885a0c4ebba7a9b4aecd24a123521b47993bba63414aeb76b29cab56ec9,NCGR graphics,Confirmed,False,False
/poketool/pokefoot/pokefoot.narc,/poketool/pokefoot/pokefoot.narc!/member_00293,0,/poketool/pokefoot/pokefoot.narc,330,293,,36440,36550,32412,32522,110,da32c868380d6f2c0f804ef323d4304bbfd2b9a81b630911f3be067d880f66c2,10300100005247434efffe0101003001,,Nintendo LZ10,Probable,,True,Nintendo LZ10,Confirmed,True,304,True,304,7def451a4b2660fd4461a70e165b09924efb3f99157bd6782dbd73582c81f241,NCGR graphics,Confirmed,False,False
/poketool/pokefoot/pokefoot.narc,/poketool/pokefoot/pokefoot.narc!/member_00294,0,/poketool/pokefoot/pokefoot.narc,330,294,,36552,36661,32524,32633,109,2254ff2c093416d1eefc1ec14a4cf7ca03416e4e239dbe037afcbcbd47bbf5ed,10300100005247434efffe0101003001,,Nintendo LZ10,Probable,,True,Nintendo LZ10,Confirmed,True,304,True,304,4f385cf5d899a1e82f968f4464add6b1f60c261dfac1a47a8a7e36e254a40e4d,NCGR graphics,Confirmed,False,False
/poketool/pokefoot/pokefoot.narc,/poketool/pokefoot/pokefoot.narc!/member_00295,0,/poketool/pokefoot/pokefoot.narc,330,295,,36664,36767,32636,32739,103,e069b49ea267beeaa616943f55a71eefeb8f97b3ebe84da62e2e3f1b1edd82f8,10300100005247434efffe0101003001,,Nintendo LZ10,Probable,,True,Nintendo LZ10,Confirmed,True,304,True,304,c2c240a718e1f3714caefb5986320f4f718d206cb6d0f12adffdbc3be417f14d,NCGR graphics,Confirmed,False,False
/poketool/pokefoot/pokefoot.narc,/poketool/pokefoot/pokefoot.narc!/member_00296,0,/poketool/pokefoot/pokefoot.narc,330,296,,36768,36904,32740,32876,136,4446951aebac8809a28fa68fe93bbf4ed9d2934258aff531b0980bf9891f5017,10300100005247434efffe0101003001,,Nintendo LZ10,Probable,,True,Nintendo LZ10,Confirmed,True,304,True,304,afb3ea0228264d18a18ed7365a73546ceac7390500b92f3270c34041a9a7c277,NCGR graphics,Confirmed,False,False
/poketool/pokefoot/pokefoot.narc,/poketool/pokefoot/pokefoot.narc!/member_00297,0,/poketool/pokefoot/pokefoot.narc,330,297,,36904,37027,32876,32999,123,a4c361a2252d261e764a9fb930f3b72dc423b6eda2d7b8b12dc2425886097a55,10300100005247434efffe0101003001,,Nintendo LZ10,Probable,,True,Nintendo LZ10,Confirmed,True,304,True,304,927c193d873bda5a48ab61d42542dd6703a969b96a3f2dbffa1111719d594045,NCGR graphics,Confirmed,False,False
/poketool/pokefoot/pokefoot.narc,/poketool/pokefoot/pokefoot.narc!/member_00298,0,/poketool/pokefoot/pokefoot.narc,330,298,,37028,37169,33000,33141,141,8923dd5df4e8913cd46b69b0c37e06c82386d4f81e45f3bcdc9edc124fd9c927,10300100005247434efffe0101003001,,Nintendo LZ10,Probable,,True,Nintendo LZ10,Confirmed,True,304,True,304,f37b73b614eee4032979645f75f055dbf42df84bac21aaa0e056747fd4c3fedd,NCGR graphics,Confirmed,False,False
/poketool/pokefoot/pokefoot.narc,/poketool/pokefoot/pokefoot.narc!/member_00299,0,/poketool/pokefoot/pokefoot.narc,330,299,,37172,37295,33144,33267,123,642ee2ffda349428a4a144b4fe8ec5f3586541b08eccf65c4c567b7c042a8510,10300100005247434efffe0101003001,,Nintendo LZ10,Probable,,True,Nintendo LZ10,Confirmed,True,304,True,304,64010a6e5155322d4e5ea8d3f924a9dc2af0658b73e11123d4dcfa4f0bd6b886,NCGR graphics,Confirmed,False,False
/poketool/pokefoot/pokefoot.narc,/poketool/pokefoot/pokefoot.narc!/member_00300,0,/poketool/pokefoot/pokefoot.narc,330,300,,37296,37427,33268,33399,131,4b9ed2f3d2d4c1a24687a4c60238b26a1a111bdc0460e4ca7a97fac6c7edb7e9,10300100005247434efffe0101003001,,Nintendo LZ10,Probable,,True,Nintendo LZ10,Confirmed,True,304,True,304,06c2b55dafb680034ebe6c8bfcf428a5250b8e01d156fa9a3103347451b090b3,NCGR graphics,Confirmed,False,False
/poketool/pokefoot/pokefoot.narc,/poketool/pokefoot/pokefoot.narc!/member_00301,0,/poketool/pokefoot/pokefoot.narc,330,301,,37428,37535,33400,33507,107,a0f0de6bd93c65f5e3698286da7a5bb7eab3bf384f360204fd87d3a6d02dc485,10300100005247434efffe0101003001,,Nintendo LZ10,Probable,,True,Nintendo LZ10,Confirmed,True,304,True,304,f2edc71bf3834c7308ef62483ca37496cbedd182f8408062dc95e9992a5583dd,NCGR graphics,Confirmed,False,False
/poketool/pokefoot/pokefoot.narc,/poketool/pokefoot/pokefoot.narc!/member_00302,0,/poketool/pokefoot/pokefoot.narc,330,302,,37536,37653,33508,33625,117,a61c943813810940dff34e73add6bcf5f32fe6257a26052ff2d2c12534ce3955,10300100005247434efffe0101003001,,Nintendo LZ10,Probable,,True,Nintendo LZ10,Confirmed,True,304,True,304,4579e5c97e01606f0128c007084e635497457dd023689be569a164ee87e8822c,NCGR graphics,Confirmed,False,False
/poketool/pokefoot/pokefoot.narc,/poketool/pokefoot/pokefoot.narc!/member_00303,0,/poketool/pokefoot/pokefoot.narc,330,303,,37656,37776,33628,33748,120,b1cf934cd87814010a34e1968b3f861820cd77dbaf3e275e6e7a8d526979cbb5,10300100005247434efffe0101003001,,Nintendo LZ10,Probable,,True,Nintendo LZ10,Confirmed,True,304,True,304,fa554d35080ee5bd2670002c35243f6aeeebde8f421e8637e20ac14b5ee5301b,NCGR graphics,Confirmed,False,False
/poketool/pokefoot/pokefoot.narc,/poketool/pokefoot/pokefoot.narc!/member_00304,0,/poketool/pokefoot/pokefoot.narc,330,304,,37776,37920,33748,33892,144,aba60dc9bb2a9c884dc03cc70ae35b5cb6cafb548a205e7c0a1fbd414b0c00a5,10300100005247434efffe0101003001,,Nintendo LZ10,Probable,,True,Nintendo LZ10,Confirmed,True,304,True,304,3fab5c7db1e101a35490ce480ea2b6f4a3e01a5d24877b3a7ab34e01fbc6aec9,NCGR graphics,Confirmed,False,False
/poketool/pokefoot/pokefoot.narc,/poketool/pokefoot/pokefoot.narc!/member_00305,0,/poketool/pokefoot/pokefoot.narc,330,305,,37920,38018,33892,33990,98,d014db82d16afc7c83815ec56ce1167c837abe4cb38c6ebb64d6498429740d81,10300100005247434efffe0101003001,,Nintendo LZ10,Probable,,True,Nintendo LZ10,Confirmed,True,304,True,304,6cea5f2afd8d4cf4f287740cbf5b209561b1377c17abcad115144f1cb87963ff,NCGR graphics,Confirmed,False,False
/poketool/pokefoot/pokefoot.narc,/poketool/pokefoot/pokefoot.narc!/member_00306,0,/poketool/pokefoot/pokefoot.narc,330,306,,38020,38133,33992,34105,113,2d619dce6180e9a24cca3c4100b96001124e543751d1cfdd39259c1420ccf06f,10300100005247434efffe0101003001,,Nintendo LZ10,Probable,,True,Nintendo LZ10,Confirmed,True,304,True,304,df6f79749ddab68ee12fe3d16780c22b0ea069e36ac84c99bdf055aecb17181e,NCGR graphics,Confirmed,False,False
/poketool/pokefoot/pokefoot.narc,/poketool/pokefoot/pokefoot.narc!/member_00307,0,/poketool/pokefoot/pokefoot.narc,330,307,,38136,38245,34108,34217,109,aa24e00e686b69e3b80913284d949c38410ab4a337cb5c1cb0eff02224c26168,10300100005247434efffe0101003001,,Nintendo LZ10,Probable,,True,Nintendo LZ10,Confirmed,True,304,True,304,c7346a730591c6290b8f102ae9ec68749478cb7e5310d5e3cf9a1fc2bfaec76c,NCGR graphics,Confirmed,False,False
/poketool/pokefoot/pokefoot.narc,/poketool/pokefoot/pokefoot.narc!/member_00308,0,/poketool/pokefoot/pokefoot.narc,330,308,,38248,38374,34220,34346,126,e7d4d7829fdf9b9d878239c174f4bdabd2b1e664565eaef240e08fbc16f89cda,10300100005247434efffe0101003001,,Nintendo LZ10,Probable,,True,Nintendo LZ10,Confirmed,True,304,True,304,95d5bef02dd45224454f7955cd065167b0cbb86ba91a3260d9944b744cc965b4,NCGR graphics,Confirmed,False,False
/poketool/pokefoot/pokefoot.narc,/poketool/pokefoot/pokefoot.narc!/member_00309,0,/poketool/pokefoot/pokefoot.narc,330,309,,38376,38507,34348,34479,131,99e6bb94120800671f9cb1bba07eac04aa62775367f2ce39ca24f36390ab9780,10300100005247434efffe0101003001,,Nintendo LZ10,Probable,,True,Nintendo LZ10,Confirmed,True,304,True,304,5724e7fa4203495cc7999022ce82db5753a9e2cd2f807f0d25f0d1b99a912f30,NCGR graphics,Confirmed,False,False
/poketool/pokefoot/pokefoot.narc,/poketool/pokefoot/pokefoot.narc!/member_00310,0,/poketool/pokefoot/pokefoot.narc,330,310,,38508,38616,34480,34588,108,d7b489b518aae12f12f2998e1f2885167846f7901739fb5f827a6e22a63c36d9,10300100005247434efffe0101003001,,Nintendo LZ10,Probable,,True,Nintendo LZ10,Confirmed,True,304,True,304,e9b4a126cd505447c872664f7c9394ee6f85e72d077f23b9d6252b02d58adfa1,NCGR graphics,Confirmed,False,False
/poketool/pokefoot/pokefoot.narc,/poketool/pokefoot/pokefoot.narc!/member_00311,0,/poketool/pokefoot/pokefoot.narc,330,311,,38616,38715,34588,34687,99,bf4208ddc77ac23c08895c1ecab97f546a6014be6f41d744fc5bbbbfe64fc33a,10300100005247434efffe0101003001,,Nintendo LZ10,Probable,,True,Nintendo LZ10,Confirmed,True,304,True,304,0449a980f9740877f5199cb10843dacf07433b2108d461429de621f14a640f8c,NCGR graphics,Confirmed,False,False
/poketool/pokefoot/pokefoot.narc,/poketool/pokefoot/pokefoot.narc!/member_00312,0,/poketool/pokefoot/pokefoot.narc,330,312,,38716,38832,34688,34804,116,8bdd147af2018e004000dc6c071912b10c82e4336cf662433e6b7efa00b19c35,10300100005247434efffe0101003001,,Nintendo LZ10,Probable,,True,Nintendo LZ10,Confirmed,True,304,True,304,a48f93e286b35a66bc358f88fbeedaf19482d744e76d147ae974f2fc9bf72c34,NCGR graphics,Confirmed,False,False
/poketool/pokefoot/pokefoot.narc,/poketool/pokefoot/pokefoot.narc!/member_00313,0,/poketool/pokefoot/pokefoot.narc,330,313,,38832,38949,34804,34921,117,6014ab7943c7b43942cd1456a517fc432965850ba5326fee30095a41bafc7a4e,10300100005247434efffe0101003001,,Nintendo LZ10,Probable,,True,Nintendo LZ10,Confirmed,True,304,True,304,a643fe7efaaef508eecd5220a40be2bdc4d2beb7f6743b00d8671476678cfb1a,NCGR graphics,Confirmed,False,False
/poketool/pokefoot/pokefoot.narc,/poketool/pokefoot/pokefoot.narc!/member_00314,0,/poketool/pokefoot/pokefoot.narc,330,314,,38952,39061,34924,35033,109,9bd5a9d6f249b1c1dc38237ec68b001307997126e2b90c7247bd952d6185be0b,10300100005247434efffe0101003001,,Nintendo LZ10,Probable,,True,Nintendo LZ10,Confirmed,True,304,True,304,2548e0f964f46ded1e4eff4e2a04ad04f3f17228b57e310de6e91773662a601d,NCGR graphics,Confirmed,False,False
/poketool/pokefoot/pokefoot.narc,/poketool/pokefoot/pokefoot.narc!/member_00315,0,/poketool/pokefoot/pokefoot.narc,330,315,,39064,39173,35036,35145,109,9bd5a9d6f249b1c1dc38237ec68b001307997126e2b90c7247bd952d6185be0b,10300100005247434efffe0101003001,,Nintendo LZ10,Probable,,True,Nintendo LZ10,Confirmed,True,304,True,304,2548e0f964f46ded1e4eff4e2a04ad04f3f17228b57e310de6e91773662a601d,NCGR graphics,Confirmed,False,False
/poketool/pokefoot/pokefoot.narc,/poketool/pokefoot/pokefoot.narc!/member_00316,0,/poketool/pokefoot/pokefoot.narc,330,316,,39176,39277,35148,35249,101,3fa6ffacd9f009a5ac230eabdabac594737e6a2f5b89434dba9b879beac233e1,10300100005247434efffe0101003001,,Nintendo LZ10,Probable,,True,Nintendo LZ10,Confirmed,True,304,True,304,20bf2d979e5de7c1e978355747e1481fd5a74b50426f6e220ba9f0edca7d141b,NCGR graphics,Confirmed,False,False
/poketool/pokefoot/pokefoot.narc,/poketool/pokefoot/pokefoot.narc!/member_00317,0,/poketool/pokefoot/pokefoot.narc,330,317,,39280,39382,35252,35354,102,388f84ad050c8497f6ff5947763de09b7728327168aa036a53c4c130dcf60b3f,10300100005247434efffe0101003001,,Nintendo LZ10,Probable,,True,Nintendo LZ10,Confirmed,True,304,True,304,55dea49c937f3b7a35d85236c05248a92f850c979460564190c1bfe098b093a5,NCGR graphics,Confirmed,False,False
/poketool/pokefoot/pokefoot.narc,/poketool/pokefoot/pokefoot.narc!/member_00318,0,/poketool/pokefoot/pokefoot.narc,330,318,,39384,39480,35356,35452,96,db234a55e35f6387bb43994f5ca9480f54c5f75a693720276b4c0318b9d13da4,10300100005247434efffe0101003001,,Nintendo LZ10,Probable,,True,Nintendo LZ10,Confirmed,True,304,True,304,c404b92ae0831f2034d311b1868349101f02b1231926044eea4d65f67ccf4f85,NCGR graphics,Confirmed,False,False
/poketool/pokefoot/pokefoot.narc,/poketool/pokefoot/pokefoot.narc!/member_00319,0,/poketool/pokefoot/pokefoot.narc,330,319,,39480,39566,35452,35538,86,6a28fda8695aa1a32605f7d868b9ce025f3206b9c6d9055b34250b89d804f8ac,10300100005247434efffe0101003001,,Nintendo LZ10,Probable,,True,Nintendo LZ10,Confirmed,True,304,True,304,b6be6c4e729698ddfcc8b063f20aa90025238a774377a2da2cfc37b4d6bfd985,NCGR graphics,Confirmed,False,False
/poketool/pokefoot/pokefoot.narc,/poketool/pokefoot/pokefoot.narc!/member_00320,0,/poketool/pokefoot/pokefoot.narc,330,320,,39568,39654,35540,35626,86,6a28fda8695aa1a32605f7d868b9ce025f3206b9c6d9055b34250b89d804f8ac,10300100005247434efffe0101003001,,Nintendo LZ10,Probable,,True,Nintendo LZ10,Confirmed,True,304,True,304,b6be6c4e729698ddfcc8b063f20aa90025238a774377a2da2cfc37b4d6bfd985,NCGR graphics,Confirmed,False,False
/poketool/pokefoot/pokefoot.narc,/poketool/pokefoot/pokefoot.narc!/member_00321,0,/poketool/pokefoot/pokefoot.narc,330,321,,39656,39742,35628,35714,86,6a28fda8695aa1a32605f7d868b9ce025f3206b9c6d9055b34250b89d804f8ac,10300100005247434efffe0101003001,,Nintendo LZ10,Probable,,True,Nintendo LZ10,Confirmed,True,304,True,304,b6be6c4e729698ddfcc8b063f20aa90025238a774377a2da2cfc37b4d6bfd985,NCGR graphics,Confirmed,False,False
/poketool/pokefoot/pokefoot.narc,/poketool/pokefoot/pokefoot.narc!/member_00322,0,/poketool/pokefoot/pokefoot.narc,330,322,,39744,39830,35716,35802,86,6a28fda8695aa1a32605f7d868b9ce025f3206b9c6d9055b34250b89d804f8ac,10300100005247434efffe0101003001,,Nintendo LZ10,Probable,,True,Nintendo LZ10,Confirmed,True,304,True,304,b6be6c4e729698ddfcc8b063f20aa90025238a774377a2da2cfc37b4d6bfd985,NCGR graphics,Confirmed,False,False
/poketool/pokefoot/pokefoot.narc,/poketool/pokefoot/pokefoot.narc!/member_00323,0,/poketool/pokefoot/pokefoot.narc,330,323,,39832,39918,35804,35890,86,6a28fda8695aa1a32605f7d868b9ce025f3206b9c6d9055b34250b89d804f8ac,10300100005247434efffe0101003001,,Nintendo LZ10,Probable,,True,Nintendo LZ10,Confirmed,True,304,True,304,b6be6c4e729698ddfcc8b063f20aa90025238a774377a2da2cfc37b4d6bfd985,NCGR graphics,Confirmed,False,False
/poketool/pokefoot/pokefoot.narc,/poketool/pokefoot/pokefoot.narc!/member_00324,0,/poketool/pokefoot/pokefoot.narc,330,324,,39920,40006,35892,35978,86,6a28fda8695aa1a32605f7d868b9ce025f3206b9c6d9055b34250b89d804f8ac,10300100005247434efffe0101003001,,Nintendo LZ10,Probable,,True,Nintendo LZ10,Confirmed,True,304,True,304,b6be6c4e729698ddfcc8b063f20aa90025238a774377a2da2cfc37b4d6bfd985,NCGR graphics,Confirmed,False,False
/poketool/pokefoot/pokefoot.narc,/poketool/pokefoot/pokefoot.narc!/member_00325,0,/poketool/pokefoot/pokefoot.narc,330,325,,40008,40121,35980,36093,113,d8588e07fad66c9fd79395a46bde1510701353debd753af1f28296cc3b3cdf4f,10300100005247434efffe0101003001,,Nintendo LZ10,Probable,,True,Nintendo LZ10,Confirmed,True,304,True,304,fcb247e6a394b9b0b72c9684cbc18b17933aedb1c51873b09fc1ad92196db080,NCGR graphics,Confirmed,False,False
/poketool/pokefoot/pokefoot.narc,/poketool/pokefoot/pokefoot.narc!/member_00326,0,/poketool/pokefoot/pokefoot.narc,330,326,,40124,40271,36096,36243,147,b5fff5dc807ff00063349ac5592b180d7b17230c166578d5a76d106a64e6961a,10300100005247434efffe0101003001,,Nintendo LZ10,Probable,,True,Nintendo LZ10,Confirmed,True,304,True,304,37a63db20ac12b3cb5b8c3c13de77c2e94a9d8018fd1d40283db0c53a6da0638,NCGR graphics,Confirmed,False,False
/poketool/pokefoot/pokefoot.narc,/poketool/pokefoot/pokefoot.narc!/member_00327,0,/poketool/pokefoot/pokefoot.narc,330,327,,40272,40408,36244,36380,136,6b0196764793eb25d591027f1185be506d3d06f69e6a921c81be0a46c5bd814f,10300100005247434efffe0101003001,,Nintendo LZ10,Probable,,True,Nintendo LZ10,Confirmed,True,304,True,304,86e7c91a13395566fc2632ce25573034294ed903a20aec905af4ef6fc724ee7b,NCGR graphics,Confirmed,False,False
/poketool/pokefoot/pokefoot.narc,/poketool/pokefoot/pokefoot.narc!/member_00328,0,/poketool/pokefoot/pokefoot.narc,330,328,,40408,40494,36380,36466,86,6a28fda8695aa1a32605f7d868b9ce025f3206b9c6d9055b34250b89d804f8ac,10300100005247434efffe0101003001,,Nintendo LZ10,Probable,,True,Nintendo LZ10,Confirmed,True,304,True,304,b6be6c4e729698ddfcc8b063f20aa90025238a774377a2da2cfc37b4d6bfd985,NCGR graphics,Confirmed,False,False
/poketool/pokefoot/pokefoot.narc,/poketool/pokefoot/pokefoot.narc!/member_00329,0,/poketool/pokefoot/pokefoot.narc,330,329,,40496,40614,36468,36586,118,799e17acec163c1677ce9193605811baa93af528c297dad2d1626206b01e5906,10300100005247434efffe0101003001,,Nintendo LZ10,Probable,,True,Nintendo LZ10,Confirmed,True,304,True,304,fa85f19473748d4c087e0ff0bf42449ff1d4026146aabd558a5691a97ae00cb7,NCGR graphics,Confirmed,False,False
/poketool/pokefoot/pokefoot.narc,/poketool/pokefoot/pokefoot.narc!/member_00330,0,/poketool/pokefoot/pokefoot.narc,330,330,,40616,40719,36588,36691,103,cf7017f7cfb4dabf286c775d774464892c3c19692663ff434cf535f2e52bc16c,10300100005247434efffe0101003001,,Nintendo LZ10,Probable,,True,Nintendo LZ10,Confirmed,True,304,True,304,2aafe359353912b6e33b3933328b08f9846d6a2bf3fdd02c7bfa82d4510d55f8,NCGR graphics,Confirmed,False,False
/poketool/pokefoot/pokefoot.narc,/poketool/pokefoot/pokefoot.narc!/member_00331,0,/poketool/pokefoot/pokefoot.narc,330,331,,40720,40831,36692,36803,111,6cbe94bec60bf872ba9c8c6e3620880f97a653fe12124e3857c5e4e25a770e93,10300100005247434efffe0101003001,,Nintendo LZ10,Probable,,True,Nintendo LZ10,Confirmed,True,304,True,304,bc7c09c89347304a0c2f04b767114a2515f264f0a75477aaea31a586a196ff7e,NCGR graphics,Confirmed,False,False
/poketool/pokefoot/pokefoot.narc,/poketool/pokefoot/pokefoot.narc!/member_00332,0,/poketool/pokefoot/pokefoot.narc,330,332,,40832,40939,36804,36911,107,42c065e3531bf5bd6695b83a5e2e6900c6859a2ac66f2cd766ec372432893c51,10300100005247434efffe0101003001,,Nintendo LZ10,Probable,,True,Nintendo LZ10,Confirmed,True,304,True,304,174f89854b5e140174d2b7ad2813153562f4349a7f8008c8583b7d3ef930d1cd,NCGR graphics,Confirmed,False,False
/poketool/pokefoot/pokefoot.narc,/poketool/pokefoot/pokefoot.narc!/member_00333,0,/poketool/pokefoot/pokefoot.narc,330,333,,40940,41055,36912,37027,115,a8ddd944485d035176ac5bec5e57cbe5d96ba693c3d16b8f2bb70e865fbacf79,10300100005247434efffe0101003001,,Nintendo LZ10,Probable,,True,Nintendo LZ10,Confirmed,True,304,True,304,30397cf70a8cf234748a8f4b01396b33f228f2d03719c8831c716b28c28434a3,NCGR graphics,Confirmed,False,False
/poketool/pokefoot/pokefoot.narc,/poketool/pokefoot/pokefoot.narc!/member_00334,0,/poketool/pokefoot/pokefoot.narc,330,334,,41056,41154,37028,37126,98,50402bf34c9f9960bec249e8160232e6a2d04bc32db59989dc7e95bcb6a47a9e,10300100005247434efffe0101003001,,Nintendo LZ10,Probable,,True,Nintendo LZ10,Confirmed,True,304,True,304,e225c4bd39448b3ab1eb43f2f721043ab1c24321648bcd802de7c4217da0b430,NCGR graphics,Confirmed,False,False
/poketool/pokefoot/pokefoot.narc,/poketool/pokefoot/pokefoot.narc!/member_00335,0,/poketool/pokefoot/pokefoot.narc,330,335,,41156,41267,37128,37239,111,f03486ad45786bfec9c08217c4f1cb46d4dac641ee7a42a556edd5bcc0ac547a,10300100005247434efffe0101003001,,Nintendo LZ10,Probable,,True,Nintendo LZ10,Confirmed,True,304,True,304,fcfbf8a71d638f870e8455d5360c5f502d7024b190a6dac15db9c6fe85c75d5b,NCGR graphics,Confirmed,False,False
/poketool/pokefoot/pokefoot.narc,/poketool/pokefoot/pokefoot.narc!/member_00336,0,/poketool/pokefoot/pokefoot.narc,330,336,,41268,41361,37240,37333,93,295a91647f4c8fddfea75b05d99aece978aa90791cb2720125f7f9b1afd21187,10300100005247434efffe0101003001,,Nintendo LZ10,Probable,,True,Nintendo LZ10,Confirmed,True,304,True,304,6073e171c0b1952f48b9eb2177f3e3b13b63a898e4ccca0d1b64be6c268e0dde,NCGR graphics,Confirmed,False,False
/poketool/pokefoot/pokefoot.narc,/poketool/pokefoot/pokefoot.narc!/member_00337,0,/poketool/pokefoot/pokefoot.narc,330,337,,41364,41488,37336,37460,124,9fdc6da88a4eeef1cc0a5487c43e8438bd6fb82ad14942c2e27260a3c3601882,10300100005247434efffe0101003001,,Nintendo LZ10,Probable,,True,Nintendo LZ10,Confirmed,True,304,True,304,d70a43dff186a8c99fe06b6d34d3b52b4ef3a7314b39ad81ceca14c075a2b524,NCGR graphics,Confirmed,False,False
/poketool/pokefoot/pokefoot.narc,/poketool/pokefoot/pokefoot.narc!/member_00338,0,/poketool/pokefoot/pokefoot.narc,330,338,,41488,41614,37460,37586,126,f58f467df92abbe70bbd1cd0304a6dcb8bd86da5540f00a28de357a1511667bc,10300100005247434efffe0101003001,,Nintendo LZ10,Probable,,True,Nintendo LZ10,Confirmed,True,304,True,304,2ca6b51acb59d726c21d294e9668f23253206e777802b37f1d5c0912f4f3d6f6,NCGR graphics,Confirmed,False,False
/poketool/pokefoot/pokefoot.narc,/poketool/pokefoot/pokefoot.narc!/member_00339,0,/poketool/pokefoot/pokefoot.narc,330,339,,41616,41702,37588,37674,86,6a28fda8695aa1a32605f7d868b9ce025f3206b9c6d9055b34250b89d804f8ac,10300100005247434efffe0101003001,,Nintendo LZ10,Probable,,True,Nintendo LZ10,Confirmed,True,304,True,304,b6be6c4e729698ddfcc8b063f20aa90025238a774377a2da2cfc37b4d6bfd985,NCGR graphics,Confirmed,False,False
/poketool/pokefoot/pokefoot.narc,/poketool/pokefoot/pokefoot.narc!/member_00340,0,/poketool/pokefoot/pokefoot.narc,330,340,,41704,41790,37676,37762,86,6a28fda8695aa1a32605f7d868b9ce025f3206b9c6d9055b34250b89d804f8ac,10300100005247434efffe0101003001,,Nintendo LZ10,Probable,,True,Nintendo LZ10,Confirmed,True,304,True,304,b6be6c4e729698ddfcc8b063f20aa90025238a774377a2da2cfc37b4d6bfd985,NCGR graphics,Confirmed,False,False
/poketool/pokefoot/pokefoot.narc,/poketool/pokefoot/pokefoot.narc!/member_00341,0,/poketool/pokefoot/pokefoot.narc,330,341,,41792,41878,37764,37850,86,6a28fda8695aa1a32605f7d868b9ce025f3206b9c6d9055b34250b89d804f8ac,10300100005247434efffe0101003001,,Nintendo LZ10,Probable,,True,Nintendo LZ10,Confirmed,True,304,True,304,b6be6c4e729698ddfcc8b063f20aa90025238a774377a2da2cfc37b4d6bfd985,NCGR graphics,Confirmed,False,False
/poketool/pokefoot/pokefoot.narc,/poketool/pokefoot/pokefoot.narc!/member_00342,0,/poketool/pokefoot/pokefoot.narc,330,342,,41880,41966,37852,37938,86,6a28fda8695aa1a32605f7d868b9ce025f3206b9c6d9055b34250b89d804f8ac,10300100005247434efffe0101003001,,Nintendo LZ10,Probable,,True,Nintendo LZ10,Confirmed,True,304,True,304,b6be6c4e729698ddfcc8b063f20aa90025238a774377a2da2cfc37b4d6bfd985,NCGR graphics,Confirmed,False,False
/poketool/pokefoot/pokefoot.narc,/poketool/pokefoot/pokefoot.narc!/member_00343,0,/poketool/pokefoot/pokefoot.narc,330,343,,41968,42054,37940,38026,86,6a28fda8695aa1a32605f7d868b9ce025f3206b9c6d9055b34250b89d804f8ac,10300100005247434efffe0101003001,,Nintendo LZ10,Probable,,True,Nintendo LZ10,Confirmed,True,304,True,304,b6be6c4e729698ddfcc8b063f20aa90025238a774377a2da2cfc37b4d6bfd985,NCGR graphics,Confirmed,False,False
/poketool/pokefoot/pokefoot.narc,/poketool/pokefoot/pokefoot.narc!/member_00344,0,/poketool/pokefoot/pokefoot.narc,330,344,,42056,42168,38028,38140,112,a8378783a5d84c88875552a078d877b5a88100e39dcea1f8a35c6d05d6ee03ad,10300100005247434efffe0101003001,,Nintendo LZ10,Probable,,True,Nintendo LZ10,Confirmed,True,304,True,304,a628059eb79679e4169a9cb5696e4b035d3bd4aa466cfb055886b37ebb7b2b6f,NCGR graphics,Confirmed,False,False
/poketool/pokefoot/pokefoot.narc,/poketool/pokefoot/pokefoot.narc!/member_00345,0,/poketool/pokefoot/pokefoot.narc,330,345,,42168,42301,38140,38273,133,5b5e5df6221485d6faa06d4c19d16d4805fcf21dadc599a954da215db5be7cb9,10300100005247434efffe0101003001,,Nintendo LZ10,Probable,,True,Nintendo LZ10,Confirmed,True,304,True,304,9e338e7992645302ca75f88cfc871f768625ce702d99a446483cfa9230cc94ba,NCGR graphics,Confirmed,False,False
/poketool/pokefoot/pokefoot.narc,/poketool/pokefoot/pokefoot.narc!/member_00346,0,/poketool/pokefoot/pokefoot.narc,330,346,,42304,42393,38276,38365,89,fc7134b1579589ee25943a9b99b97d3930a38854b626f6ad83b81e19eab3944d,10300100005247434efffe0101003001,,Nintendo LZ10,Probable,,True,Nintendo LZ10,Confirmed,True,304,True,304,f50f34d2bae3f15aa17d08b47e853d26b55baf55386408459d5771c57112d724,NCGR graphics,Confirmed,False,False
/poketool/pokefoot/pokefoot.narc,/poketool/pokefoot/pokefoot.narc!/member_00347,0,/poketool/pokefoot/pokefoot.narc,330,347,,42396,42492,38368,38464,96,2ba7551589cbb07acd40dd01fffcdf8b62f6c50639754bc8da2780eb1535d5ee,10300100005247434efffe0101003001,,Nintendo LZ10,Probable,,True,Nintendo LZ10,Confirmed,True,304,True,304,da52e62dbe7420991880e7e0e6281b37d6c5687280cec19e84eeec906c8d6ddb,NCGR graphics,Confirmed,False,False
/poketool/pokefoot/pokefoot.narc,/poketool/pokefoot/pokefoot.narc!/member_00348,0,/poketool/pokefoot/pokefoot.narc,330,348,,42492,42617,38464,38589,125,481dd8f9999dfa9cce742f455377e004fff637f7725aa508ad96e716855b0090,10300100005247434efffe0101003001,,Nintendo LZ10,Probable,,True,Nintendo LZ10,Confirmed,True,304,True,304,d6c63fb0e983cd14b9f147e7bae80ba1c3f69d9b85746dbb6bdce4e06fc763dd,NCGR graphics,Confirmed,False,False
/poketool/pokefoot/pokefoot.narc,/poketool/pokefoot/pokefoot.narc!/member_00349,0,/poketool/pokefoot/pokefoot.narc,330,349,,42620,42750,38592,38722,130,ee55e0ba1a634d7e3ce0917af9a97684ed111c4c09b08c9fb239c3e70dd7d6a1,10300100005247434efffe0101003001,,Nintendo LZ10,Probable,,True,Nintendo LZ10,Confirmed,True,304,True,304,c291d6e7276714921813119e073a38639120f4969e7e48b114e168b3c2f3cb05,NCGR graphics,Confirmed,False,False
/poketool/pokefoot/pokefoot.narc,/poketool/pokefoot/pokefoot.narc!/member_00350,0,/poketool/pokefoot/pokefoot.narc,330,350,,42752,42838,38724,38810,86,6a28fda8695aa1a32605f7d868b9ce025f3206b9c6d9055b34250b89d804f8ac,10300100005247434efffe0101003001,,Nintendo LZ10,Probable,,True,Nintendo LZ10,Confirmed,True,304,True,304,b6be6c4e729698ddfcc8b063f20aa90025238a774377a2da2cfc37b4d6bfd985,NCGR graphics,Confirmed,False,False
/poketool/pokefoot/pokefoot.narc,/poketool/pokefoot/pokefoot.narc!/member_00351,0,/poketool/pokefoot/pokefoot.narc,330,351,,42840,42963,38812,38935,123,7350af1f2af6f4b88d7417ad5f0e31747deacb9073f63644a0f452cb75d49b7d,10300100005247434efffe0101003001,,Nintendo LZ10,Probable,,True,Nintendo LZ10,Confirmed,True,304,True,304,68821bf6dff343986941ce9acb1bd1d20d84b0a9955805aa51a2be380c80ab07,NCGR graphics,Confirmed,False,False
/poketool/pokefoot/pokefoot.narc,/poketool/pokefoot/pokefoot.narc!/member_00352,0,/poketool/pokefoot/pokefoot.narc,330,352,,42964,43050,38936,39022,86,6a28fda8695aa1a32605f7d868b9ce025f3206b9c6d9055b34250b89d804f8ac,10300100005247434efffe0101003001,,Nintendo LZ10,Probable,,True,Nintendo LZ10,Confirmed,True,304,True,304,b6be6c4e729698ddfcc8b063f20aa90025238a774377a2da2cfc37b4d6bfd985,NCGR graphics,Confirmed,False,False
/poketool/pokefoot/pokefoot.narc,/poketool/pokefoot/pokefoot.narc!/member_00353,0,/poketool/pokefoot/pokefoot.narc,330,353,,43052,43138,39024,39110,86,6a28fda8695aa1a32605f7d868b9ce025f3206b9c6d9055b34250b89d804f8ac,10300100005247434efffe0101003001,,Nintendo LZ10,Probable,,True,Nintendo LZ10,Confirmed,True,304,True,304,b6be6c4e729698ddfcc8b063f20aa90025238a774377a2da2cfc37b4d6bfd985,NCGR graphics,Confirmed,False,False
/poketool/pokefoot/pokefoot.narc,/poketool/pokefoot/pokefoot.narc!/member_00354,0,/poketool/pokefoot/pokefoot.narc,330,354,,43140,43226,39112,39198,86,6a28fda8695aa1a32605f7d868b9ce025f3206b9c6d9055b34250b89d804f8ac,10300100005247434efffe0101003001,,Nintendo LZ10,Probable,,True,Nintendo LZ10,Confirmed,True,304,True,304,b6be6c4e729698ddfcc8b063f20aa90025238a774377a2da2cfc37b4d6bfd985,NCGR graphics,Confirmed,False,False
/poketool/pokefoot/pokefoot.narc,/poketool/pokefoot/pokefoot.narc!/member_00355,0,/poketool/pokefoot/pokefoot.narc,330,355,,43228,43339,39200,39311,111,86134cbbb28bad4c2a8eda7b743fe15f669720677255071043cf25d06f469422,10300100005247434efffe0101003001,,Nintendo LZ10,Probable,,True,Nintendo LZ10,Confirmed,True,304,True,304,ad31e32a9bf030a4b27cd96652fc18550966ddcf117d44ac25201f811015aa2d,NCGR graphics,Confirmed,False,False
/poketool/pokefoot/pokefoot.narc,/poketool/pokefoot/pokefoot.narc!/member_00356,0,/poketool/pokefoot/pokefoot.narc,330,356,,43340,43426,39312,39398,86,6a28fda8695aa1a32605f7d868b9ce025f3206b9c6d9055b34250b89d804f8ac,10300100005247434efffe0101003001,,Nintendo LZ10,Probable,,True,Nintendo LZ10,Confirmed,True,304,True,304,b6be6c4e729698ddfcc8b063f20aa90025238a774377a2da2cfc37b4d6bfd985,NCGR graphics,Confirmed,False,False
/poketool/pokefoot/pokefoot.narc,/poketool/pokefoot/pokefoot.narc!/member_00357,0,/poketool/pokefoot/pokefoot.narc,330,357,,43428,43532,39400,39504,104,a2192dd0c30e1f16fb6f39c245dc0a78005bfb3daea255463a20f50d91bed0cd,10300100005247434efffe0101003001,,Nintendo LZ10,Probable,,True,Nintendo LZ10,Confirmed,True,304,True,304,e05903e16854cb9a9dec97a342d803e5060bb02936bcc02d0e8d17062adc74a0,NCGR graphics,Confirmed,False,False
/poketool/pokefoot/pokefoot.narc,/poketool/pokefoot/pokefoot.narc!/member_00358,0,/poketool/pokefoot/pokefoot.narc,330,358,,43532,43618,39504,39590,86,6a28fda8695aa1a32605f7d868b9ce025f3206b9c6d9055b34250b89d804f8ac,10300100005247434efffe0101003001,,Nintendo LZ10,Probable,,True,Nintendo LZ10,Confirmed,True,304,True,304,b6be6c4e729698ddfcc8b063f20aa90025238a774377a2da2cfc37b4d6bfd985,NCGR graphics,Confirmed,False,False
/poketool/pokefoot/pokefoot.narc,/poketool/pokefoot/pokefoot.narc!/member_00359,0,/poketool/pokefoot/pokefoot.narc,330,359,,43620,43769,39592,39741,149,32db89a2026d7f56ab230bc9a607297f386209c12bb035bdb59ffdf1cb629a89,10300100005247434efffe0101003001,,Nintendo LZ10,Probable,,True,Nintendo LZ10,Confirmed,True,304,True,304,6b5c8de6a6c5c083fe7ccdc3f462d386f4288d41c762d4b054c3ec08cf89bb7f,NCGR graphics,Confirmed,False,False
/poketool/pokefoot/pokefoot.narc,/poketool/pokefoot/pokefoot.narc!/member_00360,0,/poketool/pokefoot/pokefoot.narc,330,360,,43772,43901,39744,39873,129,3ef21caf4750aee4b735f6d8f8320d51b2f4db6a9bd9cd9777207932100791bb,10300100005247434efffe0101003001,,Nintendo LZ10,Probable,,True,Nintendo LZ10,Confirmed,True,304,True,304,b76f87ab5752b2e3df45230aea1cbbd076192165d424abca153b45c8a0f70a38,NCGR graphics,Confirmed,False,False
/poketool/pokefoot/pokefoot.narc,/poketool/pokefoot/pokefoot.narc!/member_00361,0,/poketool/pokefoot/pokefoot.narc,330,361,,43904,43990,39876,39962,86,6a28fda8695aa1a32605f7d868b9ce025f3206b9c6d9055b34250b89d804f8ac,10300100005247434efffe0101003001,,Nintendo LZ10,Probable,,True,Nintendo LZ10,Confirmed,True,304,True,304,b6be6c4e729698ddfcc8b063f20aa90025238a774377a2da2cfc37b4d6bfd985,NCGR graphics,Confirmed,False,False
/poketool/pokefoot/pokefoot.narc,/poketool/pokefoot/pokefoot.narc!/member_00362,0,/poketool/pokefoot/pokefoot.narc,330,362,,43992,44126,39964,40098,134,3812e290a00b9f8b0965bbd08263097af95b4c803e5173f7723d3f3e387e7dd6,10300100005247434efffe0101003001,,Nintendo LZ10,Probable,,True,Nintendo LZ10,Confirmed,True,304,True,304,36dc2cd1a8be83a14a1264cabd81a3e4497e258d4b6551f4e52e03322552be87,NCGR graphics,Confirmed,False,False
/poketool/pokefoot/pokefoot.narc,/poketool/pokefoot/pokefoot.narc!/member_00363,0,/poketool/pokefoot/pokefoot.narc,330,363,,44128,44228,40100,40200,100,87f5cdb0797335fba7355f232592f143f155dc307ddd12c7d09f769ed49615e2,10300100005247434efffe0101003001,,Nintendo LZ10,Probable,,True,Nintendo LZ10,Confirmed,True,304,True,304,6ee9dcec30c4418a3219a7fcb8fae46a2fdfc7f98c7451fb0d1edc83f894e988,NCGR graphics,Confirmed,False,False
/poketool/pokefoot/pokefoot.narc,/poketool/pokefoot/pokefoot.narc!/member_00364,0,/poketool/pokefoot/pokefoot.narc,330,364,,44228,44347,40200,40319,119,7fa617471e7f94876831e7f435d02a57c6b39c6165cf3fca06fa9662504afc13,10300100005247434efffe0101003001,,Nintendo LZ10,Probable,,True,Nintendo LZ10,Confirmed,True,304,True,304,de09579f517f6a4d0e976338592369b39681e6cde2cd8f2adc3ce3ed033ecf89,NCGR graphics,Confirmed,False,False
/poketool/pokefoot/pokefoot.narc,/poketool/pokefoot/pokefoot.narc!/member_00365,0,/poketool/pokefoot/pokefoot.narc,330,365,,44348,44434,40320,40406,86,6a28fda8695aa1a32605f7d868b9ce025f3206b9c6d9055b34250b89d804f8ac,10300100005247434efffe0101003001,,Nintendo LZ10,Probable,,True,Nintendo LZ10,Confirmed,True,304,True,304,b6be6c4e729698ddfcc8b063f20aa90025238a774377a2da2cfc37b4d6bfd985,NCGR graphics,Confirmed,False,False
/poketool/pokefoot/pokefoot.narc,/poketool/pokefoot/pokefoot.narc!/member_00366,0,/poketool/pokefoot/pokefoot.narc,330,366,,44436,44522,40408,40494,86,6a28fda8695aa1a32605f7d868b9ce025f3206b9c6d9055b34250b89d804f8ac,10300100005247434efffe0101003001,,Nintendo LZ10,Probable,,True,Nintendo LZ10,Confirmed,True,304,True,304,b6be6c4e729698ddfcc8b063f20aa90025238a774377a2da2cfc37b4d6bfd985,NCGR graphics,Confirmed,False,False
/poketool/pokefoot/pokefoot.narc,/poketool/pokefoot/pokefoot.narc!/member_00367,0,/poketool/pokefoot/pokefoot.narc,330,367,,44524,44610,40496,40582,86,6a28fda8695aa1a32605f7d868b9ce025f3206b9c6d9055b34250b89d804f8ac,10300100005247434efffe0101003001,,Nintendo LZ10,Probable,,True,Nintendo LZ10,Confirmed,True,304,True,304,b6be6c4e729698ddfcc8b063f20aa90025238a774377a2da2cfc37b4d6bfd985,NCGR graphics,Confirmed,False,False
/poketool/pokefoot/pokefoot.narc,/poketool/pokefoot/pokefoot.narc!/member_00368,0,/poketool/pokefoot/pokefoot.narc,330,368,,44612,44698,40584,40670,86,6a28fda8695aa1a32605f7d868b9ce025f3206b9c6d9055b34250b89d804f8ac,10300100005247434efffe0101003001,,Nintendo LZ10,Probable,,True,Nintendo LZ10,Confirmed,True,304,True,304,b6be6c4e729698ddfcc8b063f20aa90025238a774377a2da2cfc37b4d6bfd985,NCGR graphics,Confirmed,False,False
/poketool/pokefoot/pokefoot.narc,/poketool/pokefoot/pokefoot.narc!/member_00369,0,/poketool/pokefoot/pokefoot.narc,330,369,,44700,44786,40672,40758,86,6a28fda8695aa1a32605f7d868b9ce025f3206b9c6d9055b34250b89d804f8ac,10300100005247434efffe0101003001,,Nintendo LZ10,Probable,,True,Nintendo LZ10,Confirmed,True,304,True,304,b6be6c4e729698ddfcc8b063f20aa90025238a774377a2da2cfc37b4d6bfd985,NCGR graphics,Confirmed,False,False
/poketool/pokefoot/pokefoot.narc,/poketool/pokefoot/pokefoot.narc!/member_00370,0,/poketool/pokefoot/pokefoot.narc,330,370,,44788,44874,40760,40846,86,6a28fda8695aa1a32605f7d868b9ce025f3206b9c6d9055b34250b89d804f8ac,10300100005247434efffe0101003001,,Nintendo LZ10,Probable,,True,Nintendo LZ10,Confirmed,True,304,True,304,b6be6c4e729698ddfcc8b063f20aa90025238a774377a2da2cfc37b4d6bfd985,NCGR graphics,Confirmed,False,False
/poketool/pokefoot/pokefoot.narc,/poketool/pokefoot/pokefoot.narc!/member_00371,0,/poketool/pokefoot/pokefoot.narc,330,371,,44876,44962,40848,40934,86,6a28fda8695aa1a32605f7d868b9ce025f3206b9c6d9055b34250b89d804f8ac,10300100005247434efffe0101003001,,Nintendo LZ10,Probable,,True,Nintendo LZ10,Confirmed,True,304,True,304,b6be6c4e729698ddfcc8b063f20aa90025238a774377a2da2cfc37b4d6bfd985,NCGR graphics,Confirmed,False,False
/poketool/pokefoot/pokefoot.narc,/poketool/pokefoot/pokefoot.narc!/member_00372,0,/poketool/pokefoot/pokefoot.narc,330,372,,44964,45050,40936,41022,86,6a28fda8695aa1a32605f7d868b9ce025f3206b9c6d9055b34250b89d804f8ac,10300100005247434efffe0101003001,,Nintendo LZ10,Probable,,True,Nintendo LZ10,Confirmed,True,304,True,304,b6be6c4e729698ddfcc8b063f20aa90025238a774377a2da2cfc37b4d6bfd985,NCGR graphics,Confirmed,False,False
/poketool/pokefoot/pokefoot.narc,/poketool/pokefoot/pokefoot.narc!/member_00373,0,/poketool/pokefoot/pokefoot.narc,330,373,,45052,45138,41024,41110,86,6a28fda8695aa1a32605f7d868b9ce025f3206b9c6d9055b34250b89d804f8ac,10300100005247434efffe0101003001,,Nintendo LZ10,Probable,,True,Nintendo LZ10,Confirmed,True,304,True,304,b6be6c4e729698ddfcc8b063f20aa90025238a774377a2da2cfc37b4d6bfd985,NCGR graphics,Confirmed,False,False
/poketool/pokefoot/pokefoot.narc,/poketool/pokefoot/pokefoot.narc!/member_00374,0,/poketool/pokefoot/pokefoot.narc,330,374,,45140,45251,41112,41223,111,fbdefabcac19be136dd7ae3a8feb1e741e327cd49f5c40e123216ee3f7d6c97f,10300100005247434efffe0101003001,,Nintendo LZ10,Probable,,True,Nintendo LZ10,Confirmed,True,304,True,304,0fd7bb539ff24c96db837d2a82d3254d36cea6b68e4f345eb2ffe34db68edd7b,NCGR graphics,Confirmed,False,False
/poketool/pokefoot/pokefoot.narc,/poketool/pokefoot/pokefoot.narc!/member_00375,0,/poketool/pokefoot/pokefoot.narc,330,375,,45252,45361,41224,41333,109,2d835e6024c7f7e3c87a9765cd2576ec165ef3b563cd7899a48948a8bcd63c75,10300100005247434efffe0101003001,,Nintendo LZ10,Probable,,True,Nintendo LZ10,Confirmed,True,304,True,304,2db923155446920d100db2da345ecb1ae3cc5bdec7836decdf060e135100becb,NCGR graphics,Confirmed,False,False
/poketool/pokefoot/pokefoot.narc,/poketool/pokefoot/pokefoot.narc!/member_00376,0,/poketool/pokefoot/pokefoot.narc,330,376,,45364,45493,41336,41465,129,76284e25b5a95ca5895b584ae69c284a69b8d8ce3eb5a5aee8453f3bc2c9b3f0,10300100005247434efffe0101003001,,Nintendo LZ10,Probable,,True,Nintendo LZ10,Confirmed,True,304,True,304,300aff553cca37d009bafce4c60092ce3fe3d4a8b32a9a886f48a1e0db8bb7b5,NCGR graphics,Confirmed,False,False
/poketool/pokefoot/pokefoot.narc,/poketool/pokefoot/pokefoot.narc!/member_00377,0,/poketool/pokefoot/pokefoot.narc,330,377,,45496,45591,41468,41563,95,b9bf8cf68de9ef7dea245975e02855328eb5659d84999bed35602294ae0627a1,10300100005247434efffe0101003001,,Nintendo LZ10,Probable,,True,Nintendo LZ10,Confirmed,True,304,True,304,1bceccdfff9082d1b12480cb2d6b344dd3c9f4d4e1aea2d024e9aa9ef0964792,NCGR graphics,Confirmed,False,False
/poketool/pokefoot/pokefoot.narc,/poketool/pokefoot/pokefoot.narc!/member_00378,0,/poketool/pokefoot/pokefoot.narc,330,378,,45592,45696,41564,41668,104,f6f4ef9ca48065c5dadbe315bae5e086864ccc64106f9a89fb4829effe36da52,10300100005247434efffe0101003001,,Nintendo LZ10,Probable,,True,Nintendo LZ10,Confirmed,True,304,True,304,26c2f66d130309c856ef26a121cba5c74050600c0942d94532055b7508d9d263,NCGR graphics,Confirmed,False,False
/poketool/pokefoot/pokefoot.narc,/poketool/pokefoot/pokefoot.narc!/member_00379,0,/poketool/pokefoot/pokefoot.narc,330,379,,45696,45811,41668,41783,115,35d51264c2ce35b0700a42872377cacfafb72917e9a8caf0a83c3140dbf9a4c1,10300100005247434efffe0101003001,,Nintendo LZ10,Probable,,True,Nintendo LZ10,Confirmed,True,304,True,304,1bc8d9cfeed79e0970ecdadf1e9eac657e59a50154dc4f43a87605e73229c9c0,NCGR graphics,Confirmed,False,False
/poketool/pokefoot/pokefoot.narc,/poketool/pokefoot/pokefoot.narc!/member_00380,0,/poketool/pokefoot/pokefoot.narc,330,380,,45812,45948,41784,41920,136,2ae22a3988586e5ff22d2078a1d6db66a4ea7f2b4a0be47c6f1660118bb8fe76,10300100005247434efffe0101003001,,Nintendo LZ10,Probable,,True,Nintendo LZ10,Confirmed,True,304,True,304,188549b16d9cb3f320b584233e5fa52dcbf41b6064bfe62b6c5bcc8c3bad2cc3,NCGR graphics,Confirmed,False,False
/poketool/pokefoot/pokefoot.narc,/poketool/pokefoot/pokefoot.narc!/member_00381,0,/poketool/pokefoot/pokefoot.narc,330,381,,45948,46037,41920,42009,89,fc7134b1579589ee25943a9b99b97d3930a38854b626f6ad83b81e19eab3944d,10300100005247434efffe0101003001,,Nintendo LZ10,Probable,,True,Nintendo LZ10,Confirmed,True,304,True,304,f50f34d2bae3f15aa17d08b47e853d26b55baf55386408459d5771c57112d724,NCGR graphics,Confirmed,False,False
/poketool/pokefoot/pokefoot.narc,/poketool/pokefoot/pokefoot.narc!/member_00382,0,/poketool/pokefoot/pokefoot.narc,330,382,,46040,46172,42012,42144,132,4fee8973d330ab96928a08e5de71d65c0db8d4fdbe5e1e2b012372cf1087ecfb,10300100005247434efffe0101003001,,Nintendo LZ10,Probable,,True,Nintendo LZ10,Confirmed,True,304,True,304,7437f1d4b38ba6a3404b8e9511c4ea27e530262d897afb28071c23870c089f11,NCGR graphics,Confirmed,False,False
/poketool/pokefoot/pokefoot.narc,/poketool/pokefoot/pokefoot.narc!/member_00383,0,/poketool/pokefoot/pokefoot.narc,330,383,,46172,46294,42144,42266,122,d6375e0c3008994ad45913192368976e9958a046747135ee5aff666f7145d1ca,10300100005247434efffe0101003001,,Nintendo LZ10,Probable,,True,Nintendo LZ10,Confirmed,True,304,True,304,97cc403c7c432a1a2c7dba611b0047197f87e4531c7634d3544faf46271a4fea,NCGR graphics,Confirmed,False,False
/poketool/pokefoot/pokefoot.narc,/poketool/pokefoot/pokefoot.narc!/member_00384,0,/poketool/pokefoot/pokefoot.narc,330,384,,46296,46414,42268,42386,118,b9f55cedbf386d2ae8ec95bc9cdbe218140e998b7c526c9ee720d81419d79aec,10300100005247434efffe0101003001,,Nintendo LZ10,Probable,,True,Nintendo LZ10,Confirmed,True,304,True,304,e436ae9f6323fc1266cd2fe15bdee2252bfa1af91cddeab638153626882b3f1c,NCGR graphics,Confirmed,False,False
/poketool/pokefoot/pokefoot.narc,/poketool/pokefoot/pokefoot.narc!/member_00385,0,/poketool/pokefoot/pokefoot.narc,330,385,,46416,46537,42388,42509,121,59313a6d3f4c173752c52bddf0bf5e37f19a882b2bc949fe7512bbd5f03d8876,10300100005247434efffe0101003001,,Nintendo LZ10,Probable,,True,Nintendo LZ10,Confirmed,True,304,True,304,7838a4c9244e83476b0624fd22f41c0fee06702a90d1f6289ae1fea32a2e496f,NCGR graphics,Confirmed,False,False
/poketool/pokefoot/pokefoot.narc,/poketool/pokefoot/pokefoot.narc!/member_00386,0,/poketool/pokefoot/pokefoot.narc,330,386,,46540,46683,42512,42655,143,48d713c2c29ac9f3261106e3042b1e21466d0845ab86273ffb5dcfe451cd3378,10300100005247434efffe0101003001,,Nintendo LZ10,Probable,,True,Nintendo LZ10,Confirmed,True,304,True,304,0d09ce75fb291e95be10f10f37507ba7f63faa311005a9750a925f443f642336,NCGR graphics,Confirmed,False,False
/poketool/pokefoot/pokefoot.narc,/poketool/pokefoot/pokefoot.narc!/member_00387,0,/poketool/pokefoot/pokefoot.narc,330,387,,46684,46770,42656,42742,86,6a28fda8695aa1a32605f7d868b9ce025f3206b9c6d9055b34250b89d804f8ac,10300100005247434efffe0101003001,,Nintendo LZ10,Probable,,True,Nintendo LZ10,Confirmed,True,304,True,304,b6be6c4e729698ddfcc8b063f20aa90025238a774377a2da2cfc37b4d6bfd985,NCGR graphics,Confirmed,False,False
/poketool/pokefoot/pokefoot.narc,/poketool/pokefoot/pokefoot.narc!/member_00388,0,/poketool/pokefoot/pokefoot.narc,330,388,,46772,46876,42744,42848,104,1c74e988bcac4e29488fd4933a0147253c8968c8769e64fbe5cbb983b2486242,10300100005247434efffe0101003001,,Nintendo LZ10,Probable,,True,Nintendo LZ10,Confirmed,True,304,True,304,ad5feb790ce9a7f14cd8b3a2462c3c31fbf3814f1bdd373563e9011a1dc6e9bd,NCGR graphics,Confirmed,False,False
/poketool/pokefoot/pokefoot.narc,/poketool/pokefoot/pokefoot.narc!/member_00389,0,/poketool/pokefoot/pokefoot.narc,330,389,,46876,46972,42848,42944,96,dbf9b45b610e05d2d115b2d834f7aad179395675e423cffaa24bff0fe5de23d1,10300100005247434efffe0101003001,,Nintendo LZ10,Probable,,True,Nintendo LZ10,Confirmed,True,304,True,304,ab346f5a3eb6eb864a41e48d9cdd4ad950dc524f938aa2a19c44cdb4b01dc9a1,NCGR graphics,Confirmed,False,False
/poketool/pokefoot/pokefoot.narc,/poketool/pokefoot/pokefoot.narc!/member_00390,0,/poketool/pokefoot/pokefoot.narc,330,390,,46972,47075,42944,43047,103,0b396574bcf8734ef94b6d61bb89457cc3e269a3f9c36c85df4386dc928720d7,10300100005247434efffe0101003001,,Nintendo LZ10,Probable,,True,Nintendo LZ10,Confirmed,True,304,True,304,a3e508b9acaa614604f3b527189dda8c7e9cf5d55758267024393cefc691c111,NCGR graphics,Confirmed,False,False
/poketool/pokefoot/pokefoot.narc,/poketool/pokefoot/pokefoot.narc!/member_00391,0,/poketool/pokefoot/pokefoot.narc,330,391,,47076,47196,43048,43168,120,87d5466254810315b7d5593f3abaeecb427d2520b4e3608941d02d2555e1d02a,10300100005247434efffe0101003001,,Nintendo LZ10,Probable,,True,Nintendo LZ10,Confirmed,True,304,True,304,79cd42bbcb15c1bf22f0f776ba216610676ca0ef14ef50f7a059d333f3cb8967,NCGR graphics,Confirmed,False,False
/poketool/pokefoot/pokefoot.narc,/poketool/pokefoot/pokefoot.narc!/member_00392,0,/poketool/pokefoot/pokefoot.narc,330,392,,47196,47321,43168,43293,125,dd5876a53216d1528ed530b3620f874b35d89e46f48ae0637fda338db0352cf4,10300100005247434efffe0101003001,,Nintendo LZ10,Probable,,True,Nintendo LZ10,Confirmed,True,304,True,304,fccbf3ffef04e6be0797ea4de7ffd76e9e42562a429a3a9e6580d716204f90f9,NCGR graphics,Confirmed,False,False
/poketool/pokefoot/pokefoot.narc,/poketool/pokefoot/pokefoot.narc!/member_00393,0,/poketool/pokefoot/pokefoot.narc,330,393,,47324,47437,43296,43409,113,bd85c4dbdc6edd1fe577e0eea350e89ac21200c0465a0cc561815470383911e4,10300100005247434efffe0101003001,,Nintendo LZ10,Probable,,True,Nintendo LZ10,Confirmed,True,304,True,304,d5d7fb889436853e2cd0aa07077365221491c3fb1bc7eb69786fca38bf5e3fed,NCGR graphics,Confirmed,False,False
/poketool/pokefoot/pokefoot.narc,/poketool/pokefoot/pokefoot.narc!/member_00394,0,/poketool/pokefoot/pokefoot.narc,330,394,,47440,47553,43412,43525,113,535f4bd8e23af09167398bf25f8e43b26759c74d321fb5a5ad12ed5fa93c5a9a,10300100005247434efffe0101003001,,Nintendo LZ10,Probable,,True,Nintendo LZ10,Confirmed,True,304,True,304,3cdbc1e38bdc973b0f693aa5f0f7adfaa0d6dd8e71d0fc9879eb3f2b35f91174,NCGR graphics,Confirmed,False,False
/poketool/pokefoot/pokefoot.narc,/poketool/pokefoot/pokefoot.narc!/member_00395,0,/poketool/pokefoot/pokefoot.narc,330,395,,47556,47694,43528,43666,138,57c9e69e0953d209cf83400f1e2d60cd177d0f2dc34c120728febc55db92ce2f,10300100005247434efffe0101003001,,Nintendo LZ10,Probable,,True,Nintendo LZ10,Confirmed,True,304,True,304,1341f9a94d02b07f6730bed628b5dd994d2c856c74c34a724f4942b34a9c4a10,NCGR graphics,Confirmed,False,False
/poketool/pokefoot/pokefoot.narc,/poketool/pokefoot/pokefoot.narc!/member_00396,0,/poketool/pokefoot/pokefoot.narc,330,396,,47696,47801,43668,43773,105,9908c9bdad146f887d2837028f4572a7d58307de12cd982763589bac3f7ca905,10300100005247434efffe0101003001,,Nintendo LZ10,Probable,,True,Nintendo LZ10,Confirmed,True,304,True,304,f614feb2c3c5a7592e66d6d69adbf2c0fb8dceda1544d9f162850901311c1606,NCGR graphics,Confirmed,False,False
/poketool/pokefoot/pokefoot.narc,/poketool/pokefoot/pokefoot.narc!/member_00397,0,/poketool/pokefoot/pokefoot.narc,330,397,,47804,47927,43776,43899,123,b7221eaded5b44e8671df88914ba4b5328736d6d463ae7c7c4498beb6138f05b,10300100005247434efffe0101003001,,Nintendo LZ10,Probable,,True,Nintendo LZ10,Confirmed,True,304,True,304,ccfe8f58a1a89fc29c3ad7adb6ef162eafbe4f20f57c99a8090d74049d9a9833,NCGR graphics,Confirmed,False,False
/poketool/pokefoot/pokefoot.narc,/poketool/pokefoot/pokefoot.narc!/member_00398,0,/poketool/pokefoot/pokefoot.narc,330,398,,47928,48059,43900,44031,131,e41953fdd69275b39ce9ddc469b056094d1ed6e9dd5cacc47514025d565e5b02,10300100005247434efffe0101003001,,Nintendo LZ10,Probable,,True,Nintendo LZ10,Confirmed,True,304,True,304,f1a57e119f774b9a678ecc623d71bc43dc65cbd2f82412cce167451a11aec816,NCGR graphics,Confirmed,False,False
/poketool/pokefoot/pokefoot.narc,/poketool/pokefoot/pokefoot.narc!/member_00399,0,/poketool/pokefoot/pokefoot.narc,330,399,,48060,48169,44032,44141,109,37ee1e00c8b0bc58f57ed822fdc473710dee95711229a006466a565bfe945433,10300100005247434efffe0101003001,,Nintendo LZ10,Probable,,True,Nintendo LZ10,Confirmed,True,304,True,304,71a6a578841d0024cdd275373241838dea96c07593ec9e3e7890dbc0cd09c127,NCGR graphics,Confirmed,False,False
/poketool/pokefoot/pokefoot.narc,/poketool/pokefoot/pokefoot.narc!/member_00400,0,/poketool/pokefoot/pokefoot.narc,330,400,,48172,48282,44144,44254,110,ba7ad739da104f4e6830467aa4beaf2c87e8d7f9fd40ed9585761aa1a5950408,10300100005247434efffe0101003001,,Nintendo LZ10,Probable,,True,Nintendo LZ10,Confirmed,True,304,True,304,e44c1fe1776b24ecbb2f04a60dae3b519b70759dc78d6b4045dbd4c707bbc061,NCGR graphics,Confirmed,False,False
/poketool/pokefoot/pokefoot.narc,/poketool/pokefoot/pokefoot.narc!/member_00401,0,/poketool/pokefoot/pokefoot.narc,330,401,,48284,48396,44256,44368,112,9db9ea9fb5dabd810a201341d6751fc3cddcde025ec227c8ed72ce965cbf812f,10300100005247434efffe0101003001,,Nintendo LZ10,Probable,,True,Nintendo LZ10,Confirmed,True,304,True,304,606b5137551418893a1dcf7b1281f26a01be228f55353e5c2c3be59d03c2a658,NCGR graphics,Confirmed,False,False
/poketool/pokefoot/pokefoot.narc,/poketool/pokefoot/pokefoot.narc!/member_00402,0,/poketool/pokefoot/pokefoot.narc,330,402,,48396,48503,44368,44475,107,5dec98ad91601addb2fc998161c93d542b3cbf5dfc92138401089e4c873e03ed,10300100005247434efffe0101003001,,Nintendo LZ10,Probable,,True,Nintendo LZ10,Confirmed,True,304,True,304,50b97b7e1a0d9d8dac8f4a97516153dd1a21caa66cc2406d76d4df2bf90f1e7e,NCGR graphics,Confirmed,False,False
/poketool/pokefoot/pokefoot.narc,/poketool/pokefoot/pokefoot.narc!/member_00403,0,/poketool/pokefoot/pokefoot.narc,330,403,,48504,48628,44476,44600,124,44dda901d2951e4bd8f467f58e1bcbf5358413c8d26e36f346c07bbb69666267,10300100005247434efffe0101003001,,Nintendo LZ10,Probable,,True,Nintendo LZ10,Confirmed,True,304,True,304,a44bbdb9aa45ef9e1be74bb92defeac3256857d10a111d6ef230eb57e91a556c,NCGR graphics,Confirmed,False,False
/poketool/pokefoot/pokefoot.narc,/poketool/pokefoot/pokefoot.narc!/member_00404,0,/poketool/pokefoot/pokefoot.narc,330,404,,48628,48729,44600,44701,101,16bc98129c9f8db635fe79e8352a13c2db32861558fd5a71ad9ec632851931bf,10300100005247434efffe0101003001,,Nintendo LZ10,Probable,,True,Nintendo LZ10,Confirmed,True,304,True,304,3dbac3d07d9e0ef8122a7abac78fb591a7bd914bc2d04afebc2768a288480bff,NCGR graphics,Confirmed,False,False
/poketool/pokefoot/pokefoot.narc,/poketool/pokefoot/pokefoot.narc!/member_00405,0,/poketool/pokefoot/pokefoot.narc,330,405,,48732,48822,44704,44794,90,cea7f21f8eec6fbe5c59ddb53390aae0e4226c5523438e384d19680713358db0,10300100005247434efffe0101003001,,Nintendo LZ10,Probable,,True,Nintendo LZ10,Confirmed,True,304,True,304,0b3c7065e58d167adcfa94442ab6c89da8702969b1c2abe1f00f076e39fec057,NCGR graphics,Confirmed,False,False
/poketool/pokefoot/pokefoot.narc,/poketool/pokefoot/pokefoot.narc!/member_00406,0,/poketool/pokefoot/pokefoot.narc,330,406,,48824,48928,44796,44900,104,183bcb016816f80b006bf3bcdb8aa3b6d38f07ea2e7beff0658bb234e678757b,10300100005247434efffe0101003001,,Nintendo LZ10,Probable,,True,Nintendo LZ10,Confirmed,True,304,True,304,d263e2b5a68f2c1f78c58356a6967353dc492e34cf67ddfb5d4f54eec4ffcd39,NCGR graphics,Confirmed,False,False
/poketool/pokefoot/pokefoot.narc,/poketool/pokefoot/pokefoot.narc!/member_00407,0,/poketool/pokefoot/pokefoot.narc,330,407,,48928,49039,44900,45011,111,99f3094e25e9e8fb1f644cc28e7d95af0df10c29c2c6898d81e759f68def1fa6,10300100005247434efffe0101003001,,Nintendo LZ10,Probable,,True,Nintendo LZ10,Confirmed,True,304,True,304,0d2674ef5715e0ed7ed17023018d440656c8e8f8dab68d32db9d43a281a541b3,NCGR graphics,Confirmed,False,False
/poketool/pokefoot/pokefoot.narc,/poketool/pokefoot/pokefoot.narc!/member_00408,0,/poketool/pokefoot/pokefoot.narc,330,408,,49040,49151,45012,45123,111,951e0b52999381481cb44a7521c45f0fc38c9f03e5b8c9c2692f947b6fccf0fd,10300100005247434efffe0101003001,,Nintendo LZ10,Probable,,True,Nintendo LZ10,Confirmed,True,304,True,304,a55b9295ce77278c1ee4f0437f1bb5af9604e0f01d08ea891aede2f82edfa6cc,NCGR graphics,Confirmed,False,False
/poketool/pokefoot/pokefoot.narc,/poketool/pokefoot/pokefoot.narc!/member_00409,0,/poketool/pokefoot/pokefoot.narc,330,409,,49152,49252,45124,45224,100,29c6be4ce1eb2f2a31e10fe226b4c324fe8041c6c1c13f21b91728f08569699e,10300100005247434efffe0101003001,,Nintendo LZ10,Probable,,True,Nintendo LZ10,Confirmed,True,304,True,304,0e65f233afb1e6d33d1897c3bc41dd2cbc5660de15d9024231e23d76ec554020,NCGR graphics,Confirmed,False,False
/poketool/pokefoot/pokefoot.narc,/poketool/pokefoot/pokefoot.narc!/member_00410,0,/poketool/pokefoot/pokefoot.narc,330,410,,49252,49350,45224,45322,98,fb7c1261dc59f29a051217068f44053ec7682b3727c43738d344745539807406,10300100005247434efffe0101003001,,Nintendo LZ10,Probable,,True,Nintendo LZ10,Confirmed,True,304,True,304,1249fe43d6d6b76591871e31ed1680b428734f83ba2916a867be8de28ed3a911,NCGR graphics,Confirmed,False,False
/poketool/pokefoot/pokefoot.narc,/poketool/pokefoot/pokefoot.narc!/member_00411,0,/poketool/pokefoot/pokefoot.narc,330,411,,49352,49461,45324,45433,109,3d83343c4062e60722f82c8fbd69dfda6e668adf3a642d167e88fda830290ea2,10300100005247434efffe0101003001,,Nintendo LZ10,Probable,,True,Nintendo LZ10,Confirmed,True,304,True,304,ce4c01caeb20c593fabf6cc965e77588b573e9752dd2f92938ef4dc59e594d88,NCGR graphics,Confirmed,False,False
/poketool/pokefoot/pokefoot.narc,/poketool/pokefoot/pokefoot.narc!/member_00412,0,/poketool/pokefoot/pokefoot.narc,330,412,,49464,49585,45436,45557,121,9576d947c6864f47bb9b54610a9ffb9e28b67bdb5378f800a98fd0d692b5a0b8,10300100005247434efffe0101003001,,Nintendo LZ10,Probable,,True,Nintendo LZ10,Confirmed,True,304,True,304,5981f1bf91798235c6a82a61f2bc4252eedcd0ce48985d5fe272128ea25f4ba8,NCGR graphics,Confirmed,False,False
/poketool/pokefoot/pokefoot.narc,/poketool/pokefoot/pokefoot.narc!/member_00413,0,/poketool/pokefoot/pokefoot.narc,330,413,,49588,49691,45560,45663,103,72d406dfe751528786d0514d9ea6365a6d70cbb9a76376a3c868b023f92709ea,10300100005247434efffe0101003001,,Nintendo LZ10,Probable,,True,Nintendo LZ10,Confirmed,True,304,True,304,6dbd7e37a52d4dde7bb93f22deb321b7b536796ca689759eb2e6755ede7123d1,NCGR graphics,Confirmed,False,False
/poketool/pokefoot/pokefoot.narc,/poketool/pokefoot/pokefoot.narc!/member_00414,0,/poketool/pokefoot/pokefoot.narc,330,414,,49692,49810,45664,45782,118,9e3d7a990a7f04b11ed51443745f02f4a17e7f42ee552c017f637870f1ddd472,10300100005247434efffe0101003001,,Nintendo LZ10,Probable,,True,Nintendo LZ10,Confirmed,True,304,True,304,124b266f8dca93d56c3be474bc8e3ef7a9e699a4c6f73ab47db3515344b94c4a,NCGR graphics,Confirmed,False,False
/poketool/pokefoot/pokefoot.narc,/poketool/pokefoot/pokefoot.narc!/member_00415,0,/poketool/pokefoot/pokefoot.narc,330,415,,49812,49898,45784,45870,86,6a28fda8695aa1a32605f7d868b9ce025f3206b9c6d9055b34250b89d804f8ac,10300100005247434efffe0101003001,,Nintendo LZ10,Probable,,True,Nintendo LZ10,Confirmed,True,304,True,304,b6be6c4e729698ddfcc8b063f20aa90025238a774377a2da2cfc37b4d6bfd985,NCGR graphics,Confirmed,False,False
/poketool/pokefoot/pokefoot.narc,/poketool/pokefoot/pokefoot.narc!/member_00416,0,/poketool/pokefoot/pokefoot.narc,330,416,,49900,49986,45872,45958,86,6a28fda8695aa1a32605f7d868b9ce025f3206b9c6d9055b34250b89d804f8ac,10300100005247434efffe0101003001,,Nintendo LZ10,Probable,,True,Nintendo LZ10,Confirmed,True,304,True,304,b6be6c4e729698ddfcc8b063f20aa90025238a774377a2da2cfc37b4d6bfd985,NCGR graphics,Confirmed,False,False
/poketool/pokefoot/pokefoot.narc,/poketool/pokefoot/pokefoot.narc!/member_00417,0,/poketool/pokefoot/pokefoot.narc,330,417,,49988,50078,45960,46050,90,cea7f21f8eec6fbe5c59ddb53390aae0e4226c5523438e384d19680713358db0,10300100005247434efffe0101003001,,Nintendo LZ10,Probable,,True,Nintendo LZ10,Confirmed,True,304,True,304,0b3c7065e58d167adcfa94442ab6c89da8702969b1c2abe1f00f076e39fec057,NCGR graphics,Confirmed,False,False
/poketool/pokefoot/pokefoot.narc,/poketool/pokefoot/pokefoot.narc!/member_00418,0,/poketool/pokefoot/pokefoot.narc,330,418,,50080,50166,46052,46138,86,6a28fda8695aa1a32605f7d868b9ce025f3206b9c6d9055b34250b89d804f8ac,10300100005247434efffe0101003001,,Nintendo LZ10,Probable,,True,Nintendo LZ10,Confirmed,True,304,True,304,b6be6c4e729698ddfcc8b063f20aa90025238a774377a2da2cfc37b4d6bfd985,NCGR graphics,Confirmed,False,False
/poketool/pokefoot/pokefoot.narc,/poketool/pokefoot/pokefoot.narc!/member_00419,0,/poketool/pokefoot/pokefoot.narc,330,419,,50168,50254,46140,46226,86,6a28fda8695aa1a32605f7d868b9ce025f3206b9c6d9055b34250b89d804f8ac,10300100005247434efffe0101003001,,Nintendo LZ10,Probable,,True,Nintendo LZ10,Confirmed,True,304,True,304,b6be6c4e729698ddfcc8b063f20aa90025238a774377a2da2cfc37b4d6bfd985,NCGR graphics,Confirmed,False,False
/poketool/pokefoot/pokefoot.narc,/poketool/pokefoot/pokefoot.narc!/member_00420,0,/poketool/pokefoot/pokefoot.narc,330,420,,50256,50359,46228,46331,103,e761d69e861b5f7fd842478ca8db201906c3e4c98329af25327287c43fddb5aa,10300100005247434efffe0101003001,,Nintendo LZ10,Probable,,True,Nintendo LZ10,Confirmed,True,304,True,304,7f3d9f525f68bd03d995d44035746ab72ae3965085c1990b79ec08eac8723df2,NCGR graphics,Confirmed,False,False
/poketool/pokefoot/pokefoot.narc,/poketool/pokefoot/pokefoot.narc!/member_00421,0,/poketool/pokefoot/pokefoot.narc,330,421,,50360,50474,46332,46446,114,2451900bcda111841fa9a2ae8de73d0c469183e0373e597eaf6da3e144f4959a,10300100005247434efffe0101003001,,Nintendo LZ10,Probable,,True,Nintendo LZ10,Confirmed,True,304,True,304,f0e9e699054baa5a3edf45b6c0ababffe9e2894dd0da91b777b703b45f06bbb7,NCGR graphics,Confirmed,False,False
/poketool/pokefoot/pokefoot.narc,/poketool/pokefoot/pokefoot.narc!/member_00422,0,/poketool/pokefoot/pokefoot.narc,330,422,,50476,50582,46448,46554,106,763a0f27089286288e8e9738cacbb4362b0fc1713fcf953cc28f7368cdfd435d,10300100005247434efffe0101003001,,Nintendo LZ10,Probable,,True,Nintendo LZ10,Confirmed,True,304,True,304,8efff319a73faa09e6739ff0d4ff4d8e56aca728cbacf549d898e4a797656150,NCGR graphics,Confirmed,False,False
/poketool/pokefoot/pokefoot.narc,/poketool/pokefoot/pokefoot.narc!/member_00423,0,/poketool/pokefoot/pokefoot.narc,330,423,,50584,50684,46556,46656,100,29c6be4ce1eb2f2a31e10fe226b4c324fe8041c6c1c13f21b91728f08569699e,10300100005247434efffe0101003001,,Nintendo LZ10,Probable,,True,Nintendo LZ10,Confirmed,True,304,True,304,0e65f233afb1e6d33d1897c3bc41dd2cbc5660de15d9024231e23d76ec554020,NCGR graphics,Confirmed,False,False
/poketool/pokefoot/pokefoot.narc,/poketool/pokefoot/pokefoot.narc!/member_00424,0,/poketool/pokefoot/pokefoot.narc,330,424,,50684,50784,46656,46756,100,29c6be4ce1eb2f2a31e10fe226b4c324fe8041c6c1c13f21b91728f08569699e,10300100005247434efffe0101003001,,Nintendo LZ10,Probable,,True,Nintendo LZ10,Confirmed,True,304,True,304,0e65f233afb1e6d33d1897c3bc41dd2cbc5660de15d9024231e23d76ec554020,NCGR graphics,Confirmed,False,False
/poketool/pokefoot/pokefoot.narc,/poketool/pokefoot/pokefoot.narc!/member_00425,0,/poketool/pokefoot/pokefoot.narc,330,425,,50784,50880,46756,46852,96,a9b37fb7a0c58aea5bb911cf3e1b805126dbe767118531fe888e6f25cd33f91e,10300100005247434efffe0101003001,,Nintendo LZ10,Probable,,True,Nintendo LZ10,Confirmed,True,304,True,304,1e462bf2ad2421ccff5071cf64b2deadedc541587c33c9b706cf88ceb854a601,NCGR graphics,Confirmed,False,False
/poketool/pokefoot/pokefoot.narc,/poketool/pokefoot/pokefoot.narc!/member_00426,0,/poketool/pokefoot/pokefoot.narc,330,426,,50880,50982,46852,46954,102,0278b740b09daa5541d9ae608c497a2a4ea2803b5d79f1d640e6a4c7be42807a,10300100005247434efffe0101003001,,Nintendo LZ10,Probable,,True,Nintendo LZ10,Confirmed,True,304,True,304,0152edc7146dbf2c7ee81d4ebe8c90b9880f1dd2f9f0515c5a3dacfdb9a340dd,NCGR graphics,Confirmed,False,False
/poketool/pokefoot/pokefoot.narc,/poketool/pokefoot/pokefoot.narc!/member_00427,0,/poketool/pokefoot/pokefoot.narc,330,427,,50984,51098,46956,47070,114,c6d658abfdb16807c7e2a9bad627077b9dbec0b06a469c8ae846b1c1e2acfe64,10300100005247434efffe0101003001,,Nintendo LZ10,Probable,,True,Nintendo LZ10,Confirmed,True,304,True,304,16258f9822530db611c8336ad7f5273d2c975b2e217e02c7ceadccd98bd6bcd1,NCGR graphics,Confirmed,False,False
/poketool/pokefoot/pokefoot.narc,/poketool/pokefoot/pokefoot.narc!/member_00428,0,/poketool/pokefoot/pokefoot.narc,330,428,,51100,51186,47072,47158,86,6a28fda8695aa1a32605f7d868b9ce025f3206b9c6d9055b34250b89d804f8ac,10300100005247434efffe0101003001,,Nintendo LZ10,Probable,,True,Nintendo LZ10,Confirmed,True,304,True,304,b6be6c4e729698ddfcc8b063f20aa90025238a774377a2da2cfc37b4d6bfd985,NCGR graphics,Confirmed,False,False
/poketool/pokefoot/pokefoot.narc,/poketool/pokefoot/pokefoot.narc!/member_00429,0,/poketool/pokefoot/pokefoot.narc,330,429,,51188,51274,47160,47246,86,6a28fda8695aa1a32605f7d868b9ce025f3206b9c6d9055b34250b89d804f8ac,10300100005247434efffe0101003001,,Nintendo LZ10,Probable,,True,Nintendo LZ10,Confirmed,True,304,True,304,b6be6c4e729698ddfcc8b063f20aa90025238a774377a2da2cfc37b4d6bfd985,NCGR graphics,Confirmed,False,False
/poketool/pokefoot/pokefoot.narc,/poketool/pokefoot/pokefoot.narc!/member_00430,0,/poketool/pokefoot/pokefoot.narc,330,430,,51276,51393,47248,47365,117,871c9a872522e15caab82906d98bba3063b1e3d3a6b084623527a9dfc5ed1074,10300100005247434efffe0101003001,,Nintendo LZ10,Probable,,True,Nintendo LZ10,Confirmed,True,304,True,304,61544751d9fff79246280baecb6a4e0e3fa14dc6372f835f657055e036db9e96,NCGR graphics,Confirmed,False,False
/poketool/pokefoot/pokefoot.narc,/poketool/pokefoot/pokefoot.narc!/member_00431,0,/poketool/pokefoot/pokefoot.narc,330,431,,51396,51508,47368,47480,112,147554100443c5e769811efb5a3026b9044d2604974de38eb892a7767fe89252,10300100005247434efffe0101003001,,Nintendo LZ10,Probable,,True,Nintendo LZ10,Confirmed,True,304,True,304,19222d66a60d7c4544770e3312529e8eb20a0d02669ce328a2af9841cdab9195,NCGR graphics,Confirmed,False,False
/poketool/pokefoot/pokefoot.narc,/poketool/pokefoot/pokefoot.narc!/member_00432,0,/poketool/pokefoot/pokefoot.narc,330,432,,51508,51594,47480,47566,86,6a28fda8695aa1a32605f7d868b9ce025f3206b9c6d9055b34250b89d804f8ac,10300100005247434efffe0101003001,,Nintendo LZ10,Probable,,True,Nintendo LZ10,Confirmed,True,304,True,304,b6be6c4e729698ddfcc8b063f20aa90025238a774377a2da2cfc37b4d6bfd985,NCGR graphics,Confirmed,False,False
/poketool/pokefoot/pokefoot.narc,/poketool/pokefoot/pokefoot.narc!/member_00433,0,/poketool/pokefoot/pokefoot.narc,330,433,,51596,51725,47568,47697,129,9cbbf2d5a9427807a3c26a46829d2a72ac452481cbb57f25d23121e5ed8105d1,10300100005247434efffe0101003001,,Nintendo LZ10,Probable,,True,Nintendo LZ10,Confirmed,True,304,True,304,3f920c4c147bc3ec68289d149e897a400906150257599abb1a2dfb23941ae5d7,NCGR graphics,Confirmed,False,False
/poketool/pokefoot/pokefoot.narc,/poketool/pokefoot/pokefoot.narc!/member_00434,0,/poketool/pokefoot/pokefoot.narc,330,434,,51728,51838,47700,47810,110,3d409c309493c6051a759a2bae09daf818484d26c7f36fb26ef2311eca549017,10300100005247434efffe0101003001,,Nintendo LZ10,Probable,,True,Nintendo LZ10,Confirmed,True,304,True,304,6b0041b995fc59ba304df67a8856196309d214fdff303c0c9e9313011fd015c0,NCGR graphics,Confirmed,False,False
/poketool/pokefoot/pokefoot.narc,/poketool/pokefoot/pokefoot.narc!/member_00435,0,/poketool/pokefoot/pokefoot.narc,330,435,,51840,51957,47812,47929,117,92a5307559d3d766fdde5e82d008f520a2e7d26ca48397c4ccb24b99164c3d36,10300100005247434efffe0101003001,,Nintendo LZ10,Probable,,True,Nintendo LZ10,Confirmed,True,304,True,304,35cb4ebc1d66613ac99a6bc2a6fb8e5fb2710c4b15a95a71b87de034a05dd8f7,NCGR graphics,Confirmed,False,False
/poketool/pokefoot/pokefoot.narc,/poketool/pokefoot/pokefoot.narc!/member_00436,0,/poketool/pokefoot/pokefoot.narc,330,436,,51960,52060,47932,48032,100,7f961bf8a688df2e04f0e4037b3bc22964f2a52fed09d8bd98b30a28bfa642c7,10300100005247434efffe0101003001,,Nintendo LZ10,Probable,,True,Nintendo LZ10,Confirmed,True,304,True,304,1ca2ce5699c98cc027f3e497234caac4f4cbd56f74047839e34e9ccb8a1adea4,NCGR graphics,Confirmed,False,False
/poketool/pokefoot/pokefoot.narc,/poketool/pokefoot/pokefoot.narc!/member_00437,0,/poketool/pokefoot/pokefoot.narc,330,437,,52060,52164,48032,48136,104,14994a4df5e887a64bb1c45e0c112dbf5e8227759f44864d15c709238ea2700c,10300100005247434efffe0101003001,,Nintendo LZ10,Probable,,True,Nintendo LZ10,Confirmed,True,304,True,304,761f3be0b39852546b0e828b638b098261c5a2cece11245ed91cd50227fb1887,NCGR graphics,Confirmed,False,False
/poketool/pokefoot/pokefoot.narc,/poketool/pokefoot/pokefoot.narc!/member_00438,0,/poketool/pokefoot/pokefoot.narc,330,438,,52164,52276,48136,48248,112,9751625a702e13376f121ff9f8506f4e38cabba768df1ac3315d02a4d0a1e76e,10300100005247434efffe0101003001,,Nintendo LZ10,Probable,,True,Nintendo LZ10,Confirmed,True,304,True,304,4648fd46bf15f03ee7fe5474a1370f308b0af05d0f0c319ad0949d8bbab1b19d,NCGR graphics,Confirmed,False,False
/poketool/pokefoot/pokefoot.narc,/poketool/pokefoot/pokefoot.narc!/member_00439,0,/poketool/pokefoot/pokefoot.narc,330,439,,52276,52362,48248,48334,86,6a28fda8695aa1a32605f7d868b9ce025f3206b9c6d9055b34250b89d804f8ac,10300100005247434efffe0101003001,,Nintendo LZ10,Probable,,True,Nintendo LZ10,Confirmed,True,304,True,304,b6be6c4e729698ddfcc8b063f20aa90025238a774377a2da2cfc37b4d6bfd985,NCGR graphics,Confirmed,False,False
/poketool/pokefoot/pokefoot.narc,/poketool/pokefoot/pokefoot.narc!/member_00440,0,/poketool/pokefoot/pokefoot.narc,330,440,,52364,52450,48336,48422,86,6a28fda8695aa1a32605f7d868b9ce025f3206b9c6d9055b34250b89d804f8ac,10300100005247434efffe0101003001,,Nintendo LZ10,Probable,,True,Nintendo LZ10,Confirmed,True,304,True,304,b6be6c4e729698ddfcc8b063f20aa90025238a774377a2da2cfc37b4d6bfd985,NCGR graphics,Confirmed,False,False
/poketool/pokefoot/pokefoot.narc,/poketool/pokefoot/pokefoot.narc!/member_00441,0,/poketool/pokefoot/pokefoot.narc,330,441,,52452,52561,48424,48533,109,5130fe03596ffad610f7ce81dbaf5e593c340eef3fb16ece3d379e43ab53d0c7,10300100005247434efffe0101003001,,Nintendo LZ10,Probable,,True,Nintendo LZ10,Confirmed,True,304,True,304,8cf6d9ce3192e1a3699d78d0933784c382d9096fdd21c01404303797ac22ca83,NCGR graphics,Confirmed,False,False
/poketool/pokefoot/pokefoot.narc,/poketool/pokefoot/pokefoot.narc!/member_00442,0,/poketool/pokefoot/pokefoot.narc,330,442,,52564,52662,48536,48634,98,4055ef42d1a4ce7dc26e673aeefa2a59a340b635a2233126de9e07fc3bdc5d3d,10300100005247434efffe0101003001,,Nintendo LZ10,Probable,,True,Nintendo LZ10,Confirmed,True,304,True,304,25dca06653aff4c7d8c4a1b60faebb149983acb1d2e286600b44090c702fa797,NCGR graphics,Confirmed,False,False
/poketool/pokefoot/pokefoot.narc,/poketool/pokefoot/pokefoot.narc!/member_00443,0,/poketool/pokefoot/pokefoot.narc,330,443,,52664,52774,48636,48746,110,25d9d65af6f8bfaf81378e8646070fe9805ed1cc3fe2497626712e5c4475961d,10300100005247434efffe0101003001,,Nintendo LZ10,Probable,,True,Nintendo LZ10,Confirmed,True,304,True,304,c37af708c28457e3b5229815f4aab05cbdf00d15308f08182796015ec494fccf,NCGR graphics,Confirmed,False,False
/poketool/pokefoot/pokefoot.narc,/poketool/pokefoot/pokefoot.narc!/member_00444,0,/poketool/pokefoot/pokefoot.narc,330,444,,52776,52907,48748,48879,131,6366b64dde9414cdc13390f0b12d302db07bf2a7866892b974d6477aa8cc5322,10300100005247434efffe0101003001,,Nintendo LZ10,Probable,,True,Nintendo LZ10,Confirmed,True,304,True,304,d1b947ffd326c5618979b994e4e3e9732baf0a04d1b21c6b663814d0a7082ef8,NCGR graphics,Confirmed,False,False
/poketool/pokefoot/pokefoot.narc,/poketool/pokefoot/pokefoot.narc!/member_00445,0,/poketool/pokefoot/pokefoot.narc,330,445,,52908,52994,48880,48966,86,6a28fda8695aa1a32605f7d868b9ce025f3206b9c6d9055b34250b89d804f8ac,10300100005247434efffe0101003001,,Nintendo LZ10,Probable,,True,Nintendo LZ10,Confirmed,True,304,True,304,b6be6c4e729698ddfcc8b063f20aa90025238a774377a2da2cfc37b4d6bfd985,NCGR graphics,Confirmed,False,False
/poketool/pokefoot/pokefoot.narc,/poketool/pokefoot/pokefoot.narc!/member_00446,0,/poketool/pokefoot/pokefoot.narc,330,446,,52996,53106,48968,49078,110,ce8bc969f55a1e9bf6e5dbe317e313df0ebbebc7cf6baf9d0c8b08220f624ed6,10300100005247434efffe0101003001,,Nintendo LZ10,Probable,,True,Nintendo LZ10,Confirmed,True,304,True,304,46d7c85938cd176809218e21ba522ac8eb289e26bb9bbcc1d5d311d8cc5dcb15,NCGR graphics,Confirmed,False,False
/poketool/pokefoot/pokefoot.narc,/poketool/pokefoot/pokefoot.narc!/member_00447,0,/poketool/pokefoot/pokefoot.narc,330,447,,53108,53229,49080,49201,121,f52b9e3f92a40bc76faa244504bcd640b09df06f8fb312e926801e33caf230fb,10300100005247434efffe0101003001,,Nintendo LZ10,Probable,,True,Nintendo LZ10,Confirmed,True,304,True,304,e9b3d8513799cae548751854fc5a2fa7117eec78b12bd6bf3bf6495c8104a96e,NCGR graphics,Confirmed,False,False
/poketool/pokefoot/pokefoot.narc,/poketool/pokefoot/pokefoot.narc!/member_00448,0,/poketool/pokefoot/pokefoot.narc,330,448,,53232,53352,49204,49324,120,ba3ab5104d1e723a8c66427c6f1cf14cb255ca364868dd35d7e56fb69db5b9aa,10300100005247434efffe0101003001,,Nintendo LZ10,Probable,,True,Nintendo LZ10,Confirmed,True,304,True,304,32ea44b54f941fe0029c6c42e963ce8e3c8fec57b29e8c6d186de019f3b7a9e6,NCGR graphics,Confirmed,False,False
/poketool/pokefoot/pokefoot.narc,/poketool/pokefoot/pokefoot.narc!/member_00449,0,/poketool/pokefoot/pokefoot.narc,330,449,,53352,53474,49324,49446,122,5b91ad0b899f9c06fc809817b6233df391b23943469c04e4518d71ae9cafce33,10300100005247434efffe0101003001,,Nintendo LZ10,Probable,,True,Nintendo LZ10,Confirmed,True,304,True,304,70969b5db60f2cc22dff94eebf07b97f1fecd67122b371148699fecee2013b56,NCGR graphics,Confirmed,False,False
/poketool/pokefoot/pokefoot.narc,/poketool/pokefoot/pokefoot.narc!/member_00450,0,/poketool/pokefoot/pokefoot.narc,330,450,,53476,53587,49448,49559,111,ccc47a47222b425b601e7ea3df4f81e675f290778991e9f907695d23754f63a7,10300100005247434efffe0101003001,,Nintendo LZ10,Probable,,True,Nintendo LZ10,Confirmed,True,304,True,304,2b0c0178a6191e15ccd3352f1bbc0deab53e08786e017e9e479d070d12fbab3a,NCGR graphics,Confirmed,False,False
/poketool/pokefoot/pokefoot.narc,/poketool/pokefoot/pokefoot.narc!/member_00451,0,/poketool/pokefoot/pokefoot.narc,330,451,,53588,53705,49560,49677,117,5dc1094808e78d9131a2707b8a90017b20f0f6d7db1fe142b2cbf4ff7b356fc8,10300100005247434efffe0101003001,,Nintendo LZ10,Probable,,True,Nintendo LZ10,Confirmed,True,304,True,304,d8aa09c1acb9360162ad8177870583801d8a6b8f86ea90ed0f0087d84a208dc5,NCGR graphics,Confirmed,False,False
/poketool/pokefoot/pokefoot.narc,/poketool/pokefoot/pokefoot.narc!/member_00452,0,/poketool/pokefoot/pokefoot.narc,330,452,,53708,53818,49680,49790,110,e36db787050fdefc667d626a05005ad70fa166d0569ff7686c90373cce1dcc52,10300100005247434efffe0101003001,,Nintendo LZ10,Probable,,True,Nintendo LZ10,Confirmed,True,304,True,304,f0d88789449d0f7630af95c5d3c2b6d40b0cd047dd2286f0aff8ea40ebed04eb,NCGR graphics,Confirmed,False,False
/poketool/pokefoot/pokefoot.narc,/poketool/pokefoot/pokefoot.narc!/member_00453,0,/poketool/pokefoot/pokefoot.narc,330,453,,53820,53950,49792,49922,130,f7e93f5e6288de659a22ef5036171d9b14ce1cfb4cd9df11bfae1dee4db27735,10300100005247434efffe0101003001,,Nintendo LZ10,Probable,,True,Nintendo LZ10,Confirmed,True,304,True,304,7391eab8e5bf37c5cf81e794e8e78ec8ad126696005923a67a4439deea19bdc1,NCGR graphics,Confirmed,False,False
/poketool/pokefoot/pokefoot.narc,/poketool/pokefoot/pokefoot.narc!/member_00454,0,/poketool/pokefoot/pokefoot.narc,330,454,,53952,54042,49924,50014,90,cea7f21f8eec6fbe5c59ddb53390aae0e4226c5523438e384d19680713358db0,10300100005247434efffe0101003001,,Nintendo LZ10,Probable,,True,Nintendo LZ10,Confirmed,True,304,True,304,0b3c7065e58d167adcfa94442ab6c89da8702969b1c2abe1f00f076e39fec057,NCGR graphics,Confirmed,False,False
/poketool/pokefoot/pokefoot.narc,/poketool/pokefoot/pokefoot.narc!/member_00455,0,/poketool/pokefoot/pokefoot.narc,330,455,,54044,54134,50016,50106,90,cea7f21f8eec6fbe5c59ddb53390aae0e4226c5523438e384d19680713358db0,10300100005247434efffe0101003001,,Nintendo LZ10,Probable,,True,Nintendo LZ10,Confirmed,True,304,True,304,0b3c7065e58d167adcfa94442ab6c89da8702969b1c2abe1f00f076e39fec057,NCGR graphics,Confirmed,False,False
/poketool/pokefoot/pokefoot.narc,/poketool/pokefoot/pokefoot.narc!/member_00456,0,/poketool/pokefoot/pokefoot.narc,330,456,,54136,54251,50108,50223,115,4ba888e81a7e2dbd58246aeb403a7eaf0b250774895d129e9d19dc6bd60b8c70,10300100005247434efffe0101003001,,Nintendo LZ10,Probable,,True,Nintendo LZ10,Confirmed,True,304,True,304,dad21122e2f7b68a1af76304fdfc622106d4b5b8d2073cce4c25799335f40acf,NCGR graphics,Confirmed,False,False
/poketool/pokefoot/pokefoot.narc,/poketool/pokefoot/pokefoot.narc!/member_00457,0,/poketool/pokefoot/pokefoot.narc,330,457,,54252,54371,50224,50343,119,b0ec26dc83b04304464476c9db888cdd02bb24fa60e7d982d1767e9d60c429b4,10300100005247434efffe0101003001,,Nintendo LZ10,Probable,,True,Nintendo LZ10,Confirmed,True,304,True,304,f271cb3f4de1441a456d4e36831c1f3c8441d51c5ff8b8fb540ed496831465d5,NCGR graphics,Confirmed,False,False
/poketool/pokefoot/pokefoot.narc,/poketool/pokefoot/pokefoot.narc!/member_00458,0,/poketool/pokefoot/pokefoot.narc,330,458,,54372,54458,50344,50430,86,6a28fda8695aa1a32605f7d868b9ce025f3206b9c6d9055b34250b89d804f8ac,10300100005247434efffe0101003001,,Nintendo LZ10,Probable,,True,Nintendo LZ10,Confirmed,True,304,True,304,b6be6c4e729698ddfcc8b063f20aa90025238a774377a2da2cfc37b4d6bfd985,NCGR graphics,Confirmed,False,False
/poketool/pokefoot/pokefoot.narc,/poketool/pokefoot/pokefoot.narc!/member_00459,0,/poketool/pokefoot/pokefoot.narc,330,459,,54460,54546,50432,50518,86,6a28fda8695aa1a32605f7d868b9ce025f3206b9c6d9055b34250b89d804f8ac,10300100005247434efffe0101003001,,Nintendo LZ10,Probable,,True,Nintendo LZ10,Confirmed,True,304,True,304,b6be6c4e729698ddfcc8b063f20aa90025238a774377a2da2cfc37b4d6bfd985,NCGR graphics,Confirmed,False,False
/poketool/pokefoot/pokefoot.narc,/poketool/pokefoot/pokefoot.narc!/member_00460,0,/poketool/pokefoot/pokefoot.narc,330,460,,54548,54634,50520,50606,86,6a28fda8695aa1a32605f7d868b9ce025f3206b9c6d9055b34250b89d804f8ac,10300100005247434efffe0101003001,,Nintendo LZ10,Probable,,True,Nintendo LZ10,Confirmed,True,304,True,304,b6be6c4e729698ddfcc8b063f20aa90025238a774377a2da2cfc37b4d6bfd985,NCGR graphics,Confirmed,False,False
/poketool/pokefoot/pokefoot.narc,/poketool/pokefoot/pokefoot.narc!/member_00461,0,/poketool/pokefoot/pokefoot.narc,330,461,,54636,54722,50608,50694,86,6a28fda8695aa1a32605f7d868b9ce025f3206b9c6d9055b34250b89d804f8ac,10300100005247434efffe0101003001,,Nintendo LZ10,Probable,,True,Nintendo LZ10,Confirmed,True,304,True,304,b6be6c4e729698ddfcc8b063f20aa90025238a774377a2da2cfc37b4d6bfd985,NCGR graphics,Confirmed,False,False
/poketool/pokefoot/pokefoot.narc,/poketool/pokefoot/pokefoot.narc!/member_00462,0,/poketool/pokefoot/pokefoot.narc,330,462,,54724,54830,50696,50802,106,4092f9f1fd6cdbcf43a3a86e3cc72c572b72a613146b62e710e87592413a8ee9,10300100005247434efffe0101003001,,Nintendo LZ10,Probable,,True,Nintendo LZ10,Confirmed,True,304,True,304,a24bd2677616bddf6b9973028a58766f06a3c88aca3fc705f3d76d601f039a04,NCGR graphics,Confirmed,False,False
/poketool/pokefoot/pokefoot.narc,/poketool/pokefoot/pokefoot.narc!/member_00463,0,/poketool/pokefoot/pokefoot.narc,330,463,,54832,54962,50804,50934,130,153ac5a449373ce1667ebdc2115d55d537b071588a7d6db8d2fe4417d7460dd5,10300100005247434efffe0101003001,,Nintendo LZ10,Probable,,True,Nintendo LZ10,Confirmed,True,304,True,304,8f50c8f3309d7b09c19a41e640124508b6912c4d93dadc9884a6593e641a517b,NCGR graphics,Confirmed,False,False
/poketool/pokefoot/pokefoot.narc,/poketool/pokefoot/pokefoot.narc!/member_00464,0,/poketool/pokefoot/pokefoot.narc,330,464,,54964,55085,50936,51057,121,2343d7cca8bab2750603edee809e2da30662e4dc2e1f8d2009de63a3c175cbb1,10300100005247434efffe0101003001,,Nintendo LZ10,Probable,,True,Nintendo LZ10,Confirmed,True,304,True,304,2b5202f141b161d4833d30454eb8141ef996639b2b6671655830c7f076f14dea,NCGR graphics,Confirmed,False,False
/poketool/pokefoot/pokefoot.narc,/poketool/pokefoot/pokefoot.narc!/member_00465,0,/poketool/pokefoot/pokefoot.narc,330,465,,55088,55174,51060,51146,86,6a28fda8695aa1a32605f7d868b9ce025f3206b9c6d9055b34250b89d804f8ac,10300100005247434efffe0101003001,,Nintendo LZ10,Probable,,True,Nintendo LZ10,Confirmed,True,304,True,304,b6be6c4e729698ddfcc8b063f20aa90025238a774377a2da2cfc37b4d6bfd985,NCGR graphics,Confirmed,False,False
/poketool/pokefoot/pokefoot.narc,/poketool/pokefoot/pokefoot.narc!/member_00466,0,/poketool/pokefoot/pokefoot.narc,330,466,,55176,55302,51148,51274,126,d42bcc4cd314bac4c3046f8a2e279ec11c2e650722a17b64f23162d5601a10d3,10300100005247434efffe0101003001,,Nintendo LZ10,Probable,,True,Nintendo LZ10,Confirmed,True,304,True,304,3708e8ba9ccb21e0ddef00b3f32e39adfed21e250e37dda0fc346660653eda22,NCGR graphics,Confirmed,False,False
/poketool/pokefoot/pokefoot.narc,/poketool/pokefoot/pokefoot.narc!/member_00467,0,/poketool/pokefoot/pokefoot.narc,330,467,,55304,55417,51276,51389,113,d334a2920db7297fc211b5eb4cd6f64bc2a33b85b05a718a360166c128e76801,10300100005247434efffe0101003001,,Nintendo LZ10,Probable,,True,Nintendo LZ10,Confirmed,True,304,True,304,c1ec0545ec5a9ef4b830e57caef5d59f6a93a751c9c830c3974b2340d7d98d90,NCGR graphics,Confirmed,False,False
/poketool/pokefoot/pokefoot.narc,/poketool/pokefoot/pokefoot.narc!/member_00468,0,/poketool/pokefoot/pokefoot.narc,330,468,,55420,55545,51392,51517,125,e3f93aefdd465f7bbfb7349e527ed6345750ce0df1dcecd7bfdca6969266c06f,10300100005247434efffe0101003001,,Nintendo LZ10,Probable,,True,Nintendo LZ10,Confirmed,True,304,True,304,83c29a9f1aa61f77dffb221a75b2d45bbb06d650418b934c5df3dff6c5ef7fb6,NCGR graphics,Confirmed,False,False
/poketool/pokefoot/pokefoot.narc,/poketool/pokefoot/pokefoot.narc!/member_00469,0,/poketool/pokefoot/pokefoot.narc,330,469,,55548,55669,51520,51641,121,ffc6c8ec0af84a7210e590f8a096f6c9411defc4afeb27efca906653e13ecc7b,10300100005247434efffe0101003001,,Nintendo LZ10,Probable,,True,Nintendo LZ10,Confirmed,True,304,True,304,8b896f3a86e074bef1a091e1a3e40865e881cecb697b80a392baa4319f05026e,NCGR graphics,Confirmed,False,False
/poketool/pokefoot/pokefoot.narc,/poketool/pokefoot/pokefoot.narc!/member_00470,0,/poketool/pokefoot/pokefoot.narc,330,470,,55672,55791,51644,51763,119,cd6049436f2fd134d51a0a4a5f39cd5a4bca4f106d3b45e69f5830a3293a2332,10300100005247434efffe0101003001,,Nintendo LZ10,Probable,,True,Nintendo LZ10,Confirmed,True,304,True,304,f8cc8dbaa0b398c1735e6aeb2c50e5fe683ce347ec1a8537a8a5f90298fe3bfb,NCGR graphics,Confirmed,False,False
/poketool/pokefoot/pokefoot.narc,/poketool/pokefoot/pokefoot.narc!/member_00471,0,/poketool/pokefoot/pokefoot.narc,330,471,,55792,55902,51764,51874,110,4806c09a71b7562b907b04655255d2409bbe528248a3bac38b978eb565bb834e,10300100005247434efffe0101003001,,Nintendo LZ10,Probable,,True,Nintendo LZ10,Confirmed,True,304,True,304,b889b0bd0e0e8044510e6a012afc97e6ce1362c55e99da18db4917aeead5167b,NCGR graphics,Confirmed,False,False
/poketool/pokefoot/pokefoot.narc,/poketool/pokefoot/pokefoot.narc!/member_00472,0,/poketool/pokefoot/pokefoot.narc,330,472,,55904,56008,51876,51980,104,48d73f65e4a2ccdf5da196d8ec449d41d7700e329f8fd427a83ccfcfc33a5fa5,10300100005247434efffe0101003001,,Nintendo LZ10,Probable,,True,Nintendo LZ10,Confirmed,True,304,True,304,10cdfe0b2420221404b8ffb4b5de7fe0900bd6e1dd31e56312b335e2df63ca1f,NCGR graphics,Confirmed,False,False
/poketool/pokefoot/pokefoot.narc,/poketool/pokefoot/pokefoot.narc!/member_00473,0,/poketool/pokefoot/pokefoot.narc,330,473,,56008,56115,51980,52087,107,b3994784d1e105843c7cee27a9d3a0204c25faa520ebf9e6de1d94a8775eb77e,10300100005247434efffe0101003001,,Nintendo LZ10,Probable,,True,Nintendo LZ10,Confirmed,True,304,True,304,a7d1383034f29a54e68323d4450d57fa10b27e34492cc2fc93f300857a574569,NCGR graphics,Confirmed,False,False
/poketool/pokefoot/pokefoot.narc,/poketool/pokefoot/pokefoot.narc!/member_00474,0,/poketool/pokefoot/pokefoot.narc,330,474,,56116,56223,52088,52195,107,b3994784d1e105843c7cee27a9d3a0204c25faa520ebf9e6de1d94a8775eb77e,10300100005247434efffe0101003001,,Nintendo LZ10,Probable,,True,Nintendo LZ10,Confirmed,True,304,True,304,a7d1383034f29a54e68323d4450d57fa10b27e34492cc2fc93f300857a574569,NCGR graphics,Confirmed,False,False
/poketool/pokefoot/pokefoot.narc,/poketool/pokefoot/pokefoot.narc!/member_00475,0,/poketool/pokefoot/pokefoot.narc,330,475,,56224,56334,52196,52306,110,e542ce103a222a24f8fb9810bef26dadf21e5d4b3146ce3d63c219e28ac3f965,10300100005247434efffe0101003001,,Nintendo LZ10,Probable,,True,Nintendo LZ10,Confirmed,True,304,True,304,adde5efc5e191b6b46d6f4dbbca73d036210c1e2262900a50eda9dab0331f19a,NCGR graphics,Confirmed,False,False
/poketool/pokefoot/pokefoot.narc,/poketool/pokefoot/pokefoot.narc!/member_00476,0,/poketool/pokefoot/pokefoot.narc,330,476,,56336,56457,52308,52429,121,7de0a9889db43c81b62a7638883043d38e6f34abe93003f8dc63a5ea77c16e6f,10300100005247434efffe0101003001,,Nintendo LZ10,Probable,,True,Nintendo LZ10,Confirmed,True,304,True,304,a53e02a793c5cb28dfef70fa4d58c7c6021d880d29c9532455818bbcead9d203,NCGR graphics,Confirmed,False,False
/poketool/pokefoot/pokefoot.narc,/poketool/pokefoot/pokefoot.narc!/member_00477,0,/poketool/pokefoot/pokefoot.narc,330,477,,56460,56560,52432,52532,100,29c6be4ce1eb2f2a31e10fe226b4c324fe8041c6c1c13f21b91728f08569699e,10300100005247434efffe0101003001,,Nintendo LZ10,Probable,,True,Nintendo LZ10,Confirmed,True,304,True,304,0e65f233afb1e6d33d1897c3bc41dd2cbc5660de15d9024231e23d76ec554020,NCGR graphics,Confirmed,False,False
/poketool/pokefoot/pokefoot.narc,/poketool/pokefoot/pokefoot.narc!/member_00478,0,/poketool/pokefoot/pokefoot.narc,330,478,,56560,56688,52532,52660,128,f3224e1cf29c9d1110573d4dfa67335e379989a1cec33122b49afa494364f7df,10300100005247434efffe0101003001,,Nintendo LZ10,Probable,,True,Nintendo LZ10,Confirmed,True,304,True,304,43aa201e8c793039ab90fdbe141fef55677f69e730c97f80d9ab7c65972d7a4e,NCGR graphics,Confirmed,False,False
/poketool/pokefoot/pokefoot.narc,/poketool/pokefoot/pokefoot.narc!/member_00479,0,/poketool/pokefoot/pokefoot.narc,330,479,,56688,56809,52660,52781,121,21895d9d2f1f7f7e258376553d905066ba8a17ffdd6aa6e02578599db33cded6,10300100005247434efffe0101003001,,Nintendo LZ10,Probable,,True,Nintendo LZ10,Confirmed,True,304,True,304,0dc5356828d8bf509cd6eca111a4cb55ebfb9237c7309fd866aa7ac1db702bbe,NCGR graphics,Confirmed,False,False
/poketool/pokefoot/pokefoot.narc,/poketool/pokefoot/pokefoot.narc!/member_00480,0,/poketool/pokefoot/pokefoot.narc,330,480,,56812,56898,52784,52870,86,6a28fda8695aa1a32605f7d868b9ce025f3206b9c6d9055b34250b89d804f8ac,10300100005247434efffe0101003001,,Nintendo LZ10,Probable,,True,Nintendo LZ10,Confirmed,True,304,True,304,b6be6c4e729698ddfcc8b063f20aa90025238a774377a2da2cfc37b4d6bfd985,NCGR graphics,Confirmed,False,False
/poketool/pokefoot/pokefoot.narc,/poketool/pokefoot/pokefoot.narc!/member_00481,0,/poketool/pokefoot/pokefoot.narc,330,481,,56900,56986,52872,52958,86,6a28fda8695aa1a32605f7d868b9ce025f3206b9c6d9055b34250b89d804f8ac,10300100005247434efffe0101003001,,Nintendo LZ10,Probable,,True,Nintendo LZ10,Confirmed,True,304,True,304,b6be6c4e729698ddfcc8b063f20aa90025238a774377a2da2cfc37b4d6bfd985,NCGR graphics,Confirmed,False,False
/poketool/pokefoot/pokefoot.narc,/poketool/pokefoot/pokefoot.narc!/member_00482,0,/poketool/pokefoot/pokefoot.narc,330,482,,56988,57074,52960,53046,86,6a28fda8695aa1a32605f7d868b9ce025f3206b9c6d9055b34250b89d804f8ac,10300100005247434efffe0101003001,,Nintendo LZ10,Probable,,True,Nintendo LZ10,Confirmed,True,304,True,304,b6be6c4e729698ddfcc8b063f20aa90025238a774377a2da2cfc37b4d6bfd985,NCGR graphics,Confirmed,False,False
/poketool/pokefoot/pokefoot.narc,/poketool/pokefoot/pokefoot.narc!/member_00483,0,/poketool/pokefoot/pokefoot.narc,330,483,,57076,57178,53048,53150,102,94a8677770f5fa08e26214beda5fc7dc4a02e4ca2aa09fea1c340f21d7f92b78,10300100005247434efffe0101003001,,Nintendo LZ10,Probable,,True,Nintendo LZ10,Confirmed,True,304,True,304,6fae3ee002141bc7b0eff38ef64baa1d51259108f4b04c23bedf478d36ddd31d,NCGR graphics,Confirmed,False,False
/poketool/pokefoot/pokefoot.narc,/poketool/pokefoot/pokefoot.narc!/member_00484,0,/poketool/pokefoot/pokefoot.narc,330,484,,57180,57282,53152,53254,102,94a8677770f5fa08e26214beda5fc7dc4a02e4ca2aa09fea1c340f21d7f92b78,10300100005247434efffe0101003001,,Nintendo LZ10,Probable,,True,Nintendo LZ10,Confirmed,True,304,True,304,6fae3ee002141bc7b0eff38ef64baa1d51259108f4b04c23bedf478d36ddd31d,NCGR graphics,Confirmed,False,False
/poketool/pokefoot/pokefoot.narc,/poketool/pokefoot/pokefoot.narc!/member_00485,0,/poketool/pokefoot/pokefoot.narc,330,485,,57284,57386,53256,53358,102,94a8677770f5fa08e26214beda5fc7dc4a02e4ca2aa09fea1c340f21d7f92b78,10300100005247434efffe0101003001,,Nintendo LZ10,Probable,,True,Nintendo LZ10,Confirmed,True,304,True,304,6fae3ee002141bc7b0eff38ef64baa1d51259108f4b04c23bedf478d36ddd31d,NCGR graphics,Confirmed,False,False
/poketool/pokefoot/pokefoot.narc,/poketool/pokefoot/pokefoot.narc!/member_00486,0,/poketool/pokefoot/pokefoot.narc,330,486,,57388,57516,53360,53488,128,6cbffb8b7035730137876cb0db31b274ef3ad401fcd0722a99f413b0bf9b6364,10300100005247434efffe0101003001,,Nintendo LZ10,Probable,,True,Nintendo LZ10,Confirmed,True,304,True,304,221c5b0a664e9587737f13932a6c0792987c15c22f9756766fef9ed90760841b,NCGR graphics,Confirmed,False,False
/poketool/pokefoot/pokefoot.narc,/poketool/pokefoot/pokefoot.narc!/member_00487,0,/poketool/pokefoot/pokefoot.narc,330,487,,57516,57639,53488,53611,123,66ee5fa0805d4b4661630aae99f0a385792eaa4630f5084bac845b6317c97b5a,10300100005247434efffe0101003001,,Nintendo LZ10,Probable,,True,Nintendo LZ10,Confirmed,True,304,True,304,bc18bdea5af39481560e252bc047f322dd747d3e5616b65a7b2ee9c03b7907cf,NCGR graphics,Confirmed,False,False
/poketool/pokefoot/pokefoot.narc,/poketool/pokefoot/pokefoot.narc!/member_00488,0,/poketool/pokefoot/pokefoot.narc,330,488,,57640,57769,53612,53741,129,ed8048a2dd53af4992a6ada02c00096a7e8131a8d428a50ccdfc02f15c4a536a,10300100005247434efffe0101003001,,Nintendo LZ10,Probable,,True,Nintendo LZ10,Confirmed,True,304,True,304,43016cc04d62ae70a01014df48baf1e26d175900164a2c20a3d5a74bf70fe218,NCGR graphics,Confirmed,False,False
/poketool/pokefoot/pokefoot.narc,/poketool/pokefoot/pokefoot.narc!/member_00489,0,/poketool/pokefoot/pokefoot.narc,330,489,,57772,57908,53744,53880,136,b6f5c0c2fbb978c5690f4c91f2d82e500b5079282fd67302cfe1758cd0ec2a87,10300100005247434efffe0101003001,,Nintendo LZ10,Probable,,True,Nintendo LZ10,Confirmed,True,304,True,304,282deb262f478c0035b6c4415d0307481156fe31730156985de15fbc5ac8f22c,NCGR graphics,Confirmed,False,False
/poketool/pokefoot/pokefoot.narc,/poketool/pokefoot/pokefoot.narc!/member_00490,0,/poketool/pokefoot/pokefoot.narc,330,490,,57908,58039,53880,54011,131,f00827b0f67f10d8e259953cbc048cf9343de4707fecbdeea8924d0391c3bb85,10300100005247434efffe0101003001,,Nintendo LZ10,Probable,,True,Nintendo LZ10,Confirmed,True,304,True,304,0cd949e0b34471e5e4b18830a57e729b013951f1022bf1a921e09981cca6de01,NCGR graphics,Confirmed,False,False
/poketool/pokefoot/pokefoot.narc,/poketool/pokefoot/pokefoot.narc!/member_00491,0,/poketool/pokefoot/pokefoot.narc,330,491,,58040,58126,54012,54098,86,6a28fda8695aa1a32605f7d868b9ce025f3206b9c6d9055b34250b89d804f8ac,10300100005247434efffe0101003001,,Nintendo LZ10,Probable,,True,Nintendo LZ10,Confirmed,True,304,True,304,b6be6c4e729698ddfcc8b063f20aa90025238a774377a2da2cfc37b4d6bfd985,NCGR graphics,Confirmed,False,False
/poketool/pokefoot/pokefoot.narc,/poketool/pokefoot/pokefoot.narc!/member_00492,0,/poketool/pokefoot/pokefoot.narc,330,492,,58128,58214,54100,54186,86,6a28fda8695aa1a32605f7d868b9ce025f3206b9c6d9055b34250b89d804f8ac,10300100005247434efffe0101003001,,Nintendo LZ10,Probable,,True,Nintendo LZ10,Confirmed,True,304,True,304,b6be6c4e729698ddfcc8b063f20aa90025238a774377a2da2cfc37b4d6bfd985,NCGR graphics,Confirmed,False,False
/poketool/pokefoot/pokefoot.narc,/poketool/pokefoot/pokefoot.narc!/member_00493,0,/poketool/pokefoot/pokefoot.narc,330,493,,58216,58302,54188,54274,86,6a28fda8695aa1a32605f7d868b9ce025f3206b9c6d9055b34250b89d804f8ac,10300100005247434efffe0101003001,,Nintendo LZ10,Probable,,True,Nintendo LZ10,Confirmed,True,304,True,304,b6be6c4e729698ddfcc8b063f20aa90025238a774377a2da2cfc37b4d6bfd985,NCGR graphics,Confirmed,False,False
/poketool/pokefoot/pokefoot.narc,/poketool/pokefoot/pokefoot.narc!/member_00494,0,/poketool/pokefoot/pokefoot.narc,330,494,,58304,58404,54276,54376,100,29c6be4ce1eb2f2a31e10fe226b4c324fe8041c6c1c13f21b91728f08569699e,10300100005247434efffe0101003001,,Nintendo LZ10,Probable,,True,Nintendo LZ10,Confirmed,True,304,True,304,0e65f233afb1e6d33d1897c3bc41dd2cbc5660de15d9024231e23d76ec554020,NCGR graphics,Confirmed,False,False
/poketool/pokefoot/pokefoot.narc,/poketool/pokefoot/pokefoot.narc!/member_00495,0,/poketool/pokefoot/pokefoot.narc,330,495,,58404,58505,54376,54477,101,0e0311b5ef22f2e04a61904a499ef5ba2d5a5bba982dc674d6774a4959693d7c,10300100005247434efffe0101003001,,Nintendo LZ10,Probable,,True,Nintendo LZ10,Confirmed,True,304,True,304,2817a59da972e8c92f175c314923a03945f2495115658d2bdfb54bd923d49228,NCGR graphics,Confirmed,False,False
/poketool/pokefoot/pokefoot.narc,/poketool/pokefoot/pokefoot.narc!/member_00496,0,/poketool/pokefoot/pokefoot.narc,330,496,,58508,58604,54480,54576,96,a58558a9506feb41f764cb1000cd78c9b620eb412532af97c49e7c1815e74c34,10300100005247434efffe0101003001,,Nintendo LZ10,Probable,,True,Nintendo LZ10,Confirmed,True,304,True,304,3ae9807f85b502a941dd66fea020b616786bc4c8fc631bcff4ce2e56c2bfc7ef,NCGR graphics,Confirmed,False,False
/poketool/pokegra/height.narc,/poketool/pokegra/height.narc!/member_00000,0,/poketool/pokegra/height.narc,331,0,,15860,15861,0,1,1,6e340b9cffb37a989ca544e6bb780a2c78901d3fb33738768511a30617afa01d,00,,,,,False,,,,,,,,,,False,False
/poketool/pokegra/height.narc,/poketool/pokegra/height.narc!/member_00001,0,/poketool/pokegra/height.narc,331,1,,15864,15865,4,5,1,6e340b9cffb37a989ca544e6bb780a2c78901d3fb33738768511a30617afa01d,00,,,,,False,,,,,,,,,,False,False
/poketool/pokegra/height.narc,/poketool/pokegra/height.narc!/member_00002,0,/poketool/pokegra/height.narc,331,2,,15868,15869,8,9,1,6e340b9cffb37a989ca544e6bb780a2c78901d3fb33738768511a30617afa01d,00,,,,,False,,,,,,,,,,False,False
/poketool/pokegra/height.narc,/poketool/pokegra/height.narc!/member_00003,0,/poketool/pokegra/height.narc,331,3,,15872,15873,12,13,1,6e340b9cffb37a989ca544e6bb780a2c78901d3fb33738768511a30617afa01d,00,,,,,False,,,,,,,,,,False,False
/poketool/pokegra/height.narc,/poketool/pokegra/height.narc!/member_00004,0,/poketool/pokegra/height.narc,331,4,,15876,15877,16,17,1,f299791cddd3d6664f6670842812ef6053eb6501bd6282a476bbbf3ee91e750c,12,,,,,False,,,,,,,,,,False,False
/poketool/pokegra/height.narc,/poketool/pokegra/height.narc!/member_00005,0,/poketool/pokegra/height.narc,331,5,,15880,15881,20,21,1,f299791cddd3d6664f6670842812ef6053eb6501bd6282a476bbbf3ee91e750c,12,,,,,False,,,,,,,,,,False,False
/poketool/pokegra/height.narc,/poketool/pokegra/height.narc!/member_00006,0,/poketool/pokegra/height.narc,331,6,,15884,15885,24,25,1,83891d7fe85c33e52c8b4e5814c92fb6a3b9467299200538a6babaa8b452d879,14,,,,,False,,,,,,,,,,False,False
/poketool/pokegra/height.narc,/poketool/pokegra/height.narc!/member_00007,0,/poketool/pokegra/height.narc,331,7,,15888,15889,28,29,1,83891d7fe85c33e52c8b4e5814c92fb6a3b9467299200538a6babaa8b452d879,14,,,,,False,,,,,,,,,,False,False
/poketool/pokegra/height.narc,/poketool/pokegra/height.narc!/member_00008,0,/poketool/pokegra/height.narc,331,8,,15892,15893,32,33,1,01ba4719c80b6fe911b091a7c05124b64eeece964e09c058ef8f9805daca546b,0a,,,,,False,,,,,,,,,,False,False
/poketool/pokegra/height.narc,/poketool/pokegra/height.narc!/member_00009,0,/poketool/pokegra/height.narc,331,9,,15896,15897,36,37,1,01ba4719c80b6fe911b091a7c05124b64eeece964e09c058ef8f9805daca546b,0a,,,,,False,,,,,,,,,,False,False
/poketool/pokegra/height.narc,/poketool/pokegra/height.narc!/member_00010,0,/poketool/pokegra/height.narc,331,10,,15900,15901,40,41,1,dc0e9c3658a1a3ed1ec94274d8b19925c93e1abb7ddba294923ad9bde30f8cb8,0f,,,,,False,,,,,,,,,,False,False
/poketool/pokegra/height.narc,/poketool/pokegra/height.narc!/member_00011,0,/poketool/pokegra/height.narc,331,11,,15904,15905,44,45,1,dc0e9c3658a1a3ed1ec94274d8b19925c93e1abb7ddba294923ad9bde30f8cb8,0f,,,,,False,,,,,,,,,,False,False
/poketool/pokegra/height.narc,/poketool/pokegra/height.narc!/member_00012,0,/poketool/pokegra/height.narc,331,12,,15908,15909,48,49,1,9d1e0e2d9459d06523ad13e28a4093c2316baafe7aec5b25f30eba2e113599c4,0d,,,,,False,,,,,,,,,,False,False
/poketool/pokegra/height.narc,/poketool/pokegra/height.narc!/member_00013,0,/poketool/pokegra/height.narc,331,13,,15912,15913,52,53,1,9d1e0e2d9459d06523ad13e28a4093c2316baafe7aec5b25f30eba2e113599c4,0d,,,,,False,,,,,,,,,,False,False
/poketool/pokegra/height.narc,/poketool/pokegra/height.narc!/member_00014,0,/poketool/pokegra/height.narc,331,14,,15916,15917,56,57,1,67586e98fad27da0b9968bc039a1ef34c939b9b8e523a8bef89d478608c5ecf6,06,,,,,False,,,,,,,,,,False,False
/poketool/pokegra/height.narc,/poketool/pokegra/height.narc!/member_00015,0,/poketool/pokegra/height.narc,331,15,,15920,15921,60,61,1,67586e98fad27da0b9968bc039a1ef34c939b9b8e523a8bef89d478608c5ecf6,06,,,,,False,,,,,,,,,,False,False
/poketool/pokegra/height.narc,/poketool/pokegra/height.narc!/member_00016,0,/poketool/pokegra/height.narc,331,16,,15924,15925,64,65,1,e7cf46a078fed4fafd0b5e3aff144802b853f8ae459a4f0c14add3314b7cc3a6,0b,,,,,False,,,,,,,,,,False,False
/poketool/pokegra/height.narc,/poketool/pokegra/height.narc!/member_00017,0,/poketool/pokegra/height.narc,331,17,,15928,15929,68,69,1,e7cf46a078fed4fafd0b5e3aff144802b853f8ae459a4f0c14add3314b7cc3a6,0b,,,,,False,,,,,,,,,,False,False
/poketool/pokegra/height.narc,/poketool/pokegra/height.narc!/member_00018,0,/poketool/pokegra/height.narc,331,18,,15932,15933,72,73,1,ab897fbdedfa502b2d839b6a56100887dccdc507555c282e59589e06300a62e2,13,,,,,False,,,,,,,,,,False,False
/poketool/pokegra/height.narc,/poketool/pokegra/height.narc!/member_00019,0,/poketool/pokegra/height.narc,331,19,,15936,15937,76,77,1,ab897fbdedfa502b2d839b6a56100887dccdc507555c282e59589e06300a62e2,13,,,,,False,,,,,,,,,,False,False
/poketool/pokegra/height.narc,/poketool/pokegra/height.narc!/member_00020,0,/poketool/pokegra/height.narc,331,20,,15940,15941,80,81,1,beead77994cf573341ec17b58bbf7eb34d2711c993c1d976b128b3188dc1829a,08,,,,,False,,,,,,,,,,False,False
/poketool/pokegra/height.narc,/poketool/pokegra/height.narc!/member_00021,0,/poketool/pokegra/height.narc,331,21,,15944,15945,84,85,1,beead77994cf573341ec17b58bbf7eb34d2711c993c1d976b128b3188dc1829a,08,,,,,False,,,,,,,,,,False,False
/poketool/pokegra/height.narc,/poketool/pokegra/height.narc!/member_00022,0,/poketool/pokegra/height.narc,331,22,,15948,15949,88,89,1,4d7b3ef7300acf70c892d8327db8272f54434adbc61a4e130a563cb59a0d0f47,0e,,,,,False,,,,,,,,,,False,False
/poketool/pokegra/height.narc,/poketool/pokegra/height.narc!/member_00023,0,/poketool/pokegra/height.narc,331,23,,15952,15953,92,93,1,4d7b3ef7300acf70c892d8327db8272f54434adbc61a4e130a563cb59a0d0f47,0e,,,,,False,,,,,,,,,,False,False
/poketool/pokegra/height.narc,/poketool/pokegra/height.narc!/member_00024,0,/poketool/pokegra/height.narc,331,24,,15956,15957,96,97,1,4bf5122f344554c53bde2ebb8cd2b7e3d1600ad631c385a5d7cce23c7785459a,01,,,,,False,,,,,,,,,,False,False
/poketool/pokegra/height.narc,/poketool/pokegra/height.narc!/member_00025,0,/poketool/pokegra/height.narc,331,25,,15960,15961,100,101,1,4bf5122f344554c53bde2ebb8cd2b7e3d1600ad631c385a5d7cce23c7785459a,01,,,,,False,,,,,,,,,,False,False
/poketool/pokegra/height.narc,/poketool/pokegra/height.narc!/member_00026,0,/poketool/pokegra/height.narc,331,26,,15964,15965,104,105,1,6e340b9cffb37a989ca544e6bb780a2c78901d3fb33738768511a30617afa01d,00,,,,,False,,,,,,,,,,False,False
/poketool/pokegra/height.narc,/poketool/pokegra/height.narc!/member_00027,0,/poketool/pokegra/height.narc,331,27,,15968,15969,108,109,1,6e340b9cffb37a989ca544e6bb780a2c78901d3fb33738768511a30617afa01d,00,,,,,False,,,,,,,,,,False,False
/poketool/pokegra/height.narc,/poketool/pokegra/height.narc!/member_00028,0,/poketool/pokegra/height.narc,331,28,,15972,15973,112,113,1,ef6cbd2161eaea7943ce8693b9824d23d1793ffb1c0fca05b600d3899b44c977,0c,,,,,False,,,,,,,,,,False,False
/poketool/pokegra/height.narc,/poketool/pokegra/height.narc!/member_00029,0,/poketool/pokegra/height.narc,331,29,,15976,15977,116,117,1,ef6cbd2161eaea7943ce8693b9824d23d1793ffb1c0fca05b600d3899b44c977,0c,,,,,False,,,,,,,,,,False,False
/poketool/pokegra/height.narc,/poketool/pokegra/height.narc!/member_00030,0,/poketool/pokegra/height.narc,331,30,,15980,15981,120,121,1,83891d7fe85c33e52c8b4e5814c92fb6a3b9467299200538a6babaa8b452d879,14,,,,,False,,,,,,,,,,False,False
/poketool/pokegra/height.narc,/poketool/pokegra/height.narc!/member_00031,0,/poketool/pokegra/height.narc,331,31,,15984,15985,124,125,1,83891d7fe85c33e52c8b4e5814c92fb6a3b9467299200538a6babaa8b452d879,14,,,,,False,,,,,,,,,,False,False
/poketool/pokegra/height.narc,/poketool/pokegra/height.narc!/member_00032,0,/poketool/pokegra/height.narc,331,32,,15988,15989,128,129,1,beead77994cf573341ec17b58bbf7eb34d2711c993c1d976b128b3188dc1829a,08,,,,,False,,,,,,,,,,False,False
/poketool/pokegra/height.narc,/poketool/pokegra/height.narc!/member_00033,0,/poketool/pokegra/height.narc,331,33,,15992,15993,132,133,1,beead77994cf573341ec17b58bbf7eb34d2711c993c1d976b128b3188dc1829a,08,,,,,False,,,,,,,,,,False,False
/poketool/pokegra/height.narc,/poketool/pokegra/height.narc!/member_00034,0,/poketool/pokegra/height.narc,331,34,,15996,15997,136,137,1,9d1e0e2d9459d06523ad13e28a4093c2316baafe7aec5b25f30eba2e113599c4,0d,,,,,False,,,,,,,,,,False,False
/poketool/pokegra/height.narc,/poketool/pokegra/height.narc!/member_00035,0,/poketool/pokegra/height.narc,331,35,,16000,16001,140,141,1,9d1e0e2d9459d06523ad13e28a4093c2316baafe7aec5b25f30eba2e113599c4,0d,,,,,False,,,,,,,,,,False,False
/poketool/pokegra/height.narc,/poketool/pokegra/height.narc!/member_00036,0,/poketool/pokegra/height.narc,331,36,,16004,16005,144,145,1,2b4c342f5433ebe591a1da77e013d1b72475562d48578dca8b84bac6651c3cb9,09,,,,,False,,,,,,,,,,False,False
/poketool/pokegra/height.narc,/poketool/pokegra/height.narc!/member_00037,0,/poketool/pokegra/height.narc,331,37,,16008,16009,148,149,1,2b4c342f5433ebe591a1da77e013d1b72475562d48578dca8b84bac6651c3cb9,09,,,,,False,,,,,,,,,,False,False
/poketool/pokegra/height.narc,/poketool/pokegra/height.narc!/member_00038,0,/poketool/pokegra/height.narc,331,38,,16012,16013,152,153,1,beead77994cf573341ec17b58bbf7eb34d2711c993c1d976b128b3188dc1829a,08,,,,,False,,,,,,,,,,False,False
/poketool/pokegra/height.narc,/poketool/pokegra/height.narc!/member_00039,0,/poketool/pokegra/height.narc,331,39,,16016,16017,156,157,1,beead77994cf573341ec17b58bbf7eb34d2711c993c1d976b128b3188dc1829a,08,,,,,False,,,,,,,,,,False,False
/poketool/pokegra/height.narc,/poketool/pokegra/height.narc!/member_00040,0,/poketool/pokegra/height.narc,331,40,,16020,16021,160,161,1,dc0e9c3658a1a3ed1ec94274d8b19925c93e1abb7ddba294923ad9bde30f8cb8,0f,,,,,False,,,,,,,,,,False,False
/poketool/pokegra/height.narc,/poketool/pokegra/height.narc!/member_00041,0,/poketool/pokegra/height.narc,331,41,,16024,16025,164,165,1,dc0e9c3658a1a3ed1ec94274d8b19925c93e1abb7ddba294923ad9bde30f8cb8,0f,,,,,False,,,,,,,,,,False,False
/poketool/pokegra/height.narc,/poketool/pokegra/height.narc!/member_00042,0,/poketool/pokegra/height.narc,331,42,,16028,16029,168,169,1,8f11b05da785e43e713d03774c6bd3405d99cd3024af334ffd68db663aa37034,17,,,,,False,,,,,,,,,,False,False
/poketool/pokegra/height.narc,/poketool/pokegra/height.narc!/member_00043,0,/poketool/pokegra/height.narc,331,43,,16032,16033,172,173,1,8f11b05da785e43e713d03774c6bd3405d99cd3024af334ffd68db663aa37034,17,,,,,False,,,,,,,,,,False,False
/poketool/pokegra/height.narc,/poketool/pokegra/height.narc!/member_00044,0,/poketool/pokegra/height.narc,331,44,,16036,16037,176,177,1,01ba4719c80b6fe911b091a7c05124b64eeece964e09c058ef8f9805daca546b,0a,,,,,False,,,,,,,,,,False,False
/poketool/pokegra/height.narc,/poketool/pokegra/height.narc!/member_00045,0,/poketool/pokegra/height.narc,331,45,,16040,16041,180,181,1,01ba4719c80b6fe911b091a7c05124b64eeece964e09c058ef8f9805daca546b,0a,,,,,False,,,,,,,,,,False,False
/poketool/pokegra/height.narc,/poketool/pokegra/height.narc!/member_00046,0,/poketool/pokegra/height.narc,331,46,,16044,16045,184,185,1,7cb7c4547cf2653590d7a9ace60cc623d25148adfbc88a89aeb0ef88da7839ba,16,,,,,False,,,,,,,,,,False,False
/poketool/pokegra/height.narc,/poketool/pokegra/height.narc!/member_00047,0,/poketool/pokegra/height.narc,331,47,,16048,16049,188,189,1,7cb7c4547cf2653590d7a9ace60cc623d25148adfbc88a89aeb0ef88da7839ba,16,,,,,False,,,,,,,,,,False,False
/poketool/pokegra/height.narc,/poketool/pokegra/height.narc!/member_00048,0,/poketool/pokegra/height.narc,331,48,,16052,16053,192,193,1,67586e98fad27da0b9968bc039a1ef34c939b9b8e523a8bef89d478608c5ecf6,06,,,,,False,,,,,,,,,,False,False
/poketool/pokegra/height.narc,/poketool/pokegra/height.narc!/member_00049,0,/poketool/pokegra/height.narc,331,49,,16056,16057,196,197,1,67586e98fad27da0b9968bc039a1ef34c939b9b8e523a8bef89d478608c5ecf6,06,,,,,False,,,,,,,,,,False,False
/poketool/pokegra/height.narc,/poketool/pokegra/height.narc!/member_00050,0,/poketool/pokegra/height.narc,331,50,,16060,16061,200,201,1,dc0e9c3658a1a3ed1ec94274d8b19925c93e1abb7ddba294923ad9bde30f8cb8,0f,,,,,False,,,,,,,,,,False,False
/poketool/pokegra/height.narc,/poketool/pokegra/height.narc!/member_00051,0,/poketool/pokegra/height.narc,331,51,,16064,16065,204,205,1,dc0e9c3658a1a3ed1ec94274d8b19925c93e1abb7ddba294923ad9bde30f8cb8,0f,,,,,False,,,,,,,,,,False,False
/poketool/pokegra/height.narc,/poketool/pokegra/height.narc!/member_00052,0,/poketool/pokegra/height.narc,331,52,,16068,16069,208,209,1,2b4c342f5433ebe591a1da77e013d1b72475562d48578dca8b84bac6651c3cb9,09,,,,,False,,,,,,,,,,False,False
/poketool/pokegra/height.narc,/poketool/pokegra/height.narc!/member_00053,0,/poketool/pokegra/height.narc,331,53,,16072,16073,212,213,1,2b4c342f5433ebe591a1da77e013d1b72475562d48578dca8b84bac6651c3cb9,09,,,,,False,,,,,,,,,,False,False
/poketool/pokegra/height.narc,/poketool/pokegra/height.narc!/member_00054,0,/poketool/pokegra/height.narc,331,54,,16076,16077,216,217,1,7cb7c4547cf2653590d7a9ace60cc623d25148adfbc88a89aeb0ef88da7839ba,16,,,,,False,,,,,,,,,,False,False
/poketool/pokegra/height.narc,/poketool/pokegra/height.narc!/member_00055,0,/poketool/pokegra/height.narc,331,55,,16080,16081,220,221,1,7cb7c4547cf2653590d7a9ace60cc623d25148adfbc88a89aeb0ef88da7839ba,16,,,,,False,,,,,,,,,,False,False
/poketool/pokegra/height.narc,/poketool/pokegra/height.narc!/member_00056,0,/poketool/pokegra/height.narc,331,56,,16084,16085,224,225,1,dc0e9c3658a1a3ed1ec94274d8b19925c93e1abb7ddba294923ad9bde30f8cb8,0f,,,,,False,,,,,,,,,,False,False
/poketool/pokegra/height.narc,/poketool/pokegra/height.narc!/member_00057,0,/poketool/pokegra/height.narc,331,57,,16088,16089,228,229,1,dc0e9c3658a1a3ed1ec94274d8b19925c93e1abb7ddba294923ad9bde30f8cb8,0f,,,,,False,,,,,,,,,,False,False
/poketool/pokegra/height.narc,/poketool/pokegra/height.narc!/member_00058,0,/poketool/pokegra/height.narc,331,58,,16092,16093,232,233,1,83891d7fe85c33e52c8b4e5814c92fb6a3b9467299200538a6babaa8b452d879,14,,,,,False,,,,,,,,,,False,False
/poketool/pokegra/height.narc,/poketool/pokegra/height.narc!/member_00059,0,/poketool/pokegra/height.narc,331,59,,16096,16097,236,237,1,83891d7fe85c33e52c8b4e5814c92fb6a3b9467299200538a6babaa8b452d879,14,,,,,False,,,,,,,,,,False,False
/poketool/pokegra/height.narc,/poketool/pokegra/height.narc!/member_00060,0,/poketool/pokegra/height.narc,331,60,,16100,16101,240,241,1,67586e98fad27da0b9968bc039a1ef34c939b9b8e523a8bef89d478608c5ecf6,06,,,,,False,,,,,,,,,,False,False
/poketool/pokegra/height.narc,/poketool/pokegra/height.narc!/member_00061,0,/poketool/pokegra/height.narc,331,61,,16104,16105,244,245,1,67586e98fad27da0b9968bc039a1ef34c939b9b8e523a8bef89d478608c5ecf6,06,,,,,False,,,,,,,,,,False,False
/poketool/pokegra/height.narc,/poketool/pokegra/height.narc!/member_00062,0,/poketool/pokegra/height.narc,331,62,,16108,16109,248,249,1,01ba4719c80b6fe911b091a7c05124b64eeece964e09c058ef8f9805daca546b,0a,,,,,False,,,,,,,,,,False,False
/poketool/pokegra/height.narc,/poketool/pokegra/height.narc!/member_00063,0,/poketool/pokegra/height.narc,331,63,,16112,16113,252,253,1,01ba4719c80b6fe911b091a7c05124b64eeece964e09c058ef8f9805daca546b,0a,,,,,False,,,,,,,,,,False,False
/poketool/pokegra/height.narc,/poketool/pokegra/height.narc!/member_00064,0,/poketool/pokegra/height.narc,331,64,,16116,16117,256,257,1,4d7b3ef7300acf70c892d8327db8272f54434adbc61a4e130a563cb59a0d0f47,0e,,,,,False,,,,,,,,,,False,False
/poketool/pokegra/height.narc,/poketool/pokegra/height.narc!/member_00065,0,/poketool/pokegra/height.narc,331,65,,16120,16121,260,261,1,4d7b3ef7300acf70c892d8327db8272f54434adbc61a4e130a563cb59a0d0f47,0e,,,,,False,,,,,,,,,,False,False
/poketool/pokegra/height.narc,/poketool/pokegra/height.narc!/member_00066,0,/poketool/pokegra/height.narc,331,66,,16124,16125,264,265,1,452ba1ddef80246c48be7690193c76c1d61185906be9401014fe14f1be64b74f,18,,,,,False,,,,,,,,,,False,False
/poketool/pokegra/height.narc,/poketool/pokegra/height.narc!/member_00067,0,/poketool/pokegra/height.narc,331,67,,16128,16129,268,269,1,452ba1ddef80246c48be7690193c76c1d61185906be9401014fe14f1be64b74f,18,,,,,False,,,,,,,,,,False,False
/poketool/pokegra/height.narc,/poketool/pokegra/height.narc!/member_00068,0,/poketool/pokegra/height.narc,331,68,,16132,16133,272,273,1,beead77994cf573341ec17b58bbf7eb34d2711c993c1d976b128b3188dc1829a,08,,,,,False,,,,,,,,,,False,False
/poketool/pokegra/height.narc,/poketool/pokegra/height.narc!/member_00069,0,/poketool/pokegra/height.narc,331,69,,16136,16137,276,277,1,beead77994cf573341ec17b58bbf7eb34d2711c993c1d976b128b3188dc1829a,08,,,,,False,,,,,,,,,,False,False
/poketool/pokegra/height.narc,/poketool/pokegra/height.narc!/member_00070,0,/poketool/pokegra/height.narc,331,70,,16140,16141,280,281,1,6e340b9cffb37a989ca544e6bb780a2c78901d3fb33738768511a30617afa01d,00,,,,,False,,,,,,,,,,False,False
/poketool/pokegra/height.narc,/poketool/pokegra/height.narc!/member_00071,0,/poketool/pokegra/height.narc,331,71,,16144,16145,284,285,1,6e340b9cffb37a989ca544e6bb780a2c78901d3fb33738768511a30617afa01d,00,,,,,False,,,,,,,,,,False,False
/poketool/pokegra/height.narc,/poketool/pokegra/height.narc!/member_00072,0,/poketool/pokegra/height.narc,331,72,,16148,16149,288,289,1,beead77994cf573341ec17b58bbf7eb34d2711c993c1d976b128b3188dc1829a,08,,,,,False,,,,,,,,,,False,False
/poketool/pokegra/height.narc,/poketool/pokegra/height.narc!/member_00073,0,/poketool/pokegra/height.narc,331,73,,16152,16153,292,293,1,beead77994cf573341ec17b58bbf7eb34d2711c993c1d976b128b3188dc1829a,08,,,,,False,,,,,,,,,,False,False
/poketool/pokegra/height.narc,/poketool/pokegra/height.narc!/member_00074,0,/poketool/pokegra/height.narc,331,74,,16156,16157,296,297,1,ca358758f6d27e6cf45272937977a748fd88391db679ceda7dc7bf1f005ee879,07,,,,,False,,,,,,,,,,False,False
/poketool/pokegra/height.narc,/poketool/pokegra/height.narc!/member_00075,0,/poketool/pokegra/height.narc,331,75,,16160,16161,300,301,1,ca358758f6d27e6cf45272937977a748fd88391db679ceda7dc7bf1f005ee879,07,,,,,False,,,,,,,,,,False,False
/poketool/pokegra/height.narc,/poketool/pokegra/height.narc!/member_00076,0,/poketool/pokegra/height.narc,331,76,,16164,16165,304,305,1,2b4c342f5433ebe591a1da77e013d1b72475562d48578dca8b84bac6651c3cb9,09,,,,,False,,,,,,,,,,False,False
/poketool/pokegra/height.narc,/poketool/pokegra/height.narc!/member_00077,0,/poketool/pokegra/height.narc,331,77,,16168,16169,308,309,1,2b4c342f5433ebe591a1da77e013d1b72475562d48578dca8b84bac6651c3cb9,09,,,,,False,,,,,,,,,,False,False
/poketool/pokegra/height.narc,/poketool/pokegra/height.narc!/member_00078,0,/poketool/pokegra/height.narc,331,78,,16172,16173,312,313,1,dc0e9c3658a1a3ed1ec94274d8b19925c93e1abb7ddba294923ad9bde30f8cb8,0f,,,,,False,,,,,,,,,,False,False
/poketool/pokegra/height.narc,/poketool/pokegra/height.narc!/member_00079,0,/poketool/pokegra/height.narc,331,79,,16176,16177,316,317,1,dc0e9c3658a1a3ed1ec94274d8b19925c93e1abb7ddba294923ad9bde30f8cb8,0f,,,,,False,,,,,,,,,,False,False
/poketool/pokegra/height.narc,/poketool/pokegra/height.narc!/member_00080,0,/poketool/pokegra/height.narc,331,80,,16180,16181,320,321,1,ef6cbd2161eaea7943ce8693b9824d23d1793ffb1c0fca05b600d3899b44c977,0c,,,,,False,,,,,,,,,,False,False
/poketool/pokegra/height.narc,/poketool/pokegra/height.narc!/member_00081,0,/poketool/pokegra/height.narc,331,81,,16184,16185,324,325,1,ef6cbd2161eaea7943ce8693b9824d23d1793ffb1c0fca05b600d3899b44c977,0c,,,,,False,,,,,,,,,,False,False
/poketool/pokegra/height.narc,/poketool/pokegra/height.narc!/member_00082,0,/poketool/pokegra/height.narc,331,82,,16188,16189,328,329,1,dc0e9c3658a1a3ed1ec94274d8b19925c93e1abb7ddba294923ad9bde30f8cb8,0f,,,,,False,,,,,,,,,,False,False
/poketool/pokegra/height.narc,/poketool/pokegra/height.narc!/member_00083,0,/poketool/pokegra/height.narc,331,83,,16192,16193,332,333,1,dc0e9c3658a1a3ed1ec94274d8b19925c93e1abb7ddba294923ad9bde30f8cb8,0f,,,,,False,,,,,,,,,,False,False
/poketool/pokegra/height.narc,/poketool/pokegra/height.narc!/member_00084,0,/poketool/pokegra/height.narc,331,84,,16196,16197,336,337,1,beead77994cf573341ec17b58bbf7eb34d2711c993c1d976b128b3188dc1829a,08,,,,,False,,,,,,,,,,False,False
/poketool/pokegra/height.narc,/poketool/pokegra/height.narc!/member_00085,0,/poketool/pokegra/height.narc,331,85,,16200,16201,340,341,1,beead77994cf573341ec17b58bbf7eb34d2711c993c1d976b128b3188dc1829a,08,,,,,False,,,,,,,,,,False,False
/poketool/pokegra/height.narc,/poketool/pokegra/height.narc!/member_00086,0,/poketool/pokegra/height.narc,331,86,,16204,16205,344,345,1,7cb7c4547cf2653590d7a9ace60cc623d25148adfbc88a89aeb0ef88da7839ba,16,,,,,False,,,,,,,,,,False,False
/poketool/pokegra/height.narc,/poketool/pokegra/height.narc!/member_00087,0,/poketool/pokegra/height.narc,331,87,,16208,16209,348,349,1,7cb7c4547cf2653590d7a9ace60cc623d25148adfbc88a89aeb0ef88da7839ba,16,,,,,False,,,,,,,,,,False,False
/poketool/pokegra/height.narc,/poketool/pokegra/height.narc!/member_00088,0,/poketool/pokegra/height.narc,331,88,,16212,16213,352,353,1,e77b9a9ae9e30b0dbdb6f510a264ef9de781501d7b6b92ae89eb059c5ab743db,05,,,,,False,,,,,,,,,,False,False
/poketool/pokegra/height.narc,/poketool/pokegra/height.narc!/member_00089,0,/poketool/pokegra/height.narc,331,89,,16216,16217,356,357,1,e77b9a9ae9e30b0dbdb6f510a264ef9de781501d7b6b92ae89eb059c5ab743db,05,,,,,False,,,,,,,,,,False,False
/poketool/pokegra/height.narc,/poketool/pokegra/height.narc!/member_00090,0,/poketool/pokegra/height.narc,331,90,,16220,16221,360,361,1,e77b9a9ae9e30b0dbdb6f510a264ef9de781501d7b6b92ae89eb059c5ab743db,05,,,,,False,,,,,,,,,,False,False
/poketool/pokegra/height.narc,/poketool/pokegra/height.narc!/member_00091,0,/poketool/pokegra/height.narc,331,91,,16224,16225,364,365,1,e77b9a9ae9e30b0dbdb6f510a264ef9de781501d7b6b92ae89eb059c5ab743db,05,,,,,False,,,,,,,,,,False,False
/poketool/pokegra/height.narc,/poketool/pokegra/height.narc!/member_00092,0,/poketool/pokegra/height.narc,331,92,,16228,16229,368,369,1,ef6cbd2161eaea7943ce8693b9824d23d1793ffb1c0fca05b600d3899b44c977,0c,,,,,False,,,,,,,,,,False,False
/poketool/pokegra/height.narc,/poketool/pokegra/height.narc!/member_00093,0,/poketool/pokegra/height.narc,331,93,,16232,16233,372,373,1,ef6cbd2161eaea7943ce8693b9824d23d1793ffb1c0fca05b600d3899b44c977,0c,,,,,False,,,,,,,,,,False,False
/poketool/pokegra/height.narc,/poketool/pokegra/height.narc!/member_00094,0,/poketool/pokegra/height.narc,331,94,,16236,16237,376,377,1,ab897fbdedfa502b2d839b6a56100887dccdc507555c282e59589e06300a62e2,13,,,,,False,,,,,,,,,,False,False
/poketool/pokegra/height.narc,/poketool/pokegra/height.narc!/member_00095,0,/poketool/pokegra/height.narc,331,95,,16240,16241,380,381,1,ab897fbdedfa502b2d839b6a56100887dccdc507555c282e59589e06300a62e2,13,,,,,False,,,,,,,,,,False,False
/poketool/pokegra/height.narc,/poketool/pokegra/height.narc!/member_00096,0,/poketool/pokegra/height.narc,331,96,,16244,16245,384,385,1,e77b9a9ae9e30b0dbdb6f510a264ef9de781501d7b6b92ae89eb059c5ab743db,05,,,,,False,,,,,,,,,,False,False
/poketool/pokegra/height.narc,/poketool/pokegra/height.narc!/member_00097,0,/poketool/pokegra/height.narc,331,97,,16248,16249,388,389,1,e77b9a9ae9e30b0dbdb6f510a264ef9de781501d7b6b92ae89eb059c5ab743db,05,,,,,False,,,,,,,,,,False,False
/poketool/pokegra/height.narc,/poketool/pokegra/height.narc!/member_00098,0,/poketool/pokegra/height.narc,331,98,,16252,16253,392,393,1,ca358758f6d27e6cf45272937977a748fd88391db679ceda7dc7bf1f005ee879,07,,,,,False,,,,,,,,,,False,False
/poketool/pokegra/height.narc,/poketool/pokegra/height.narc!/member_00099,0,/poketool/pokegra/height.narc,331,99,,16256,16257,396,397,1,ca358758f6d27e6cf45272937977a748fd88391db679ceda7dc7bf1f005ee879,07,,,,,False,,,,,,,,,,False,False
/poketool/pokegra/height.narc,/poketool/pokegra/height.narc!/member_00100,0,/poketool/pokegra/height.narc,331,100,,16260,16261,400,401,1,e77b9a9ae9e30b0dbdb6f510a264ef9de781501d7b6b92ae89eb059c5ab743db,05,,,,,False,,,,,,,,,,False,False
/poketool/pokegra/height.narc,/poketool/pokegra/height.narc!/member_00101,0,/poketool/pokegra/height.narc,331,101,,16264,16265,404,405,1,e77b9a9ae9e30b0dbdb6f510a264ef9de781501d7b6b92ae89eb059c5ab743db,05,,,,,False,,,,,,,,,,False,False
/poketool/pokegra/height.narc,/poketool/pokegra/height.narc!/member_00102,0,/poketool/pokegra/height.narc,331,102,,16268,16269,408,409,1,4a64a107f0cb32536e5bce6c98c393db21cca7f4ea187ba8c4dca8b51d4ea80a,11,,Nintendo LZ11,Probable,,True,Nintendo LZ11,Probable,True,,,,,,,False,False
/poketool/pokegra/height.narc,/poketool/pokegra/height.narc!/member_00103,0,/poketool/pokegra/height.narc,331,103,,16272,16273,412,413,1,4a64a107f0cb32536e5bce6c98c393db21cca7f4ea187ba8c4dca8b51d4ea80a,11,,Nintendo LZ11,Probable,,True,Nintendo LZ11,Probable,True,,,,,,,False,False
/poketool/pokegra/height.narc,/poketool/pokegra/height.narc!/member_00104,0,/poketool/pokegra/height.narc,331,104,,16276,16277,416,417,1,ca358758f6d27e6cf45272937977a748fd88391db679ceda7dc7bf1f005ee879,07,,,,,False,,,,,,,,,,False,False
/poketool/pokegra/height.narc,/poketool/pokegra/height.narc!/member_00105,0,/poketool/pokegra/height.narc,331,105,,16280,16281,420,421,1,ca358758f6d27e6cf45272937977a748fd88391db679ceda7dc7bf1f005ee879,07,,,,,False,,,,,,,,,,False,False
/poketool/pokegra/height.narc,/poketool/pokegra/height.narc!/member_00106,0,/poketool/pokegra/height.narc,331,106,,16284,16285,424,425,1,e7cf46a078fed4fafd0b5e3aff144802b853f8ae459a4f0c14add3314b7cc3a6,0b,,,,,False,,,,,,,,,,False,False
/poketool/pokegra/height.narc,/poketool/pokegra/height.narc!/member_00107,0,/poketool/pokegra/height.narc,331,107,,16288,16289,428,429,1,e7cf46a078fed4fafd0b5e3aff144802b853f8ae459a4f0c14add3314b7cc3a6,0b,,,,,False,,,,,,,,,,False,False
/poketool/pokegra/height.narc,/poketool/pokegra/height.narc!/member_00108,0,/poketool/pokegra/height.narc,331,108,,16292,16293,432,433,1,c555eab45d08845ae9f10d452a99bfcb06f74a50b988fe7e48dd323789b88ee3,10,,Nintendo LZ10,Probable,,True,Nintendo LZ10,Probable,True,,,,,,,False,False
/poketool/pokegra/height.narc,/poketool/pokegra/height.narc!/member_00109,0,/poketool/pokegra/height.narc,331,109,,16296,16297,436,437,1,c555eab45d08845ae9f10d452a99bfcb06f74a50b988fe7e48dd323789b88ee3,10,,Nintendo LZ10,Probable,,True,Nintendo LZ10,Probable,True,,,,,,,False,False
/poketool/pokegra/height.narc,/poketool/pokegra/height.narc!/member_00110,0,/poketool/pokegra/height.narc,331,110,,16300,16301,440,441,1,f299791cddd3d6664f6670842812ef6053eb6501bd6282a476bbbf3ee91e750c,12,,,,,False,,,,,,,,,,False,False
/poketool/pokegra/height.narc,/poketool/pokegra/height.narc!/member_00111,0,/poketool/pokegra/height.narc,331,111,,16304,16305,444,445,1,f299791cddd3d6664f6670842812ef6053eb6501bd6282a476bbbf3ee91e750c,12,,,,,False,,,,,,,,,,False,False
/poketool/pokegra/height.narc,/poketool/pokegra/height.narc!/member_00112,0,/poketool/pokegra/height.narc,331,112,,16308,16309,448,449,1,4d7b3ef7300acf70c892d8327db8272f54434adbc61a4e130a563cb59a0d0f47,0e,,,,,False,,,,,,,,,,False,False
/poketool/pokegra/height.narc,/poketool/pokegra/height.narc!/member_00113,0,/poketool/pokegra/height.narc,331,113,,16312,16313,452,453,1,4d7b3ef7300acf70c892d8327db8272f54434adbc61a4e130a563cb59a0d0f47,0e,,,,,False,,,,,,,,,,False,False
/poketool/pokegra/height.narc,/poketool/pokegra/height.narc!/member_00114,0,/poketool/pokegra/height.narc,331,114,,16316,16317,456,457,1,9d1e0e2d9459d06523ad13e28a4093c2316baafe7aec5b25f30eba2e113599c4,0d,,,,,False,,,,,,,,,,False,False
/poketool/pokegra/height.narc,/poketool/pokegra/height.narc!/member_00115,0,/poketool/pokegra/height.narc,331,115,,16320,16321,460,461,1,9d1e0e2d9459d06523ad13e28a4093c2316baafe7aec5b25f30eba2e113599c4,0d,,,,,False,,,,,,,,,,False,False
/poketool/pokegra/height.narc,/poketool/pokegra/height.narc!/member_00116,0,/poketool/pokegra/height.narc,331,116,,16324,16325,464,465,1,c555eab45d08845ae9f10d452a99bfcb06f74a50b988fe7e48dd323789b88ee3,10,,Nintendo LZ10,Probable,,True,Nintendo LZ10,Probable,True,,,,,,,False,False
/poketool/pokegra/height.narc,/poketool/pokegra/height.narc!/member_00117,0,/poketool/pokegra/height.narc,331,117,,16328,16328,468,468,0,e3b0c44298fc1c149afbf4c8996fb92427ae41e4649b934ca495991b7852b855,,,,,,False,,,,,,,,,,False,False
/poketool/pokegra/height.narc,/poketool/pokegra/height.narc!/member_00118,0,/poketool/pokegra/height.narc,331,118,,16328,16329,468,469,1,7cb7c4547cf2653590d7a9ace60cc623d25148adfbc88a89aeb0ef88da7839ba,16,,,,,False,,,,,,,,,,False,False
/poketool/pokegra/height.narc,/poketool/pokegra/height.narc!/member_00119,0,/poketool/pokegra/height.narc,331,119,,16332,16332,472,472,0,e3b0c44298fc1c149afbf4c8996fb92427ae41e4649b934ca495991b7852b855,,,,,,False,,,,,,,,,,False,False
/poketool/pokegra/height.narc,/poketool/pokegra/height.narc!/member_00120,0,/poketool/pokegra/height.narc,331,120,,16332,16333,472,473,1,67586e98fad27da0b9968bc039a1ef34c939b9b8e523a8bef89d478608c5ecf6,06,,,,,False,,,,,,,,,,False,False
/poketool/pokegra/height.narc,/poketool/pokegra/height.narc!/member_00121,0,/poketool/pokegra/height.narc,331,121,,16336,16336,476,476,0,e3b0c44298fc1c149afbf4c8996fb92427ae41e4649b934ca495991b7852b855,,,,,,False,,,,,,,,,,False,False
/poketool/pokegra/height.narc,/poketool/pokegra/height.narc!/member_00122,0,/poketool/pokegra/height.narc,331,122,,16336,16337,476,477,1,c555eab45d08845ae9f10d452a99bfcb06f74a50b988fe7e48dd323789b88ee3,10,,Nintendo LZ10,Probable,,True,Nintendo LZ10,Probable,True,,,,,,,False,False
/poketool/pokegra/height.narc,/poketool/pokegra/height.narc!/member_00123,0,/poketool/pokegra/height.narc,331,123,,16340,16340,480,480,0,e3b0c44298fc1c149afbf4c8996fb92427ae41e4649b934ca495991b7852b855,,,,,,False,,,,,,,,,,False,False
/poketool/pokegra/height.narc,/poketool/pokegra/height.narc!/member_00124,0,/poketool/pokegra/height.narc,331,124,,16340,16341,480,481,1,67586e98fad27da0b9968bc039a1ef34c939b9b8e523a8bef89d478608c5ecf6,06,,,,,False,,,,,,,,,,False,False
/poketool/pokegra/height.narc,/poketool/pokegra/height.narc!/member_00125,0,/poketool/pokegra/height.narc,331,125,,16344,16344,484,484,0,e3b0c44298fc1c149afbf4c8996fb92427ae41e4649b934ca495991b7852b855,,,,,,False,,,,,,,,,,False,False
/poketool/pokegra/height.narc,/poketool/pokegra/height.narc!/member_00126,0,/poketool/pokegra/height.narc,331,126,,16344,16345,484,485,1,ca358758f6d27e6cf45272937977a748fd88391db679ceda7dc7bf1f005ee879,07,,,,,False,,,,,,,,,,False,False
/poketool/pokegra/height.narc,/poketool/pokegra/height.narc!/member_00127,0,/poketool/pokegra/height.narc,331,127,,16348,16348,488,488,0,e3b0c44298fc1c149afbf4c8996fb92427ae41e4649b934ca495991b7852b855,,,,,,False,,,,,,,,,,False,False
/poketool/pokegra/height.narc,/poketool/pokegra/height.narc!/member_00128,0,/poketool/pokegra/height.narc,331,128,,16348,16348,488,488,0,e3b0c44298fc1c149afbf4c8996fb92427ae41e4649b934ca495991b7852b855,,,,,,False,,,,,,,,,,False,False
/poketool/pokegra/height.narc,/poketool/pokegra/height.narc!/member_00129,0,/poketool/pokegra/height.narc,331,129,,16348,16349,488,489,1,e7cf46a078fed4fafd0b5e3aff144802b853f8ae459a4f0c14add3314b7cc3a6,0b,,,,,False,,,,,,,,,,False,False
/poketool/pokegra/height.narc,/poketool/pokegra/height.narc!/member_00130,0,/poketool/pokegra/height.narc,331,130,,16352,16352,492,492,0,e3b0c44298fc1c149afbf4c8996fb92427ae41e4649b934ca495991b7852b855,,,,,,False,,,,,,,,,,False,False
/poketool/pokegra/height.narc,/poketool/pokegra/height.narc!/member_00131,0,/poketool/pokegra/height.narc,331,131,,16352,16353,492,493,1,7cb7c4547cf2653590d7a9ace60cc623d25148adfbc88a89aeb0ef88da7839ba,16,,,,,False,,,,,,,,,,False,False
/poketool/pokegra/height.narc,/poketool/pokegra/height.narc!/member_00132,0,/poketool/pokegra/height.narc,331,132,,16356,16356,496,496,0,e3b0c44298fc1c149afbf4c8996fb92427ae41e4649b934ca495991b7852b855,,,,,,False,,,,,,,,,,False,False
/poketool/pokegra/height.narc,/poketool/pokegra/height.narc!/member_00133,0,/poketool/pokegra/height.narc,331,133,,16356,16357,496,497,1,01ba4719c80b6fe911b091a7c05124b64eeece964e09c058ef8f9805daca546b,0a,,,,,False,,,,,,,,,,False,False
/poketool/pokegra/height.narc,/poketool/pokegra/height.narc!/member_00134,0,/poketool/pokegra/height.narc,331,134,,16360,16360,500,500,0,e3b0c44298fc1c149afbf4c8996fb92427ae41e4649b934ca495991b7852b855,,,,,,False,,,,,,,,,,False,False
/poketool/pokegra/height.narc,/poketool/pokegra/height.narc!/member_00135,0,/poketool/pokegra/height.narc,331,135,,16360,16361,500,501,1,dc0e9c3658a1a3ed1ec94274d8b19925c93e1abb7ddba294923ad9bde30f8cb8,0f,,,,,False,,,,,,,,,,False,False
/poketool/pokegra/height.narc,/poketool/pokegra/height.narc!/member_00136,0,/poketool/pokegra/height.narc,331,136,,16364,16364,504,504,0,e3b0c44298fc1c149afbf4c8996fb92427ae41e4649b934ca495991b7852b855,,,,,,False,,,,,,,,,,False,False
/poketool/pokegra/height.narc,/poketool/pokegra/height.narc!/member_00137,0,/poketool/pokegra/height.narc,331,137,,16364,16365,504,505,1,dbc1b4c900ffe48d575b5da5c638040125f65db0fe3e24494b76ea986457d986,02,,,,,False,,,,,,,,,,False,False
/poketool/pokegra/height.narc,/poketool/pokegra/height.narc!/member_00138,0,/poketool/pokegra/height.narc,331,138,,16368,16368,508,508,0,e3b0c44298fc1c149afbf4c8996fb92427ae41e4649b934ca495991b7852b855,,,,,,False,,,,,,,,,,False,False
/poketool/pokegra/height.narc,/poketool/pokegra/height.narc!/member_00139,0,/poketool/pokegra/height.narc,331,139,,16368,16369,508,509,1,beead77994cf573341ec17b58bbf7eb34d2711c993c1d976b128b3188dc1829a,08,,,,,False,,,,,,,,,,False,False
/poketool/pokegra/height.narc,/poketool/pokegra/height.narc!/member_00140,0,/poketool/pokegra/height.narc,331,140,,16372,16373,512,513,1,4a64a107f0cb32536e5bce6c98c393db21cca7f4ea187ba8c4dca8b51d4ea80a,11,,Nintendo LZ11,Probable,,True,Nintendo LZ11,Probable,True,,,,,,,False,False
/poketool/pokegra/height.narc,/poketool/pokegra/height.narc!/member_00141,0,/poketool/pokegra/height.narc,331,141,,16376,16377,516,517,1,4a64a107f0cb32536e5bce6c98c393db21cca7f4ea187ba8c4dca8b51d4ea80a,11,,Nintendo LZ11,Probable,,True,Nintendo LZ11,Probable,True,,,,,,,False,False
/poketool/pokegra/height.narc,/poketool/pokegra/height.narc!/member_00142,0,/poketool/pokegra/height.narc,331,142,,16380,16381,520,521,1,7cb7c4547cf2653590d7a9ace60cc623d25148adfbc88a89aeb0ef88da7839ba,16,,,,,False,,,,,,,,,,False,False
/poketool/pokegra/height.narc,/poketool/pokegra/height.narc!/member_00143,0,/poketool/pokegra/height.narc,331,143,,16384,16385,524,525,1,7cb7c4547cf2653590d7a9ace60cc623d25148adfbc88a89aeb0ef88da7839ba,16,,,,,False,,,,,,,,,,False,False
/poketool/pokegra/height.narc,/poketool/pokegra/height.narc!/member_00144,0,/poketool/pokegra/height.narc,331,144,,16388,16389,528,529,1,ef6cbd2161eaea7943ce8693b9824d23d1793ffb1c0fca05b600d3899b44c977,0c,,,,,False,,,,,,,,,,False,False
/poketool/pokegra/height.narc,/poketool/pokegra/height.narc!/member_00145,0,/poketool/pokegra/height.narc,331,145,,16392,16393,532,533,1,ef6cbd2161eaea7943ce8693b9824d23d1793ffb1c0fca05b600d3899b44c977,0c,,,,,False,,,,,,,,,,False,False
/poketool/pokegra/height.narc,/poketool/pokegra/height.narc!/member_00146,0,/poketool/pokegra/height.narc,331,146,,16396,16397,536,537,1,dc0e9c3658a1a3ed1ec94274d8b19925c93e1abb7ddba294923ad9bde30f8cb8,0f,,,,,False,,,,,,,,,,False,False
/poketool/pokegra/height.narc,/poketool/pokegra/height.narc!/member_00147,0,/poketool/pokegra/height.narc,331,147,,16400,16401,540,541,1,dc0e9c3658a1a3ed1ec94274d8b19925c93e1abb7ddba294923ad9bde30f8cb8,0f,,,,,False,,,,,,,,,,False,False
/poketool/pokegra/height.narc,/poketool/pokegra/height.narc!/member_00148,0,/poketool/pokegra/height.narc,331,148,,16404,16405,544,545,1,e7cf46a078fed4fafd0b5e3aff144802b853f8ae459a4f0c14add3314b7cc3a6,0b,,,,,False,,,,,,,,,,False,False
/poketool/pokegra/height.narc,/poketool/pokegra/height.narc!/member_00149,0,/poketool/pokegra/height.narc,331,149,,16408,16409,548,549,1,e7cf46a078fed4fafd0b5e3aff144802b853f8ae459a4f0c14add3314b7cc3a6,0b,,,,,False,,,,,,,,,,False,False
/poketool/pokegra/height.narc,/poketool/pokegra/height.narc!/member_00150,0,/poketool/pokegra/height.narc,331,150,,16412,16413,552,553,1,c555eab45d08845ae9f10d452a99bfcb06f74a50b988fe7e48dd323789b88ee3,10,,Nintendo LZ10,Probable,,True,Nintendo LZ10,Probable,True,,,,,,,False,False
/poketool/pokegra/height.narc,/poketool/pokegra/height.narc!/member_00151,0,/poketool/pokegra/height.narc,331,151,,16416,16417,556,557,1,c555eab45d08845ae9f10d452a99bfcb06f74a50b988fe7e48dd323789b88ee3,10,,Nintendo LZ10,Probable,,True,Nintendo LZ10,Probable,True,,,,,,,False,False
/poketool/pokegra/height.narc,/poketool/pokegra/height.narc!/member_00152,0,/poketool/pokegra/height.narc,331,152,,16420,16421,560,561,1,beead77994cf573341ec17b58bbf7eb34d2711c993c1d976b128b3188dc1829a,08,,,,,False,,,,,,,,,,False,False
/poketool/pokegra/height.narc,/poketool/pokegra/height.narc!/member_00153,0,/poketool/pokegra/height.narc,331,153,,16424,16425,564,565,1,beead77994cf573341ec17b58bbf7eb34d2711c993c1d976b128b3188dc1829a,08,,,,,False,,,,,,,,,,False,False
/poketool/pokegra/height.narc,/poketool/pokegra/height.narc!/member_00154,0,/poketool/pokegra/height.narc,331,154,,16428,16429,568,569,1,2b4c342f5433ebe591a1da77e013d1b72475562d48578dca8b84bac6651c3cb9,09,,,,,False,,,,,,,,,,False,False
/poketool/pokegra/height.narc,/poketool/pokegra/height.narc!/member_00155,0,/poketool/pokegra/height.narc,331,155,,16432,16433,572,573,1,2b4c342f5433ebe591a1da77e013d1b72475562d48578dca8b84bac6651c3cb9,09,,,,,False,,,,,,,,,,False,False
/poketool/pokegra/height.narc,/poketool/pokegra/height.narc!/member_00156,0,/poketool/pokegra/height.narc,331,156,,16436,16437,576,577,1,4a64a107f0cb32536e5bce6c98c393db21cca7f4ea187ba8c4dca8b51d4ea80a,11,,Nintendo LZ11,Probable,,True,Nintendo LZ11,Probable,True,,,,,,,False,False
/poketool/pokegra/height.narc,/poketool/pokegra/height.narc!/member_00157,0,/poketool/pokegra/height.narc,331,157,,16440,16441,580,581,1,4a64a107f0cb32536e5bce6c98c393db21cca7f4ea187ba8c4dca8b51d4ea80a,11,,Nintendo LZ11,Probable,,True,Nintendo LZ11,Probable,True,,,,,,,False,False
/poketool/pokegra/height.narc,/poketool/pokegra/height.narc!/member_00158,0,/poketool/pokegra/height.narc,331,158,,16444,16445,584,585,1,8f11b05da785e43e713d03774c6bd3405d99cd3024af334ffd68db663aa37034,17,,,,,False,,,,,,,,,,False,False
/poketool/pokegra/height.narc,/poketool/pokegra/height.narc!/member_00159,0,/poketool/pokegra/height.narc,331,159,,16448,16449,588,589,1,8f11b05da785e43e713d03774c6bd3405d99cd3024af334ffd68db663aa37034,17,,,,,False,,,,,,,,,,False,False
/poketool/pokegra/height.narc,/poketool/pokegra/height.narc!/member_00160,0,/poketool/pokegra/height.narc,331,160,,16452,16453,592,593,1,ca358758f6d27e6cf45272937977a748fd88391db679ceda7dc7bf1f005ee879,07,,,,,False,,,,,,,,,,False,False
/poketool/pokegra/height.narc,/poketool/pokegra/height.narc!/member_00161,0,/poketool/pokegra/height.narc,331,161,,16456,16457,596,597,1,ca358758f6d27e6cf45272937977a748fd88391db679ceda7dc7bf1f005ee879,07,,,,,False,,,,,,,,,,False,False
/poketool/pokegra/height.narc,/poketool/pokegra/height.narc!/member_00162,0,/poketool/pokegra/height.narc,331,162,,16460,16461,600,601,1,ef6cbd2161eaea7943ce8693b9824d23d1793ffb1c0fca05b600d3899b44c977,0c,,,,,False,,,,,,,,,,False,False
/poketool/pokegra/height.narc,/poketool/pokegra/height.narc!/member_00163,0,/poketool/pokegra/height.narc,331,163,,16464,16465,604,605,1,ef6cbd2161eaea7943ce8693b9824d23d1793ffb1c0fca05b600d3899b44c977,0c,,,,,False,,,,,,,,,,False,False
/poketool/pokegra/height.narc,/poketool/pokegra/height.narc!/member_00164,0,/poketool/pokegra/height.narc,331,164,,16468,16469,608,609,1,2b4c342f5433ebe591a1da77e013d1b72475562d48578dca8b84bac6651c3cb9,09,,,,,False,,,,,,,,,,False,False
/poketool/pokegra/height.narc,/poketool/pokegra/height.narc!/member_00165,0,/poketool/pokegra/height.narc,331,165,,16472,16473,612,613,1,2b4c342f5433ebe591a1da77e013d1b72475562d48578dca8b84bac6651c3cb9,09,,,,,False,,,,,,,,,,False,False
/poketool/pokegra/height.narc,/poketool/pokegra/height.narc!/member_00166,0,/poketool/pokegra/height.narc,331,166,,16476,16477,616,617,1,f299791cddd3d6664f6670842812ef6053eb6501bd6282a476bbbf3ee91e750c,12,,,,,False,,,,,,,,,,False,False
/poketool/pokegra/height.narc,/poketool/pokegra/height.narc!/member_00167,0,/poketool/pokegra/height.narc,331,167,,16480,16481,620,621,1,f299791cddd3d6664f6670842812ef6053eb6501bd6282a476bbbf3ee91e750c,12,,,,,False,,,,,,,,,,False,False
/poketool/pokegra/height.narc,/poketool/pokegra/height.narc!/member_00168,0,/poketool/pokegra/height.narc,331,168,,16484,16485,624,625,1,c555eab45d08845ae9f10d452a99bfcb06f74a50b988fe7e48dd323789b88ee3,10,,Nintendo LZ10,Probable,,True,Nintendo LZ10,Probable,True,,,,,,,False,False
/poketool/pokegra/height.narc,/poketool/pokegra/height.narc!/member_00169,0,/poketool/pokegra/height.narc,331,169,,16488,16489,628,629,1,c555eab45d08845ae9f10d452a99bfcb06f74a50b988fe7e48dd323789b88ee3,10,,Nintendo LZ10,Probable,,True,Nintendo LZ10,Probable,True,,,,,,,False,False
/poketool/pokegra/height.narc,/poketool/pokegra/height.narc!/member_00170,0,/poketool/pokegra/height.narc,331,170,,16492,16493,632,633,1,e7cf46a078fed4fafd0b5e3aff144802b853f8ae459a4f0c14add3314b7cc3a6,0b,,,,,False,,,,,,,,,,False,False
/poketool/pokegra/height.narc,/poketool/pokegra/height.narc!/member_00171,0,/poketool/pokegra/height.narc,331,171,,16496,16497,636,637,1,e7cf46a078fed4fafd0b5e3aff144802b853f8ae459a4f0c14add3314b7cc3a6,0b,,,,,False,,,,,,,,,,False,False
/poketool/pokegra/height.narc,/poketool/pokegra/height.narc!/member_00172,0,/poketool/pokegra/height.narc,331,172,,16500,16501,640,641,1,e7cf46a078fed4fafd0b5e3aff144802b853f8ae459a4f0c14add3314b7cc3a6,0b,,,,,False,,,,,,,,,,False,False
/poketool/pokegra/height.narc,/poketool/pokegra/height.narc!/member_00173,0,/poketool/pokegra/height.narc,331,173,,16504,16505,644,645,1,e7cf46a078fed4fafd0b5e3aff144802b853f8ae459a4f0c14add3314b7cc3a6,0b,,,,,False,,,,,,,,,,False,False
/poketool/pokegra/height.narc,/poketool/pokegra/height.narc!/member_00174,0,/poketool/pokegra/height.narc,331,174,,16508,16509,648,649,1,2f0fd1e89b8de1d57292742ec380ea47066e307ad645f5bc3adad8a06ff58608,15,,,,,False,,,,,,,,,,False,False
/poketool/pokegra/height.narc,/poketool/pokegra/height.narc!/member_00175,0,/poketool/pokegra/height.narc,331,175,,16512,16513,652,653,1,2f0fd1e89b8de1d57292742ec380ea47066e307ad645f5bc3adad8a06ff58608,15,,,,,False,,,,,,,,,,False,False
/poketool/pokegra/height.narc,/poketool/pokegra/height.narc!/member_00176,0,/poketool/pokegra/height.narc,331,176,,16516,16517,656,657,1,4d7b3ef7300acf70c892d8327db8272f54434adbc61a4e130a563cb59a0d0f47,0e,,,,,False,,,,,,,,,,False,False
/poketool/pokegra/height.narc,/poketool/pokegra/height.narc!/member_00177,0,/poketool/pokegra/height.narc,331,177,,16520,16521,660,661,1,4d7b3ef7300acf70c892d8327db8272f54434adbc61a4e130a563cb59a0d0f47,0e,,,,,False,,,,,,,,,,False,False
/poketool/pokegra/height.narc,/poketool/pokegra/height.narc!/member_00178,0,/poketool/pokegra/height.narc,331,178,,16524,16525,664,665,1,4a64a107f0cb32536e5bce6c98c393db21cca7f4ea187ba8c4dca8b51d4ea80a,11,,Nintendo LZ11,Probable,,True,Nintendo LZ11,Probable,True,,,,,,,False,False
/poketool/pokegra/height.narc,/poketool/pokegra/height.narc!/member_00179,0,/poketool/pokegra/height.narc,331,179,,16528,16529,668,669,1,4a64a107f0cb32536e5bce6c98c393db21cca7f4ea187ba8c4dca8b51d4ea80a,11,,Nintendo LZ11,Probable,,True,Nintendo LZ11,Probable,True,,,,,,,False,False
/poketool/pokegra/height.narc,/poketool/pokegra/height.narc!/member_00180,0,/poketool/pokegra/height.narc,331,180,,16532,16533,672,673,1,ca358758f6d27e6cf45272937977a748fd88391db679ceda7dc7bf1f005ee879,07,,,,,False,,,,,,,,,,False,False
/poketool/pokegra/height.narc,/poketool/pokegra/height.narc!/member_00181,0,/poketool/pokegra/height.narc,331,181,,16536,16537,676,677,1,ca358758f6d27e6cf45272937977a748fd88391db679ceda7dc7bf1f005ee879,07,,,,,False,,,,,,,,,,False,False
/poketool/pokegra/height.narc,/poketool/pokegra/height.narc!/member_00182,0,/poketool/pokegra/height.narc,331,182,,16540,16541,680,681,1,4d7b3ef7300acf70c892d8327db8272f54434adbc61a4e130a563cb59a0d0f47,0e,,,,,False,,,,,,,,,,False,False
/poketool/pokegra/height.narc,/poketool/pokegra/height.narc!/member_00183,0,/poketool/pokegra/height.narc,331,183,,16544,16545,684,685,1,4d7b3ef7300acf70c892d8327db8272f54434adbc61a4e130a563cb59a0d0f47,0e,,,,,False,,,,,,,,,,False,False
/poketool/pokegra/height.narc,/poketool/pokegra/height.narc!/member_00184,0,/poketool/pokegra/height.narc,331,184,,16548,16549,688,689,1,8f11b05da785e43e713d03774c6bd3405d99cd3024af334ffd68db663aa37034,17,,,,,False,,,,,,,,,,False,False
/poketool/pokegra/height.narc,/poketool/pokegra/height.narc!/member_00185,0,/poketool/pokegra/height.narc,331,185,,16552,16553,692,693,1,8f11b05da785e43e713d03774c6bd3405d99cd3024af334ffd68db663aa37034,17,,,,,False,,,,,,,,,,False,False
/poketool/pokegra/height.narc,/poketool/pokegra/height.narc!/member_00186,0,/poketool/pokegra/height.narc,331,186,,16556,16557,696,697,1,ab897fbdedfa502b2d839b6a56100887dccdc507555c282e59589e06300a62e2,13,,,,,False,,,,,,,,,,False,False
/poketool/pokegra/height.narc,/poketool/pokegra/height.narc!/member_00187,0,/poketool/pokegra/height.narc,331,187,,16560,16561,700,701,1,ab897fbdedfa502b2d839b6a56100887dccdc507555c282e59589e06300a62e2,13,,,,,False,,,,,,,,,,False,False
/poketool/pokegra/height.narc,/poketool/pokegra/height.narc!/member_00188,0,/poketool/pokegra/height.narc,331,188,,16564,16565,704,705,1,c555eab45d08845ae9f10d452a99bfcb06f74a50b988fe7e48dd323789b88ee3,10,,Nintendo LZ10,Probable,,True,Nintendo LZ10,Probable,True,,,,,,,False,False
/poketool/pokegra/height.narc,/poketool/pokegra/height.narc!/member_00189,0,/poketool/pokegra/height.narc,331,189,,16568,16569,708,709,1,c555eab45d08845ae9f10d452a99bfcb06f74a50b988fe7e48dd323789b88ee3,10,,Nintendo LZ10,Probable,,True,Nintendo LZ10,Probable,True,,,,,,,False,False
/poketool/pokegra/height.narc,/poketool/pokegra/height.narc!/member_00190,0,/poketool/pokegra/height.narc,331,190,,16572,16573,712,713,1,e7cf46a078fed4fafd0b5e3aff144802b853f8ae459a4f0c14add3314b7cc3a6,0b,,,,,False,,,,,,,,,,False,False
/poketool/pokegra/height.narc,/poketool/pokegra/height.narc!/member_00191,0,/poketool/pokegra/height.narc,331,191,,16576,16577,716,717,1,e7cf46a078fed4fafd0b5e3aff144802b853f8ae459a4f0c14add3314b7cc3a6,0b,,,,,False,,,,,,,,,,False,False
/poketool/pokegra/height.narc,/poketool/pokegra/height.narc!/member_00192,0,/poketool/pokegra/height.narc,331,192,,16580,16581,720,721,1,67586e98fad27da0b9968bc039a1ef34c939b9b8e523a8bef89d478608c5ecf6,06,,,,,False,,,,,,,,,,False,False
/poketool/pokegra/height.narc,/poketool/pokegra/height.narc!/member_00193,0,/poketool/pokegra/height.narc,331,193,,16584,16585,724,725,1,67586e98fad27da0b9968bc039a1ef34c939b9b8e523a8bef89d478608c5ecf6,06,,,,,False,,,,,,,,,,False,False
/poketool/pokegra/height.narc,/poketool/pokegra/height.narc!/member_00194,0,/poketool/pokegra/height.narc,331,194,,16588,16589,728,729,1,ab897fbdedfa502b2d839b6a56100887dccdc507555c282e59589e06300a62e2,13,,,,,False,,,,,,,,,,False,False
/poketool/pokegra/height.narc,/poketool/pokegra/height.narc!/member_00195,0,/poketool/pokegra/height.narc,331,195,,16592,16593,732,733,1,ab897fbdedfa502b2d839b6a56100887dccdc507555c282e59589e06300a62e2,13,,,,,False,,,,,,,,,,False,False
/poketool/pokegra/height.narc,/poketool/pokegra/height.narc!/member_00196,0,/poketool/pokegra/height.narc,331,196,,16596,16597,736,737,1,e77b9a9ae9e30b0dbdb6f510a264ef9de781501d7b6b92ae89eb059c5ab743db,05,,,,,False,,,,,,,,,,False,False
/poketool/pokegra/height.narc,/poketool/pokegra/height.narc!/member_00197,0,/poketool/pokegra/height.narc,331,197,,16600,16601,740,741,1,e77b9a9ae9e30b0dbdb6f510a264ef9de781501d7b6b92ae89eb059c5ab743db,05,,,,,False,,,,,,,,,,False,False
/poketool/pokegra/height.narc,/poketool/pokegra/height.narc!/member_00198,0,/poketool/pokegra/height.narc,331,198,,16604,16605,744,745,1,beead77994cf573341ec17b58bbf7eb34d2711c993c1d976b128b3188dc1829a,08,,,,,False,,,,,,,,,,False,False
/poketool/pokegra/height.narc,/poketool/pokegra/height.narc!/member_00199,0,/poketool/pokegra/height.narc,331,199,,16608,16609,748,749,1,beead77994cf573341ec17b58bbf7eb34d2711c993c1d976b128b3188dc1829a,08,,,,,False,,,,,,,,,,False,False
/poketool/pokegra/height.narc,/poketool/pokegra/height.narc!/member_00200,0,/poketool/pokegra/height.narc,331,200,,16612,16613,752,753,1,452ba1ddef80246c48be7690193c76c1d61185906be9401014fe14f1be64b74f,18,,,,,False,,,,,,,,,,False,False
/poketool/pokegra/height.narc,/poketool/pokegra/height.narc!/member_00201,0,/poketool/pokegra/height.narc,331,201,,16616,16617,756,757,1,452ba1ddef80246c48be7690193c76c1d61185906be9401014fe14f1be64b74f,18,,,,,False,,,,,,,,,,False,False
/poketool/pokegra/height.narc,/poketool/pokegra/height.narc!/member_00202,0,/poketool/pokegra/height.narc,331,202,,16620,16621,760,761,1,452ba1ddef80246c48be7690193c76c1d61185906be9401014fe14f1be64b74f,18,,,,,False,,,,,,,,,,False,False
/poketool/pokegra/height.narc,/poketool/pokegra/height.narc!/member_00203,0,/poketool/pokegra/height.narc,331,203,,16624,16625,764,765,1,452ba1ddef80246c48be7690193c76c1d61185906be9401014fe14f1be64b74f,18,,,,,False,,,,,,,,,,False,False
/poketool/pokegra/height.narc,/poketool/pokegra/height.narc!/member_00204,0,/poketool/pokegra/height.narc,331,204,,16628,16629,768,769,1,2f0fd1e89b8de1d57292742ec380ea47066e307ad645f5bc3adad8a06ff58608,15,,,,,False,,,,,,,,,,False,False
/poketool/pokegra/height.narc,/poketool/pokegra/height.narc!/member_00205,0,/poketool/pokegra/height.narc,331,205,,16632,16633,772,773,1,2f0fd1e89b8de1d57292742ec380ea47066e307ad645f5bc3adad8a06ff58608,15,,,,,False,,,,,,,,,,False,False
/poketool/pokegra/height.narc,/poketool/pokegra/height.narc!/member_00206,0,/poketool/pokegra/height.narc,331,206,,16636,16637,776,777,1,ab897fbdedfa502b2d839b6a56100887dccdc507555c282e59589e06300a62e2,13,,,,,False,,,,,,,,,,False,False
/poketool/pokegra/height.narc,/poketool/pokegra/height.narc!/member_00207,0,/poketool/pokegra/height.narc,331,207,,16640,16641,780,781,1,ab897fbdedfa502b2d839b6a56100887dccdc507555c282e59589e06300a62e2,13,,,,,False,,,,,,,,,,False,False
/poketool/pokegra/height.narc,/poketool/pokegra/height.narc!/member_00208,0,/poketool/pokegra/height.narc,331,208,,16644,16645,784,785,1,ca358758f6d27e6cf45272937977a748fd88391db679ceda7dc7bf1f005ee879,07,,,,,False,,,,,,,,,,False,False
/poketool/pokegra/height.narc,/poketool/pokegra/height.narc!/member_00209,0,/poketool/pokegra/height.narc,331,209,,16648,16649,788,789,1,ca358758f6d27e6cf45272937977a748fd88391db679ceda7dc7bf1f005ee879,07,,,,,False,,,,,,,,,,False,False
/poketool/pokegra/height.narc,/poketool/pokegra/height.narc!/member_00210,0,/poketool/pokegra/height.narc,331,210,,16652,16653,792,793,1,4a64a107f0cb32536e5bce6c98c393db21cca7f4ea187ba8c4dca8b51d4ea80a,11,,Nintendo LZ11,Probable,,True,Nintendo LZ11,Probable,True,,,,,,,False,False
/poketool/pokegra/height.narc,/poketool/pokegra/height.narc!/member_00211,0,/poketool/pokegra/height.narc,331,211,,16656,16657,796,797,1,4a64a107f0cb32536e5bce6c98c393db21cca7f4ea187ba8c4dca8b51d4ea80a,11,,Nintendo LZ11,Probable,,True,Nintendo LZ11,Probable,True,,,,,,,False,False
/poketool/pokegra/height.narc,/poketool/pokegra/height.narc!/member_00212,0,/poketool/pokegra/height.narc,331,212,,16660,16661,800,801,1,2b4c342f5433ebe591a1da77e013d1b72475562d48578dca8b84bac6651c3cb9,09,,,,,False,,,,,,,,,,False,False
/poketool/pokegra/height.narc,/poketool/pokegra/height.narc!/member_00213,0,/poketool/pokegra/height.narc,331,213,,16664,16665,804,805,1,2b4c342f5433ebe591a1da77e013d1b72475562d48578dca8b84bac6651c3cb9,09,,,,,False,,,,,,,,,,False,False
/poketool/pokegra/height.narc,/poketool/pokegra/height.narc!/member_00214,0,/poketool/pokegra/height.narc,331,214,,16668,16669,808,809,1,9d1e0e2d9459d06523ad13e28a4093c2316baafe7aec5b25f30eba2e113599c4,0d,,,,,False,,,,,,,,,,False,False
/poketool/pokegra/height.narc,/poketool/pokegra/height.narc!/member_00215,0,/poketool/pokegra/height.narc,331,215,,16672,16673,812,813,1,9d1e0e2d9459d06523ad13e28a4093c2316baafe7aec5b25f30eba2e113599c4,0d,,,,,False,,,,,,,,,,False,False
/poketool/pokegra/height.narc,/poketool/pokegra/height.narc!/member_00216,0,/poketool/pokegra/height.narc,331,216,,16676,16677,816,817,1,e7cf46a078fed4fafd0b5e3aff144802b853f8ae459a4f0c14add3314b7cc3a6,0b,,,,,False,,,,,,,,,,False,False
/poketool/pokegra/height.narc,/poketool/pokegra/height.narc!/member_00217,0,/poketool/pokegra/height.narc,331,217,,16680,16681,820,821,1,e7cf46a078fed4fafd0b5e3aff144802b853f8ae459a4f0c14add3314b7cc3a6,0b,,,,,False,,,,,,,,,,False,False
/poketool/pokegra/height.narc,/poketool/pokegra/height.narc!/member_00218,0,/poketool/pokegra/height.narc,331,218,,16684,16685,824,825,1,4a64a107f0cb32536e5bce6c98c393db21cca7f4ea187ba8c4dca8b51d4ea80a,11,,Nintendo LZ11,Probable,,True,Nintendo LZ11,Probable,True,,,,,,,False,False
/poketool/pokegra/height.narc,/poketool/pokegra/height.narc!/member_00219,0,/poketool/pokegra/height.narc,331,219,,16688,16689,828,829,1,4a64a107f0cb32536e5bce6c98c393db21cca7f4ea187ba8c4dca8b51d4ea80a,11,,Nintendo LZ11,Probable,,True,Nintendo LZ11,Probable,True,,,,,,,False,False
/poketool/pokegra/height.narc,/poketool/pokegra/height.narc!/member_00220,0,/poketool/pokegra/height.narc,331,220,,16692,16693,832,833,1,e52d9c508c502347344d8c07ad91cbd6068afc75ff6292f062a09ca381c89e71,04,,,,,False,,,,,,,,,,False,False
/poketool/pokegra/height.narc,/poketool/pokegra/height.narc!/member_00221,0,/poketool/pokegra/height.narc,331,221,,16696,16697,836,837,1,e52d9c508c502347344d8c07ad91cbd6068afc75ff6292f062a09ca381c89e71,04,,,,,False,,,,,,,,,,False,False
/poketool/pokegra/height.narc,/poketool/pokegra/height.narc!/member_00222,0,/poketool/pokegra/height.narc,331,222,,16700,16701,840,841,1,ca358758f6d27e6cf45272937977a748fd88391db679ceda7dc7bf1f005ee879,07,,,,,False,,,,,,,,,,False,False
/poketool/pokegra/height.narc,/poketool/pokegra/height.narc!/member_00223,0,/poketool/pokegra/height.narc,331,223,,16704,16705,844,845,1,ca358758f6d27e6cf45272937977a748fd88391db679ceda7dc7bf1f005ee879,07,,,,,False,,,,,,,,,,False,False
/poketool/pokegra/height.narc,/poketool/pokegra/height.narc!/member_00224,0,/poketool/pokegra/height.narc,331,224,,16708,16709,848,849,1,01ba4719c80b6fe911b091a7c05124b64eeece964e09c058ef8f9805daca546b,0a,,,,,False,,,,,,,,,,False,False
/poketool/pokegra/height.narc,/poketool/pokegra/height.narc!/member_00225,0,/poketool/pokegra/height.narc,331,225,,16712,16713,852,853,1,01ba4719c80b6fe911b091a7c05124b64eeece964e09c058ef8f9805daca546b,0a,,,,,False,,,,,,,,,,False,False
/poketool/pokegra/height.narc,/poketool/pokegra/height.narc!/member_00226,0,/poketool/pokegra/height.narc,331,226,,16716,16717,856,857,1,f299791cddd3d6664f6670842812ef6053eb6501bd6282a476bbbf3ee91e750c,12,,,,,False,,,,,,,,,,False,False
/poketool/pokegra/height.narc,/poketool/pokegra/height.narc!/member_00227,0,/poketool/pokegra/height.narc,331,227,,16720,16721,860,861,1,f299791cddd3d6664f6670842812ef6053eb6501bd6282a476bbbf3ee91e750c,12,,,,,False,,,,,,,,,,False,False
/poketool/pokegra/height.narc,/poketool/pokegra/height.narc!/member_00228,0,/poketool/pokegra/height.narc,331,228,,16724,16725,864,865,1,9d1e0e2d9459d06523ad13e28a4093c2316baafe7aec5b25f30eba2e113599c4,0d,,,,,False,,,,,,,,,,False,False
/poketool/pokegra/height.narc,/poketool/pokegra/height.narc!/member_00229,0,/poketool/pokegra/height.narc,331,229,,16728,16729,868,869,1,9d1e0e2d9459d06523ad13e28a4093c2316baafe7aec5b25f30eba2e113599c4,0d,,,,,False,,,,,,,,,,False,False
/poketool/pokegra/height.narc,/poketool/pokegra/height.narc!/member_00230,0,/poketool/pokegra/height.narc,331,230,,16732,16733,872,873,1,4d7b3ef7300acf70c892d8327db8272f54434adbc61a4e130a563cb59a0d0f47,0e,,,,,False,,,,,,,,,,False,False
/poketool/pokegra/height.narc,/poketool/pokegra/height.narc!/member_00231,0,/poketool/pokegra/height.narc,331,231,,16736,16737,876,877,1,4d7b3ef7300acf70c892d8327db8272f54434adbc61a4e130a563cb59a0d0f47,0e,,,,,False,,,,,,,,,,False,False
/poketool/pokegra/height.narc,/poketool/pokegra/height.narc!/member_00232,0,/poketool/pokegra/height.narc,331,232,,16740,16741,880,881,1,01ba4719c80b6fe911b091a7c05124b64eeece964e09c058ef8f9805daca546b,0a,,,,,False,,,,,,,,,,False,False
/poketool/pokegra/height.narc,/poketool/pokegra/height.narc!/member_00233,0,/poketool/pokegra/height.narc,331,233,,16744,16745,884,885,1,01ba4719c80b6fe911b091a7c05124b64eeece964e09c058ef8f9805daca546b,0a,,,,,False,,,,,,,,,,False,False
/poketool/pokegra/height.narc,/poketool/pokegra/height.narc!/member_00234,0,/poketool/pokegra/height.narc,331,234,,16748,16749,888,889,1,4a64a107f0cb32536e5bce6c98c393db21cca7f4ea187ba8c4dca8b51d4ea80a,11,,Nintendo LZ11,Probable,,True,Nintendo LZ11,Probable,True,,,,,,,False,False
/poketool/pokegra/height.narc,/poketool/pokegra/height.narc!/member_00235,0,/poketool/pokegra/height.narc,331,235,,16752,16753,892,893,1,4a64a107f0cb32536e5bce6c98c393db21cca7f4ea187ba8c4dca8b51d4ea80a,11,,Nintendo LZ11,Probable,,True,Nintendo LZ11,Probable,True,,,,,,,False,False
/poketool/pokegra/height.narc,/poketool/pokegra/height.narc!/member_00236,0,/poketool/pokegra/height.narc,331,236,,16756,16757,896,897,1,e77b9a9ae9e30b0dbdb6f510a264ef9de781501d7b6b92ae89eb059c5ab743db,05,,,,,False,,,,,,,,,,False,False
/poketool/pokegra/height.narc,/poketool/pokegra/height.narc!/member_00237,0,/poketool/pokegra/height.narc,331,237,,16760,16761,900,901,1,e77b9a9ae9e30b0dbdb6f510a264ef9de781501d7b6b92ae89eb059c5ab743db,05,,,,,False,,,,,,,,,,False,False
/poketool/pokegra/height.narc,/poketool/pokegra/height.narc!/member_00238,0,/poketool/pokegra/height.narc,331,238,,16764,16765,904,905,1,e77b9a9ae9e30b0dbdb6f510a264ef9de781501d7b6b92ae89eb059c5ab743db,05,,,,,False,,,,,,,,,,False,False
/poketool/pokegra/height.narc,/poketool/pokegra/height.narc!/member_00239,0,/poketool/pokegra/height.narc,331,239,,16768,16769,908,909,1,e77b9a9ae9e30b0dbdb6f510a264ef9de781501d7b6b92ae89eb059c5ab743db,05,,,,,False,,,,,,,,,,False,False
/poketool/pokegra/height.narc,/poketool/pokegra/height.narc!/member_00240,0,/poketool/pokegra/height.narc,331,240,,16772,16773,912,913,1,452ba1ddef80246c48be7690193c76c1d61185906be9401014fe14f1be64b74f,18,,,,,False,,,,,,,,,,False,False
/poketool/pokegra/height.narc,/poketool/pokegra/height.narc!/member_00241,0,/poketool/pokegra/height.narc,331,241,,16776,16777,916,917,1,452ba1ddef80246c48be7690193c76c1d61185906be9401014fe14f1be64b74f,18,,,,,False,,,,,,,,,,False,False
/poketool/pokegra/height.narc,/poketool/pokegra/height.narc!/member_00242,0,/poketool/pokegra/height.narc,331,242,,16780,16781,920,921,1,83891d7fe85c33e52c8b4e5814c92fb6a3b9467299200538a6babaa8b452d879,14,,,,,False,,,,,,,,,,False,False
/poketool/pokegra/height.narc,/poketool/pokegra/height.narc!/member_00243,0,/poketool/pokegra/height.narc,331,243,,16784,16785,924,925,1,83891d7fe85c33e52c8b4e5814c92fb6a3b9467299200538a6babaa8b452d879,14,,,,,False,,,,,,,,,,False,False
/poketool/pokegra/height.narc,/poketool/pokegra/height.narc!/member_00244,0,/poketool/pokegra/height.narc,331,244,,16788,16789,928,929,1,c555eab45d08845ae9f10d452a99bfcb06f74a50b988fe7e48dd323789b88ee3,10,,Nintendo LZ10,Probable,,True,Nintendo LZ10,Probable,True,,,,,,,False,False
/poketool/pokegra/height.narc,/poketool/pokegra/height.narc!/member_00245,0,/poketool/pokegra/height.narc,331,245,,16792,16793,932,933,1,c555eab45d08845ae9f10d452a99bfcb06f74a50b988fe7e48dd323789b88ee3,10,,Nintendo LZ10,Probable,,True,Nintendo LZ10,Probable,True,,,,,,,False,False
/poketool/pokegra/height.narc,/poketool/pokegra/height.narc!/member_00246,0,/poketool/pokegra/height.narc,331,246,,16796,16797,936,937,1,f299791cddd3d6664f6670842812ef6053eb6501bd6282a476bbbf3ee91e750c,12,,,,,False,,,,,,,,,,False,False
/poketool/pokegra/height.narc,/poketool/pokegra/height.narc!/member_00247,0,/poketool/pokegra/height.narc,331,247,,16800,16801,940,941,1,f299791cddd3d6664f6670842812ef6053eb6501bd6282a476bbbf3ee91e750c,12,,,,,False,,,,,,,,,,False,False
/poketool/pokegra/height.narc,/poketool/pokegra/height.narc!/member_00248,0,/poketool/pokegra/height.narc,331,248,,16804,16805,944,945,1,2b4c342f5433ebe591a1da77e013d1b72475562d48578dca8b84bac6651c3cb9,09,,,,,False,,,,,,,,,,False,False
/poketool/pokegra/height.narc,/poketool/pokegra/height.narc!/member_00249,0,/poketool/pokegra/height.narc,331,249,,16808,16809,948,949,1,2b4c342f5433ebe591a1da77e013d1b72475562d48578dca8b84bac6651c3cb9,09,,,,,False,,,,,,,,,,False,False
/poketool/pokegra/height.narc,/poketool/pokegra/height.narc!/member_00250,0,/poketool/pokegra/height.narc,331,250,,16812,16813,952,953,1,beead77994cf573341ec17b58bbf7eb34d2711c993c1d976b128b3188dc1829a,08,,,,,False,,,,,,,,,,False,False
/poketool/pokegra/height.narc,/poketool/pokegra/height.narc!/member_00251,0,/poketool/pokegra/height.narc,331,251,,16816,16817,956,957,1,beead77994cf573341ec17b58bbf7eb34d2711c993c1d976b128b3188dc1829a,08,,,,,False,,,,,,,,,,False,False
/poketool/pokegra/height.narc,/poketool/pokegra/height.narc!/member_00252,0,/poketool/pokegra/height.narc,331,252,,16820,16821,960,961,1,dc0e9c3658a1a3ed1ec94274d8b19925c93e1abb7ddba294923ad9bde30f8cb8,0f,,,,,False,,,,,,,,,,False,False
/poketool/pokegra/height.narc,/poketool/pokegra/height.narc!/member_00253,0,/poketool/pokegra/height.narc,331,253,,16824,16825,964,965,1,dc0e9c3658a1a3ed1ec94274d8b19925c93e1abb7ddba294923ad9bde30f8cb8,0f,,,,,False,,,,,,,,,,False,False
/poketool/pokegra/height.narc,/poketool/pokegra/height.narc!/member_00254,0,/poketool/pokegra/height.narc,331,254,,16828,16829,968,969,1,f299791cddd3d6664f6670842812ef6053eb6501bd6282a476bbbf3ee91e750c,12,,,,,False,,,,,,,,,,False,False
/poketool/pokegra/height.narc,/poketool/pokegra/height.narc!/member_00255,0,/poketool/pokegra/height.narc,331,255,,16832,16833,972,973,1,f299791cddd3d6664f6670842812ef6053eb6501bd6282a476bbbf3ee91e750c,12,,,,,False,,,,,,,,,,False,False
/poketool/pokegra/height.narc,/poketool/pokegra/height.narc!/member_00256,0,/poketool/pokegra/height.narc,331,256,,16836,16837,976,977,1,01ba4719c80b6fe911b091a7c05124b64eeece964e09c058ef8f9805daca546b,0a,,,,,False,,,,,,,,,,False,False
/poketool/pokegra/height.narc,/poketool/pokegra/height.narc!/member_00257,0,/poketool/pokegra/height.narc,331,257,,16840,16841,980,981,1,01ba4719c80b6fe911b091a7c05124b64eeece964e09c058ef8f9805daca546b,0a,,,,,False,,,,,,,,,,False,False
/poketool/pokegra/height.narc,/poketool/pokegra/height.narc!/member_00258,0,/poketool/pokegra/height.narc,331,258,,16844,16845,984,985,1,01ba4719c80b6fe911b091a7c05124b64eeece964e09c058ef8f9805daca546b,0a,,,,,False,,,,,,,,,,False,False
/poketool/pokegra/height.narc,/poketool/pokegra/height.narc!/member_00259,0,/poketool/pokegra/height.narc,331,259,,16848,16849,988,989,1,01ba4719c80b6fe911b091a7c05124b64eeece964e09c058ef8f9805daca546b,0a,,,,,False,,,,,,,,,,False,False
/poketool/pokegra/height.narc,/poketool/pokegra/height.narc!/member_00260,0,/poketool/pokegra/height.narc,331,260,,16852,16853,992,993,1,ca358758f6d27e6cf45272937977a748fd88391db679ceda7dc7bf1f005ee879,07,,,,,False,,,,,,,,,,False,False
/poketool/pokegra/height.narc,/poketool/pokegra/height.narc!/member_00261,0,/poketool/pokegra/height.narc,331,261,,16856,16857,996,997,1,ca358758f6d27e6cf45272937977a748fd88391db679ceda7dc7bf1f005ee879,07,,,,,False,,,,,,,,,,False,False
/poketool/pokegra/height.narc,/poketool/pokegra/height.narc!/member_00262,0,/poketool/pokegra/height.narc,331,262,,16860,16861,1000,1001,1,beead77994cf573341ec17b58bbf7eb34d2711c993c1d976b128b3188dc1829a,08,,,,,False,,,,,,,,,,False,False
/poketool/pokegra/height.narc,/poketool/pokegra/height.narc!/member_00263,0,/poketool/pokegra/height.narc,331,263,,16864,16865,1004,1005,1,beead77994cf573341ec17b58bbf7eb34d2711c993c1d976b128b3188dc1829a,08,,,,,False,,,,,,,,,,False,False
/poketool/pokegra/height.narc,/poketool/pokegra/height.narc!/member_00264,0,/poketool/pokegra/height.narc,331,264,,16868,16869,1008,1009,1,beead77994cf573341ec17b58bbf7eb34d2711c993c1d976b128b3188dc1829a,08,,,,,False,,,,,,,,,,False,False
/poketool/pokegra/height.narc,/poketool/pokegra/height.narc!/member_00265,0,/poketool/pokegra/height.narc,331,265,,16872,16873,1012,1013,1,beead77994cf573341ec17b58bbf7eb34d2711c993c1d976b128b3188dc1829a,08,,,,,False,,,,,,,,,,False,False
/poketool/pokegra/height.narc,/poketool/pokegra/height.narc!/member_00266,0,/poketool/pokegra/height.narc,331,266,,16876,16877,1016,1017,1,dc0e9c3658a1a3ed1ec94274d8b19925c93e1abb7ddba294923ad9bde30f8cb8,0f,,,,,False,,,,,,,,,,False,False
/poketool/pokegra/height.narc,/poketool/pokegra/height.narc!/member_00267,0,/poketool/pokegra/height.narc,331,267,,16880,16881,1020,1021,1,dc0e9c3658a1a3ed1ec94274d8b19925c93e1abb7ddba294923ad9bde30f8cb8,0f,,,,,False,,,,,,,,,,False,False
/poketool/pokegra/height.narc,/poketool/pokegra/height.narc!/member_00268,0,/poketool/pokegra/height.narc,331,268,,16884,16885,1024,1025,1,01ba4719c80b6fe911b091a7c05124b64eeece964e09c058ef8f9805daca546b,0a,,,,,False,,,,,,,,,,False,False
/poketool/pokegra/height.narc,/poketool/pokegra/height.narc!/member_00269,0,/poketool/pokegra/height.narc,331,269,,16888,16889,1028,1029,1,01ba4719c80b6fe911b091a7c05124b64eeece964e09c058ef8f9805daca546b,0a,,,,,False,,,,,,,,,,False,False
/poketool/pokegra/height.narc,/poketool/pokegra/height.narc!/member_00270,0,/poketool/pokegra/height.narc,331,270,,16892,16893,1032,1033,1,2b4c342f5433ebe591a1da77e013d1b72475562d48578dca8b84bac6651c3cb9,09,,,,,False,,,,,,,,,,False,False
/poketool/pokegra/height.narc,/poketool/pokegra/height.narc!/member_00271,0,/poketool/pokegra/height.narc,331,271,,16896,16897,1036,1037,1,2b4c342f5433ebe591a1da77e013d1b72475562d48578dca8b84bac6651c3cb9,09,,,,,False,,,,,,,,,,False,False
/poketool/pokegra/height.narc,/poketool/pokegra/height.narc!/member_00272,0,/poketool/pokegra/height.narc,331,272,,16900,16901,1040,1041,1,2b4c342f5433ebe591a1da77e013d1b72475562d48578dca8b84bac6651c3cb9,09,,,,,False,,,,,,,,,,False,False
/poketool/pokegra/height.narc,/poketool/pokegra/height.narc!/member_00273,0,/poketool/pokegra/height.narc,331,273,,16904,16905,1044,1045,1,2b4c342f5433ebe591a1da77e013d1b72475562d48578dca8b84bac6651c3cb9,09,,,,,False,,,,,,,,,,False,False
/poketool/pokegra/height.narc,/poketool/pokegra/height.narc!/member_00274,0,/poketool/pokegra/height.narc,331,274,,16908,16909,1048,1049,1,67586e98fad27da0b9968bc039a1ef34c939b9b8e523a8bef89d478608c5ecf6,06,,,,,False,,,,,,,,,,False,False
/poketool/pokegra/height.narc,/poketool/pokegra/height.narc!/member_00275,0,/poketool/pokegra/height.narc,331,275,,16912,16913,1052,1053,1,67586e98fad27da0b9968bc039a1ef34c939b9b8e523a8bef89d478608c5ecf6,06,,,,,False,,,,,,,,,,False,False
/poketool/pokegra/height.narc,/poketool/pokegra/height.narc!/member_00276,0,/poketool/pokegra/height.narc,331,276,,16916,16917,1056,1057,1,4d7b3ef7300acf70c892d8327db8272f54434adbc61a4e130a563cb59a0d0f47,0e,,,,,False,,,,,,,,,,False,False
/poketool/pokegra/height.narc,/poketool/pokegra/height.narc!/member_00277,0,/poketool/pokegra/height.narc,331,277,,16920,16921,1060,1061,1,4d7b3ef7300acf70c892d8327db8272f54434adbc61a4e130a563cb59a0d0f47,0e,,,,,False,,,,,,,,,,False,False
/poketool/pokegra/height.narc,/poketool/pokegra/height.narc!/member_00278,0,/poketool/pokegra/height.narc,331,278,,16924,16925,1064,1065,1,f299791cddd3d6664f6670842812ef6053eb6501bd6282a476bbbf3ee91e750c,12,,,,,False,,,,,,,,,,False,False
/poketool/pokegra/height.narc,/poketool/pokegra/height.narc!/member_00279,0,/poketool/pokegra/height.narc,331,279,,16928,16929,1068,1069,1,f299791cddd3d6664f6670842812ef6053eb6501bd6282a476bbbf3ee91e750c,12,,,,,False,,,,,,,,,,False,False
/poketool/pokegra/height.narc,/poketool/pokegra/height.narc!/member_00280,0,/poketool/pokegra/height.narc,331,280,,16932,16933,1072,1073,1,4d7b3ef7300acf70c892d8327db8272f54434adbc61a4e130a563cb59a0d0f47,0e,,,,,False,,,,,,,,,,False,False
/poketool/pokegra/height.narc,/poketool/pokegra/height.narc!/member_00281,0,/poketool/pokegra/height.narc,331,281,,16936,16937,1076,1077,1,4d7b3ef7300acf70c892d8327db8272f54434adbc61a4e130a563cb59a0d0f47,0e,,,,,False,,,,,,,,,,False,False
/poketool/pokegra/height.narc,/poketool/pokegra/height.narc!/member_00282,0,/poketool/pokegra/height.narc,331,282,,16940,16941,1080,1081,1,c555eab45d08845ae9f10d452a99bfcb06f74a50b988fe7e48dd323789b88ee3,10,,Nintendo LZ10,Probable,,True,Nintendo LZ10,Probable,True,,,,,,,False,False
/poketool/pokegra/height.narc,/poketool/pokegra/height.narc!/member_00283,0,/poketool/pokegra/height.narc,331,283,,16944,16945,1084,1085,1,c555eab45d08845ae9f10d452a99bfcb06f74a50b988fe7e48dd323789b88ee3,10,,Nintendo LZ10,Probable,,True,Nintendo LZ10,Probable,True,,,,,,,False,False
/poketool/pokegra/height.narc,/poketool/pokegra/height.narc!/member_00284,0,/poketool/pokegra/height.narc,331,284,,16948,16949,1088,1089,1,beead77994cf573341ec17b58bbf7eb34d2711c993c1d976b128b3188dc1829a,08,,,,,False,,,,,,,,,,False,False
/poketool/pokegra/height.narc,/poketool/pokegra/height.narc!/member_00285,0,/poketool/pokegra/height.narc,331,285,,16952,16953,1092,1093,1,beead77994cf573341ec17b58bbf7eb34d2711c993c1d976b128b3188dc1829a,08,,,,,False,,,,,,,,,,False,False
/poketool/pokegra/height.narc,/poketool/pokegra/height.narc!/member_00286,0,/poketool/pokegra/height.narc,331,286,,16956,16957,1096,1097,1,084fed08b978af4d7d196a7446a86b58009e636b611db16211b65a9aadff29c5,03,,,,,False,,,,,,,,,,False,False
/poketool/pokegra/height.narc,/poketool/pokegra/height.narc!/member_00287,0,/poketool/pokegra/height.narc,331,287,,16960,16961,1100,1101,1,084fed08b978af4d7d196a7446a86b58009e636b611db16211b65a9aadff29c5,03,,,,,False,,,,,,,,,,False,False
/poketool/pokegra/height.narc,/poketool/pokegra/height.narc!/member_00288,0,/poketool/pokegra/height.narc,331,288,,16964,16965,1104,1105,1,e7cf46a078fed4fafd0b5e3aff144802b853f8ae459a4f0c14add3314b7cc3a6,0b,,,,,False,,,,,,,,,,False,False
/poketool/pokegra/height.narc,/poketool/pokegra/height.narc!/member_00289,0,/poketool/pokegra/height.narc,331,289,,16968,16969,1108,1109,1,e7cf46a078fed4fafd0b5e3aff144802b853f8ae459a4f0c14add3314b7cc3a6,0b,,,,,False,,,,,,,,,,False,False
/poketool/pokegra/height.narc,/poketool/pokegra/height.narc!/member_00290,0,/poketool/pokegra/height.narc,331,290,,16972,16973,1112,1113,1,9d1e0e2d9459d06523ad13e28a4093c2316baafe7aec5b25f30eba2e113599c4,0d,,,,,False,,,,,,,,,,False,False
/poketool/pokegra/height.narc,/poketool/pokegra/height.narc!/member_00291,0,/poketool/pokegra/height.narc,331,291,,16976,16977,1116,1117,1,9d1e0e2d9459d06523ad13e28a4093c2316baafe7aec5b25f30eba2e113599c4,0d,,,,,False,,,,,,,,,,False,False
/poketool/pokegra/height.narc,/poketool/pokegra/height.narc!/member_00292,0,/poketool/pokegra/height.narc,331,292,,16980,16981,1120,1121,1,4d7b3ef7300acf70c892d8327db8272f54434adbc61a4e130a563cb59a0d0f47,0e,,,,,False,,,,,,,,,,False,False
/poketool/pokegra/height.narc,/poketool/pokegra/height.narc!/member_00293,0,/poketool/pokegra/height.narc,331,293,,16984,16985,1124,1125,1,4d7b3ef7300acf70c892d8327db8272f54434adbc61a4e130a563cb59a0d0f47,0e,,,,,False,,,,,,,,,,False,False
/poketool/pokegra/height.narc,/poketool/pokegra/height.narc!/member_00294,0,/poketool/pokegra/height.narc,331,294,,16988,16989,1128,1129,1,ca358758f6d27e6cf45272937977a748fd88391db679ceda7dc7bf1f005ee879,07,,,,,False,,,,,,,,,,False,False
/poketool/pokegra/height.narc,/poketool/pokegra/height.narc!/member_00295,0,/poketool/pokegra/height.narc,331,295,,16992,16993,1132,1133,1,ca358758f6d27e6cf45272937977a748fd88391db679ceda7dc7bf1f005ee879,07,,,,,False,,,,,,,,,,False,False
/poketool/pokegra/height.narc,/poketool/pokegra/height.narc!/member_00296,0,/poketool/pokegra/height.narc,331,296,,16996,16997,1136,1137,1,4d7b3ef7300acf70c892d8327db8272f54434adbc61a4e130a563cb59a0d0f47,0e,,,,,False,,,,,,,,,,False,False
/poketool/pokegra/height.narc,/poketool/pokegra/height.narc!/member_00297,0,/poketool/pokegra/height.narc,331,297,,17000,17001,1140,1141,1,4d7b3ef7300acf70c892d8327db8272f54434adbc61a4e130a563cb59a0d0f47,0e,,,,,False,,,,,,,,,,False,False
/poketool/pokegra/height.narc,/poketool/pokegra/height.narc!/member_00298,0,/poketool/pokegra/height.narc,331,298,,17004,17005,1144,1145,1,58f7b0780592032e4d8602a3e8690fb2c701b2e1dd546e703445aabd6469734d,1a,,,,,False,,,,,,,,,,False,False
/poketool/pokegra/height.narc,/poketool/pokegra/height.narc!/member_00299,0,/poketool/pokegra/height.narc,331,299,,17008,17009,1148,1149,1,58f7b0780592032e4d8602a3e8690fb2c701b2e1dd546e703445aabd6469734d,1a,,,,,False,,,,,,,,,,False,False
/poketool/pokegra/height.narc,/poketool/pokegra/height.narc!/member_00300,0,/poketool/pokegra/height.narc,331,300,,17012,17013,1152,1153,1,9d1e0e2d9459d06523ad13e28a4093c2316baafe7aec5b25f30eba2e113599c4,0d,,,,,False,,,,,,,,,,False,False
/poketool/pokegra/height.narc,/poketool/pokegra/height.narc!/member_00301,0,/poketool/pokegra/height.narc,331,301,,17016,17017,1156,1157,1,9d1e0e2d9459d06523ad13e28a4093c2316baafe7aec5b25f30eba2e113599c4,0d,,,,,False,,,,,,,,,,False,False
/poketool/pokegra/height.narc,/poketool/pokegra/height.narc!/member_00302,0,/poketool/pokegra/height.narc,331,302,,17020,17021,1160,1161,1,ef6cbd2161eaea7943ce8693b9824d23d1793ffb1c0fca05b600d3899b44c977,0c,,,,,False,,,,,,,,,,False,False
/poketool/pokegra/height.narc,/poketool/pokegra/height.narc!/member_00303,0,/poketool/pokegra/height.narc,331,303,,17024,17025,1164,1165,1,ef6cbd2161eaea7943ce8693b9824d23d1793ffb1c0fca05b600d3899b44c977,0c,,,,,False,,,,,,,,,,False,False
/poketool/pokegra/height.narc,/poketool/pokegra/height.narc!/member_00304,0,/poketool/pokegra/height.narc,331,304,,17028,17029,1168,1169,1,4d7b3ef7300acf70c892d8327db8272f54434adbc61a4e130a563cb59a0d0f47,0e,,,,,False,,,,,,,,,,False,False
/poketool/pokegra/height.narc,/poketool/pokegra/height.narc!/member_00305,0,/poketool/pokegra/height.narc,331,305,,17032,17033,1172,1173,1,4d7b3ef7300acf70c892d8327db8272f54434adbc61a4e130a563cb59a0d0f47,0e,,,,,False,,,,,,,,,,False,False
/poketool/pokegra/height.narc,/poketool/pokegra/height.narc!/member_00306,0,/poketool/pokegra/height.narc,331,306,,17036,17037,1176,1177,1,01ba4719c80b6fe911b091a7c05124b64eeece964e09c058ef8f9805daca546b,0a,,,,,False,,,,,,,,,,False,False
/poketool/pokegra/height.narc,/poketool/pokegra/height.narc!/member_00307,0,/poketool/pokegra/height.narc,331,307,,17040,17041,1180,1181,1,01ba4719c80b6fe911b091a7c05124b64eeece964e09c058ef8f9805daca546b,0a,,,,,False,,,,,,,,,,False,False
/poketool/pokegra/height.narc,/poketool/pokegra/height.narc!/member_00308,0,/poketool/pokegra/height.narc,331,308,,17044,17045,1184,1185,1,e77b9a9ae9e30b0dbdb6f510a264ef9de781501d7b6b92ae89eb059c5ab743db,05,,,,,False,,,,,,,,,,False,False
/poketool/pokegra/height.narc,/poketool/pokegra/height.narc!/member_00309,0,/poketool/pokegra/height.narc,331,309,,17048,17049,1188,1189,1,e77b9a9ae9e30b0dbdb6f510a264ef9de781501d7b6b92ae89eb059c5ab743db,05,,,,,False,,,,,,,,,,False,False
/poketool/pokegra/height.narc,/poketool/pokegra/height.narc!/member_00310,0,/poketool/pokegra/height.narc,331,310,,17052,17053,1192,1193,1,4d7b3ef7300acf70c892d8327db8272f54434adbc61a4e130a563cb59a0d0f47,0e,,,,,False,,,,,,,,,,False,False
/poketool/pokegra/height.narc,/poketool/pokegra/height.narc!/member_00311,0,/poketool/pokegra/height.narc,331,311,,17056,17057,1196,1197,1,4d7b3ef7300acf70c892d8327db8272f54434adbc61a4e130a563cb59a0d0f47,0e,,,,,False,,,,,,,,,,False,False
/poketool/pokegra/height.narc,/poketool/pokegra/height.narc!/member_00312,0,/poketool/pokegra/height.narc,331,312,,17060,17061,1200,1201,1,6e340b9cffb37a989ca544e6bb780a2c78901d3fb33738768511a30617afa01d,00,,,,,False,,,,,,,,,,False,False
/poketool/pokegra/height.narc,/poketool/pokegra/height.narc!/member_00313,0,/poketool/pokegra/height.narc,331,313,,17064,17065,1204,1205,1,6e340b9cffb37a989ca544e6bb780a2c78901d3fb33738768511a30617afa01d,00,,,,,False,,,,,,,,,,False,False
/poketool/pokegra/height.narc,/poketool/pokegra/height.narc!/member_00314,0,/poketool/pokegra/height.narc,331,314,,17068,17069,1208,1209,1,67586e98fad27da0b9968bc039a1ef34c939b9b8e523a8bef89d478608c5ecf6,06,,,,,False,,,,,,,,,,False,False
/poketool/pokegra/height.narc,/poketool/pokegra/height.narc!/member_00315,0,/poketool/pokegra/height.narc,331,315,,17072,17073,1212,1213,1,67586e98fad27da0b9968bc039a1ef34c939b9b8e523a8bef89d478608c5ecf6,06,,,,,False,,,,,,,,,,False,False
/poketool/pokegra/height.narc,/poketool/pokegra/height.narc!/member_00316,0,/poketool/pokegra/height.narc,331,316,,17076,17077,1216,1217,1,c555eab45d08845ae9f10d452a99bfcb06f74a50b988fe7e48dd323789b88ee3,10,,Nintendo LZ10,Probable,,True,Nintendo LZ10,Probable,True,,,,,,,False,False
/poketool/pokegra/height.narc,/poketool/pokegra/height.narc!/member_00317,0,/poketool/pokegra/height.narc,331,317,,17080,17081,1220,1221,1,c555eab45d08845ae9f10d452a99bfcb06f74a50b988fe7e48dd323789b88ee3,10,,Nintendo LZ10,Probable,,True,Nintendo LZ10,Probable,True,,,,,,,False,False
/poketool/pokegra/height.narc,/poketool/pokegra/height.narc!/member_00318,0,/poketool/pokegra/height.narc,331,318,,17084,17085,1224,1225,1,83891d7fe85c33e52c8b4e5814c92fb6a3b9467299200538a6babaa8b452d879,14,,,,,False,,,,,,,,,,False,False
/poketool/pokegra/height.narc,/poketool/pokegra/height.narc!/member_00319,0,/poketool/pokegra/height.narc,331,319,,17088,17089,1228,1229,1,83891d7fe85c33e52c8b4e5814c92fb6a3b9467299200538a6babaa8b452d879,14,,,,,False,,,,,,,,,,False,False
/poketool/pokegra/height.narc,/poketool/pokegra/height.narc!/member_00320,0,/poketool/pokegra/height.narc,331,320,,17092,17093,1232,1233,1,e7cf46a078fed4fafd0b5e3aff144802b853f8ae459a4f0c14add3314b7cc3a6,0b,,,,,False,,,,,,,,,,False,False
/poketool/pokegra/height.narc,/poketool/pokegra/height.narc!/member_00321,0,/poketool/pokegra/height.narc,331,321,,17096,17097,1236,1237,1,e7cf46a078fed4fafd0b5e3aff144802b853f8ae459a4f0c14add3314b7cc3a6,0b,,,,,False,,,,,,,,,,False,False
/poketool/pokegra/height.narc,/poketool/pokegra/height.narc!/member_00322,0,/poketool/pokegra/height.narc,331,322,,17100,17101,1240,1241,1,ef6cbd2161eaea7943ce8693b9824d23d1793ffb1c0fca05b600d3899b44c977,0c,,,,,False,,,,,,,,,,False,False
/poketool/pokegra/height.narc,/poketool/pokegra/height.narc!/member_00323,0,/poketool/pokegra/height.narc,331,323,,17104,17105,1244,1245,1,ef6cbd2161eaea7943ce8693b9824d23d1793ffb1c0fca05b600d3899b44c977,0c,,,,,False,,,,,,,,,,False,False
/poketool/pokegra/height.narc,/poketool/pokegra/height.narc!/member_00324,0,/poketool/pokegra/height.narc,331,324,,17108,17108,1248,1248,0,e3b0c44298fc1c149afbf4c8996fb92427ae41e4649b934ca495991b7852b855,,,,,,False,,,,,,,,,,False,False
/poketool/pokegra/height.narc,/poketool/pokegra/height.narc!/member_00325,0,/poketool/pokegra/height.narc,331,325,,17108,17109,1248,1249,1,beead77994cf573341ec17b58bbf7eb34d2711c993c1d976b128b3188dc1829a,08,,,,,False,,,,,,,,,,False,False
/poketool/pokegra/height.narc,/poketool/pokegra/height.narc!/member_00326,0,/poketool/pokegra/height.narc,331,326,,17112,17112,1252,1252,0,e3b0c44298fc1c149afbf4c8996fb92427ae41e4649b934ca495991b7852b855,,,,,,False,,,,,,,,,,False,False
/poketool/pokegra/height.narc,/poketool/pokegra/height.narc!/member_00327,0,/poketool/pokegra/height.narc,331,327,,17112,17113,1252,1253,1,bd4fc42a21f1f860a1030e6eba23d53ecab71bd19297ab6c074381d4ecee0018,1c,,,,,False,,,,,,,,,,False,False
/poketool/pokegra/height.narc,/poketool/pokegra/height.narc!/member_00328,0,/poketool/pokegra/height.narc,331,328,,17116,17116,1256,1256,0,e3b0c44298fc1c149afbf4c8996fb92427ae41e4649b934ca495991b7852b855,,,,,,False,,,,,,,,,,False,False
/poketool/pokegra/height.narc,/poketool/pokegra/height.narc!/member_00329,0,/poketool/pokegra/height.narc,331,329,,17116,17117,1256,1257,1,beead77994cf573341ec17b58bbf7eb34d2711c993c1d976b128b3188dc1829a,08,,,,,False,,,,,,,,,,False,False
/poketool/pokegra/height.narc,/poketool/pokegra/height.narc!/member_00330,0,/poketool/pokegra/height.narc,331,330,,17120,17120,1260,1260,0,e3b0c44298fc1c149afbf4c8996fb92427ae41e4649b934ca495991b7852b855,,,,,,False,,,,,,,,,,False,False
/poketool/pokegra/height.narc,/poketool/pokegra/height.narc!/member_00331,0,/poketool/pokegra/height.narc,331,331,,17120,17121,1260,1261,1,9d1e0e2d9459d06523ad13e28a4093c2316baafe7aec5b25f30eba2e113599c4,0d,,,,,False,,,,,,,,,,False,False
/poketool/pokegra/height.narc,/poketool/pokegra/height.narc!/member_00332,0,/poketool/pokegra/height.narc,331,332,,17124,17125,1264,1265,1,e7cf46a078fed4fafd0b5e3aff144802b853f8ae459a4f0c14add3314b7cc3a6,0b,,,,,False,,,,,,,,,,False,False
/poketool/pokegra/height.narc,/poketool/pokegra/height.narc!/member_00333,0,/poketool/pokegra/height.narc,331,333,,17128,17129,1268,1269,1,e7cf46a078fed4fafd0b5e3aff144802b853f8ae459a4f0c14add3314b7cc3a6,0b,,,,,False,,,,,,,,,,False,False
/poketool/pokegra/height.narc,/poketool/pokegra/height.narc!/member_00334,0,/poketool/pokegra/height.narc,331,334,,17132,17133,1272,1273,1,c555eab45d08845ae9f10d452a99bfcb06f74a50b988fe7e48dd323789b88ee3,10,,Nintendo LZ10,Probable,,True,Nintendo LZ10,Probable,True,,,,,,,False,False
/poketool/pokegra/height.narc,/poketool/pokegra/height.narc!/member_00335,0,/poketool/pokegra/height.narc,331,335,,17136,17137,1276,1277,1,c555eab45d08845ae9f10d452a99bfcb06f74a50b988fe7e48dd323789b88ee3,10,,Nintendo LZ10,Probable,,True,Nintendo LZ10,Probable,True,,,,,,,False,False
/poketool/pokegra/height.narc,/poketool/pokegra/height.narc!/member_00336,0,/poketool/pokegra/height.narc,331,336,,17140,17141,1280,1281,1,beead77994cf573341ec17b58bbf7eb34d2711c993c1d976b128b3188dc1829a,08,,,,,False,,,,,,,,,,False,False
/poketool/pokegra/height.narc,/poketool/pokegra/height.narc!/member_00337,0,/poketool/pokegra/height.narc,331,337,,17144,17145,1284,1285,1,beead77994cf573341ec17b58bbf7eb34d2711c993c1d976b128b3188dc1829a,08,,,,,False,,,,,,,,,,False,False
/poketool/pokegra/height.narc,/poketool/pokegra/height.narc!/member_00338,0,/poketool/pokegra/height.narc,331,338,,17148,17149,1288,1289,1,4d7b3ef7300acf70c892d8327db8272f54434adbc61a4e130a563cb59a0d0f47,0e,,,,,False,,,,,,,,,,False,False
/poketool/pokegra/height.narc,/poketool/pokegra/height.narc!/member_00339,0,/poketool/pokegra/height.narc,331,339,,17152,17153,1292,1293,1,4d7b3ef7300acf70c892d8327db8272f54434adbc61a4e130a563cb59a0d0f47,0e,,,,,False,,,,,,,,,,False,False
/poketool/pokegra/height.narc,/poketool/pokegra/height.narc!/member_00340,0,/poketool/pokegra/height.narc,331,340,,17156,17157,1296,1297,1,e52d9c508c502347344d8c07ad91cbd6068afc75ff6292f062a09ca381c89e71,04,,,,,False,,,,,,,,,,False,False
/poketool/pokegra/height.narc,/poketool/pokegra/height.narc!/member_00341,0,/poketool/pokegra/height.narc,331,341,,17160,17161,1300,1301,1,e52d9c508c502347344d8c07ad91cbd6068afc75ff6292f062a09ca381c89e71,04,,,,,False,,,,,,,,,,False,False
/poketool/pokegra/height.narc,/poketool/pokegra/height.narc!/member_00342,0,/poketool/pokegra/height.narc,331,342,,17164,17165,1304,1305,1,dbc1b4c900ffe48d575b5da5c638040125f65db0fe3e24494b76ea986457d986,02,,,,,False,,,,,,,,,,False,False
/poketool/pokegra/height.narc,/poketool/pokegra/height.narc!/member_00343,0,/poketool/pokegra/height.narc,331,343,,17168,17169,1308,1309,1,dbc1b4c900ffe48d575b5da5c638040125f65db0fe3e24494b76ea986457d986,02,,,,,False,,,,,,,,,,False,False
/poketool/pokegra/height.narc,/poketool/pokegra/height.narc!/member_00344,0,/poketool/pokegra/height.narc,331,344,,17172,17173,1312,1313,1,c555eab45d08845ae9f10d452a99bfcb06f74a50b988fe7e48dd323789b88ee3,10,,Nintendo LZ10,Probable,,True,Nintendo LZ10,Probable,True,,,,,,,False,False
/poketool/pokegra/height.narc,/poketool/pokegra/height.narc!/member_00345,0,/poketool/pokegra/height.narc,331,345,,17176,17177,1316,1317,1,c555eab45d08845ae9f10d452a99bfcb06f74a50b988fe7e48dd323789b88ee3,10,,Nintendo LZ10,Probable,,True,Nintendo LZ10,Probable,True,,,,,,,False,False
/poketool/pokegra/height.narc,/poketool/pokegra/height.narc!/member_00346,0,/poketool/pokegra/height.narc,331,346,,17180,17181,1320,1321,1,c555eab45d08845ae9f10d452a99bfcb06f74a50b988fe7e48dd323789b88ee3,10,,Nintendo LZ10,Probable,,True,Nintendo LZ10,Probable,True,,,,,,,False,False
/poketool/pokegra/height.narc,/poketool/pokegra/height.narc!/member_00347,0,/poketool/pokegra/height.narc,331,347,,17184,17185,1324,1325,1,c555eab45d08845ae9f10d452a99bfcb06f74a50b988fe7e48dd323789b88ee3,10,,Nintendo LZ10,Probable,,True,Nintendo LZ10,Probable,True,,,,,,,False,False
/poketool/pokegra/height.narc,/poketool/pokegra/height.narc!/member_00348,0,/poketool/pokegra/height.narc,331,348,,17188,17189,1328,1329,1,67586e98fad27da0b9968bc039a1ef34c939b9b8e523a8bef89d478608c5ecf6,06,,,,,False,,,,,,,,,,False,False
/poketool/pokegra/height.narc,/poketool/pokegra/height.narc!/member_00349,0,/poketool/pokegra/height.narc,331,349,,17192,17193,1332,1333,1,67586e98fad27da0b9968bc039a1ef34c939b9b8e523a8bef89d478608c5ecf6,06,,,,,False,,,,,,,,,,False,False
/poketool/pokegra/height.narc,/poketool/pokegra/height.narc!/member_00350,0,/poketool/pokegra/height.narc,331,350,,17196,17197,1336,1337,1,e77b9a9ae9e30b0dbdb6f510a264ef9de781501d7b6b92ae89eb059c5ab743db,05,,,,,False,,,,,,,,,,False,False
/poketool/pokegra/height.narc,/poketool/pokegra/height.narc!/member_00351,0,/poketool/pokegra/height.narc,331,351,,17200,17201,1340,1341,1,e77b9a9ae9e30b0dbdb6f510a264ef9de781501d7b6b92ae89eb059c5ab743db,05,,,,,False,,,,,,,,,,False,False
/poketool/pokegra/height.narc,/poketool/pokegra/height.narc!/member_00352,0,/poketool/pokegra/height.narc,331,352,,17204,17205,1344,1345,1,c555eab45d08845ae9f10d452a99bfcb06f74a50b988fe7e48dd323789b88ee3,10,,Nintendo LZ10,Probable,,True,Nintendo LZ10,Probable,True,,,,,,,False,False
/poketool/pokegra/height.narc,/poketool/pokegra/height.narc!/member_00353,0,/poketool/pokegra/height.narc,331,353,,17208,17209,1348,1349,1,c555eab45d08845ae9f10d452a99bfcb06f74a50b988fe7e48dd323789b88ee3,10,,Nintendo LZ10,Probable,,True,Nintendo LZ10,Probable,True,,,,,,,False,False
/poketool/pokegra/height.narc,/poketool/pokegra/height.narc!/member_00354,0,/poketool/pokegra/height.narc,331,354,,17212,17213,1352,1353,1,83891d7fe85c33e52c8b4e5814c92fb6a3b9467299200538a6babaa8b452d879,14,,,,,False,,,,,,,,,,False,False
/poketool/pokegra/height.narc,/poketool/pokegra/height.narc!/member_00355,0,/poketool/pokegra/height.narc,331,355,,17216,17217,1356,1357,1,83891d7fe85c33e52c8b4e5814c92fb6a3b9467299200538a6babaa8b452d879,14,,,,,False,,,,,,,,,,False,False
/poketool/pokegra/height.narc,/poketool/pokegra/height.narc!/member_00356,0,/poketool/pokegra/height.narc,331,356,,17220,17221,1360,1361,1,beead77994cf573341ec17b58bbf7eb34d2711c993c1d976b128b3188dc1829a,08,,,,,False,,,,,,,,,,False,False
/poketool/pokegra/height.narc,/poketool/pokegra/height.narc!/member_00357,0,/poketool/pokegra/height.narc,331,357,,17224,17225,1364,1365,1,beead77994cf573341ec17b58bbf7eb34d2711c993c1d976b128b3188dc1829a,08,,,,,False,,,,,,,,,,False,False
/poketool/pokegra/height.narc,/poketool/pokegra/height.narc!/member_00358,0,/poketool/pokegra/height.narc,331,358,,17228,17229,1368,1369,1,2b4c342f5433ebe591a1da77e013d1b72475562d48578dca8b84bac6651c3cb9,09,,,,,False,,,,,,,,,,False,False
/poketool/pokegra/height.narc,/poketool/pokegra/height.narc!/member_00359,0,/poketool/pokegra/height.narc,331,359,,17232,17233,1372,1373,1,2b4c342f5433ebe591a1da77e013d1b72475562d48578dca8b84bac6651c3cb9,09,,,,,False,,,,,,,,,,False,False
/poketool/pokegra/height.narc,/poketool/pokegra/height.narc!/member_00360,0,/poketool/pokegra/height.narc,331,360,,17236,17237,1376,1377,1,bd4fc42a21f1f860a1030e6eba23d53ecab71bd19297ab6c074381d4ecee0018,1c,,,,,False,,,,,,,,,,False,False
/poketool/pokegra/height.narc,/poketool/pokegra/height.narc!/member_00361,0,/poketool/pokegra/height.narc,331,361,,17240,17241,1380,1381,1,bd4fc42a21f1f860a1030e6eba23d53ecab71bd19297ab6c074381d4ecee0018,1c,,,,,False,,,,,,,,,,False,False
/poketool/pokegra/height.narc,/poketool/pokegra/height.narc!/member_00362,0,/poketool/pokegra/height.narc,331,362,,17244,17245,1384,1385,1,452ba1ddef80246c48be7690193c76c1d61185906be9401014fe14f1be64b74f,18,,,,,False,,,,,,,,,,False,False
/poketool/pokegra/height.narc,/poketool/pokegra/height.narc!/member_00363,0,/poketool/pokegra/height.narc,331,363,,17248,17249,1388,1389,1,452ba1ddef80246c48be7690193c76c1d61185906be9401014fe14f1be64b74f,18,,,,,False,,,,,,,,,,False,False
/poketool/pokegra/height.narc,/poketool/pokegra/height.narc!/member_00364,0,/poketool/pokegra/height.narc,331,364,,17252,17253,1392,1393,1,2b4c342f5433ebe591a1da77e013d1b72475562d48578dca8b84bac6651c3cb9,09,,,,,False,,,,,,,,,,False,False
/poketool/pokegra/height.narc,/poketool/pokegra/height.narc!/member_00365,0,/poketool/pokegra/height.narc,331,365,,17256,17257,1396,1397,1,2b4c342f5433ebe591a1da77e013d1b72475562d48578dca8b84bac6651c3cb9,09,,,,,False,,,,,,,,,,False,False
/poketool/pokegra/height.narc,/poketool/pokegra/height.narc!/member_00366,0,/poketool/pokegra/height.narc,331,366,,17260,17261,1400,1401,1,ef6cbd2161eaea7943ce8693b9824d23d1793ffb1c0fca05b600d3899b44c977,0c,,,,,False,,,,,,,,,,False,False
/poketool/pokegra/height.narc,/poketool/pokegra/height.narc!/member_00367,0,/poketool/pokegra/height.narc,331,367,,17264,17265,1404,1405,1,ef6cbd2161eaea7943ce8693b9824d23d1793ffb1c0fca05b600d3899b44c977,0c,,,,,False,,,,,,,,,,False,False
/poketool/pokegra/height.narc,/poketool/pokegra/height.narc!/member_00368,0,/poketool/pokegra/height.narc,331,368,,17268,17269,1408,1409,1,beead77994cf573341ec17b58bbf7eb34d2711c993c1d976b128b3188dc1829a,08,,,,,False,,,,,,,,,,False,False
/poketool/pokegra/height.narc,/poketool/pokegra/height.narc!/member_00369,0,/poketool/pokegra/height.narc,331,369,,17272,17273,1412,1413,1,beead77994cf573341ec17b58bbf7eb34d2711c993c1d976b128b3188dc1829a,08,,,,,False,,,,,,,,,,False,False
/poketool/pokegra/height.narc,/poketool/pokegra/height.narc!/member_00370,0,/poketool/pokegra/height.narc,331,370,,17276,17277,1416,1417,1,f299791cddd3d6664f6670842812ef6053eb6501bd6282a476bbbf3ee91e750c,12,,,,,False,,,,,,,,,,False,False
/poketool/pokegra/height.narc,/poketool/pokegra/height.narc!/member_00371,0,/poketool/pokegra/height.narc,331,371,,17280,17281,1420,1421,1,f299791cddd3d6664f6670842812ef6053eb6501bd6282a476bbbf3ee91e750c,12,,,,,False,,,,,,,,,,False,False
/poketool/pokegra/height.narc,/poketool/pokegra/height.narc!/member_00372,0,/poketool/pokegra/height.narc,331,372,,17284,17285,1424,1425,1,e77b9a9ae9e30b0dbdb6f510a264ef9de781501d7b6b92ae89eb059c5ab743db,05,,,,,False,,,,,,,,,,False,False
/poketool/pokegra/height.narc,/poketool/pokegra/height.narc!/member_00373,0,/poketool/pokegra/height.narc,331,373,,17288,17289,1428,1429,1,e77b9a9ae9e30b0dbdb6f510a264ef9de781501d7b6b92ae89eb059c5ab743db,05,,,,,False,,,,,,,,,,False,False
/poketool/pokegra/height.narc,/poketool/pokegra/height.narc!/member_00374,0,/poketool/pokegra/height.narc,331,374,,17292,17293,1432,1433,1,c555eab45d08845ae9f10d452a99bfcb06f74a50b988fe7e48dd323789b88ee3,10,,Nintendo LZ10,Probable,,True,Nintendo LZ10,Probable,True,,,,,,,False,False
/poketool/pokegra/height.narc,/poketool/pokegra/height.narc!/member_00375,0,/poketool/pokegra/height.narc,331,375,,17296,17297,1436,1437,1,c555eab45d08845ae9f10d452a99bfcb06f74a50b988fe7e48dd323789b88ee3,10,,Nintendo LZ10,Probable,,True,Nintendo LZ10,Probable,True,,,,,,,False,False
/poketool/pokegra/height.narc,/poketool/pokegra/height.narc!/member_00376,0,/poketool/pokegra/height.narc,331,376,,17300,17301,1440,1441,1,01ba4719c80b6fe911b091a7c05124b64eeece964e09c058ef8f9805daca546b,0a,,,,,False,,,,,,,,,,False,False
/poketool/pokegra/height.narc,/poketool/pokegra/height.narc!/member_00377,0,/poketool/pokegra/height.narc,331,377,,17304,17305,1444,1445,1,01ba4719c80b6fe911b091a7c05124b64eeece964e09c058ef8f9805daca546b,0a,,,,,False,,,,,,,,,,False,False
/poketool/pokegra/height.narc,/poketool/pokegra/height.narc!/member_00378,0,/poketool/pokegra/height.narc,331,378,,17308,17309,1448,1449,1,4d7b3ef7300acf70c892d8327db8272f54434adbc61a4e130a563cb59a0d0f47,0e,,,,,False,,,,,,,,,,False,False
/poketool/pokegra/height.narc,/poketool/pokegra/height.narc!/member_00379,0,/poketool/pokegra/height.narc,331,379,,17312,17313,1452,1453,1,4d7b3ef7300acf70c892d8327db8272f54434adbc61a4e130a563cb59a0d0f47,0e,,,,,False,,,,,,,,,,False,False
/poketool/pokegra/height.narc,/poketool/pokegra/height.narc!/member_00380,0,/poketool/pokegra/height.narc,331,380,,17316,17317,1456,1457,1,6e340b9cffb37a989ca544e6bb780a2c78901d3fb33738768511a30617afa01d,00,,,,,False,,,,,,,,,,False,False
/poketool/pokegra/height.narc,/poketool/pokegra/height.narc!/member_00381,0,/poketool/pokegra/height.narc,331,381,,17320,17321,1460,1461,1,6e340b9cffb37a989ca544e6bb780a2c78901d3fb33738768511a30617afa01d,00,,,,,False,,,,,,,,,,False,False
/poketool/pokegra/height.narc,/poketool/pokegra/height.narc!/member_00382,0,/poketool/pokegra/height.narc,331,382,,17324,17325,1464,1465,1,e52d9c508c502347344d8c07ad91cbd6068afc75ff6292f062a09ca381c89e71,04,,,,,False,,,,,,,,,,False,False
/poketool/pokegra/height.narc,/poketool/pokegra/height.narc!/member_00383,0,/poketool/pokegra/height.narc,331,383,,17328,17329,1468,1469,1,e52d9c508c502347344d8c07ad91cbd6068afc75ff6292f062a09ca381c89e71,04,,,,,False,,,,,,,,,,False,False
/poketool/pokegra/height.narc,/poketool/pokegra/height.narc!/member_00384,0,/poketool/pokegra/height.narc,331,384,,17332,17333,1472,1473,1,e7cf46a078fed4fafd0b5e3aff144802b853f8ae459a4f0c14add3314b7cc3a6,0b,,,,,False,,,,,,,,,,False,False
/poketool/pokegra/height.narc,/poketool/pokegra/height.narc!/member_00385,0,/poketool/pokegra/height.narc,331,385,,17336,17337,1476,1477,1,e7cf46a078fed4fafd0b5e3aff144802b853f8ae459a4f0c14add3314b7cc3a6,0b,,,,,False,,,,,,,,,,False,False
/poketool/pokegra/height.narc,/poketool/pokegra/height.narc!/member_00386,0,/poketool/pokegra/height.narc,331,386,,17340,17341,1480,1481,1,4d7b3ef7300acf70c892d8327db8272f54434adbc61a4e130a563cb59a0d0f47,0e,,,,,False,,,,,,,,,,False,False
/poketool/pokegra/height.narc,/poketool/pokegra/height.narc!/member_00387,0,/poketool/pokegra/height.narc,331,387,,17344,17345,1484,1485,1,4d7b3ef7300acf70c892d8327db8272f54434adbc61a4e130a563cb59a0d0f47,0e,,,,,False,,,,,,,,,,False,False
/poketool/pokegra/height.narc,/poketool/pokegra/height.narc!/member_00388,0,/poketool/pokegra/height.narc,331,388,,17348,17349,1488,1489,1,67586e98fad27da0b9968bc039a1ef34c939b9b8e523a8bef89d478608c5ecf6,06,,,,,False,,,,,,,,,,False,False
/poketool/pokegra/height.narc,/poketool/pokegra/height.narc!/member_00389,0,/poketool/pokegra/height.narc,331,389,,17352,17353,1492,1493,1,67586e98fad27da0b9968bc039a1ef34c939b9b8e523a8bef89d478608c5ecf6,06,,,,,False,,,,,,,,,,False,False
/poketool/pokegra/height.narc,/poketool/pokegra/height.narc!/member_00390,0,/poketool/pokegra/height.narc,331,390,,17356,17357,1496,1497,1,beead77994cf573341ec17b58bbf7eb34d2711c993c1d976b128b3188dc1829a,08,,,,,False,,,,,,,,,,False,False
/poketool/pokegra/height.narc,/poketool/pokegra/height.narc!/member_00391,0,/poketool/pokegra/height.narc,331,391,,17360,17361,1500,1501,1,beead77994cf573341ec17b58bbf7eb34d2711c993c1d976b128b3188dc1829a,08,,,,,False,,,,,,,,,,False,False
/poketool/pokegra/height.narc,/poketool/pokegra/height.narc!/member_00392,0,/poketool/pokegra/height.narc,331,392,,17364,17365,1504,1505,1,ab897fbdedfa502b2d839b6a56100887dccdc507555c282e59589e06300a62e2,13,,,,,False,,,,,,,,,,False,False
/poketool/pokegra/height.narc,/poketool/pokegra/height.narc!/member_00393,0,/poketool/pokegra/height.narc,331,393,,17368,17369,1508,1509,1,ab897fbdedfa502b2d839b6a56100887dccdc507555c282e59589e06300a62e2,13,,,,,False,,,,,,,,,,False,False
/poketool/pokegra/height.narc,/poketool/pokegra/height.narc!/member_00394,0,/poketool/pokegra/height.narc,331,394,,17372,17373,1512,1513,1,7cb7c4547cf2653590d7a9ace60cc623d25148adfbc88a89aeb0ef88da7839ba,16,,,,,False,,,,,,,,,,False,False
/poketool/pokegra/height.narc,/poketool/pokegra/height.narc!/member_00395,0,/poketool/pokegra/height.narc,331,395,,17376,17377,1516,1517,1,7cb7c4547cf2653590d7a9ace60cc623d25148adfbc88a89aeb0ef88da7839ba,16,,,,,False,,,,,,,,,,False,False
/poketool/pokegra/height.narc,/poketool/pokegra/height.narc!/member_00396,0,/poketool/pokegra/height.narc,331,396,,17380,17381,1520,1521,1,67586e98fad27da0b9968bc039a1ef34c939b9b8e523a8bef89d478608c5ecf6,06,,,,,False,,,,,,,,,,False,False
/poketool/pokegra/height.narc,/poketool/pokegra/height.narc!/member_00397,0,/poketool/pokegra/height.narc,331,397,,17384,17385,1524,1525,1,67586e98fad27da0b9968bc039a1ef34c939b9b8e523a8bef89d478608c5ecf6,06,,,,,False,,,,,,,,,,False,False
/poketool/pokegra/height.narc,/poketool/pokegra/height.narc!/member_00398,0,/poketool/pokegra/height.narc,331,398,,17388,17389,1528,1529,1,01ba4719c80b6fe911b091a7c05124b64eeece964e09c058ef8f9805daca546b,0a,,,,,False,,,,,,,,,,False,False
/poketool/pokegra/height.narc,/poketool/pokegra/height.narc!/member_00399,0,/poketool/pokegra/height.narc,331,399,,17392,17393,1532,1533,1,01ba4719c80b6fe911b091a7c05124b64eeece964e09c058ef8f9805daca546b,0a,,,,,False,,,,,,,,,,False,False
/poketool/pokegra/height.narc,/poketool/pokegra/height.narc!/member_00400,0,/poketool/pokegra/height.narc,331,400,,17396,17396,1536,1536,0,e3b0c44298fc1c149afbf4c8996fb92427ae41e4649b934ca495991b7852b855,,,,,,False,,,,,,,,,,False,False
/poketool/pokegra/height.narc,/poketool/pokegra/height.narc!/member_00401,0,/poketool/pokegra/height.narc,331,401,,17396,17397,1536,1537,1,83891d7fe85c33e52c8b4e5814c92fb6a3b9467299200538a6babaa8b452d879,14,,,,,False,,,,,,,,,,False,False
/poketool/pokegra/height.narc,/poketool/pokegra/height.narc!/member_00402,0,/poketool/pokegra/height.narc,331,402,,17400,17400,1540,1540,0,e3b0c44298fc1c149afbf4c8996fb92427ae41e4649b934ca495991b7852b855,,,,,,False,,,,,,,,,,False,False
/poketool/pokegra/height.narc,/poketool/pokegra/height.narc!/member_00403,0,/poketool/pokegra/height.narc,331,403,,17400,17401,1540,1541,1,68aa2e2ee5dff96e3355e6c7ee373e3d6a4e17f75f9518d843709c0c9bc3e3d4,19,,,,,False,,,,,,,,,,False,False
/poketool/pokegra/height.narc,/poketool/pokegra/height.narc!/member_00404,0,/poketool/pokegra/height.narc,331,404,,17404,17404,1544,1544,0,e3b0c44298fc1c149afbf4c8996fb92427ae41e4649b934ca495991b7852b855,,,,,,False,,,,,,,,,,False,False
/poketool/pokegra/height.narc,/poketool/pokegra/height.narc!/member_00405,0,/poketool/pokegra/height.narc,331,405,,17404,17405,1544,1545,1,c555eab45d08845ae9f10d452a99bfcb06f74a50b988fe7e48dd323789b88ee3,10,,Nintendo LZ10,Probable,,True,Nintendo LZ10,Probable,True,,,,,,,False,False
/poketool/pokegra/height.narc,/poketool/pokegra/height.narc!/member_00406,0,/poketool/pokegra/height.narc,331,406,,17408,17408,1548,1548,0,e3b0c44298fc1c149afbf4c8996fb92427ae41e4649b934ca495991b7852b855,,,,,,False,,,,,,,,,,False,False
/poketool/pokegra/height.narc,/poketool/pokegra/height.narc!/member_00407,0,/poketool/pokegra/height.narc,331,407,,17408,17409,1548,1549,1,4a64a107f0cb32536e5bce6c98c393db21cca7f4ea187ba8c4dca8b51d4ea80a,11,,Nintendo LZ11,Probable,,True,Nintendo LZ11,Probable,True,,,,,,,False,False
/poketool/pokegra/height.narc,/poketool/pokegra/height.narc!/member_00408,0,/poketool/pokegra/height.narc,331,408,,17412,17413,1552,1553,1,8f11b05da785e43e713d03774c6bd3405d99cd3024af334ffd68db663aa37034,17,,,,,False,,,,,,,,,,False,False
/poketool/pokegra/height.narc,/poketool/pokegra/height.narc!/member_00409,0,/poketool/pokegra/height.narc,331,409,,17416,17417,1556,1557,1,8f11b05da785e43e713d03774c6bd3405d99cd3024af334ffd68db663aa37034,17,,,,,False,,,,,,,,,,False,False
/poketool/pokegra/height.narc,/poketool/pokegra/height.narc!/member_00410,0,/poketool/pokegra/height.narc,331,410,,17420,17421,1560,1561,1,7cb7c4547cf2653590d7a9ace60cc623d25148adfbc88a89aeb0ef88da7839ba,16,,,,,False,,,,,,,,,,False,False
/poketool/pokegra/height.narc,/poketool/pokegra/height.narc!/member_00411,0,/poketool/pokegra/height.narc,331,411,,17424,17425,1564,1565,1,7cb7c4547cf2653590d7a9ace60cc623d25148adfbc88a89aeb0ef88da7839ba,16,,,,,False,,,,,,,,,,False,False
/poketool/pokegra/height.narc,/poketool/pokegra/height.narc!/member_00412,0,/poketool/pokegra/height.narc,331,412,,17428,17429,1568,1569,1,01ba4719c80b6fe911b091a7c05124b64eeece964e09c058ef8f9805daca546b,0a,,,,,False,,,,,,,,,,False,False
/poketool/pokegra/height.narc,/poketool/pokegra/height.narc!/member_00413,0,/poketool/pokegra/height.narc,331,413,,17432,17433,1572,1573,1,01ba4719c80b6fe911b091a7c05124b64eeece964e09c058ef8f9805daca546b,0a,,,,,False,,,,,,,,,,False,False
/poketool/pokegra/height.narc,/poketool/pokegra/height.narc!/member_00414,0,/poketool/pokegra/height.narc,331,414,,17436,17437,1576,1577,1,e77b9a9ae9e30b0dbdb6f510a264ef9de781501d7b6b92ae89eb059c5ab743db,05,,,,,False,,,,,,,,,,False,False
/poketool/pokegra/height.narc,/poketool/pokegra/height.narc!/member_00415,0,/poketool/pokegra/height.narc,331,415,,17440,17441,1580,1581,1,e77b9a9ae9e30b0dbdb6f510a264ef9de781501d7b6b92ae89eb059c5ab743db,05,,,,,False,,,,,,,,,,False,False
/poketool/pokegra/height.narc,/poketool/pokegra/height.narc!/member_00416,0,/poketool/pokegra/height.narc,331,416,,17444,17445,1584,1585,1,ef6cbd2161eaea7943ce8693b9824d23d1793ffb1c0fca05b600d3899b44c977,0c,,,,,False,,,,,,,,,,False,False
/poketool/pokegra/height.narc,/poketool/pokegra/height.narc!/member_00417,0,/poketool/pokegra/height.narc,331,417,,17448,17449,1588,1589,1,ef6cbd2161eaea7943ce8693b9824d23d1793ffb1c0fca05b600d3899b44c977,0c,,,,,False,,,,,,,,,,False,False
/poketool/pokegra/height.narc,/poketool/pokegra/height.narc!/member_00418,0,/poketool/pokegra/height.narc,331,418,,17452,17453,1592,1593,1,2f0fd1e89b8de1d57292742ec380ea47066e307ad645f5bc3adad8a06ff58608,15,,,,,False,,,,,,,,,,False,False
/poketool/pokegra/height.narc,/poketool/pokegra/height.narc!/member_00419,0,/poketool/pokegra/height.narc,331,419,,17456,17457,1596,1597,1,2f0fd1e89b8de1d57292742ec380ea47066e307ad645f5bc3adad8a06ff58608,15,,,,,False,,,,,,,,,,False,False
/poketool/pokegra/height.narc,/poketool/pokegra/height.narc!/member_00420,0,/poketool/pokegra/height.narc,331,420,,17460,17461,1600,1601,1,2b4c342f5433ebe591a1da77e013d1b72475562d48578dca8b84bac6651c3cb9,09,,,,,False,,,,,,,,,,False,False
/poketool/pokegra/height.narc,/poketool/pokegra/height.narc!/member_00421,0,/poketool/pokegra/height.narc,331,421,,17464,17465,1604,1605,1,2b4c342f5433ebe591a1da77e013d1b72475562d48578dca8b84bac6651c3cb9,09,,,,,False,,,,,,,,,,False,False
/poketool/pokegra/height.narc,/poketool/pokegra/height.narc!/member_00422,0,/poketool/pokegra/height.narc,331,422,,17468,17469,1608,1609,1,ab897fbdedfa502b2d839b6a56100887dccdc507555c282e59589e06300a62e2,13,,,,,False,,,,,,,,,,False,False
/poketool/pokegra/height.narc,/poketool/pokegra/height.narc!/member_00423,0,/poketool/pokegra/height.narc,331,423,,17472,17473,1612,1613,1,ab897fbdedfa502b2d839b6a56100887dccdc507555c282e59589e06300a62e2,13,,,,,False,,,,,,,,,,False,False
/poketool/pokegra/height.narc,/poketool/pokegra/height.narc!/member_00424,0,/poketool/pokegra/height.narc,331,424,,17476,17476,1616,1616,0,e3b0c44298fc1c149afbf4c8996fb92427ae41e4649b934ca495991b7852b855,,,,,,False,,,,,,,,,,False,False
/poketool/pokegra/height.narc,/poketool/pokegra/height.narc!/member_00425,0,/poketool/pokegra/height.narc,331,425,,17476,17477,1616,1617,1,e77b9a9ae9e30b0dbdb6f510a264ef9de781501d7b6b92ae89eb059c5ab743db,05,,,,,False,,,,,,,,,,False,False
/poketool/pokegra/height.narc,/poketool/pokegra/height.narc!/member_00426,0,/poketool/pokegra/height.narc,331,426,,17480,17480,1620,1620,0,e3b0c44298fc1c149afbf4c8996fb92427ae41e4649b934ca495991b7852b855,,,,,,False,,,,,,,,,,False,False
/poketool/pokegra/height.narc,/poketool/pokegra/height.narc!/member_00427,0,/poketool/pokegra/height.narc,331,427,,17480,17481,1620,1621,1,beead77994cf573341ec17b58bbf7eb34d2711c993c1d976b128b3188dc1829a,08,,,,,False,,,,,,,,,,False,False
/poketool/pokegra/height.narc,/poketool/pokegra/height.narc!/member_00428,0,/poketool/pokegra/height.narc,331,428,,17484,17484,1624,1624,0,e3b0c44298fc1c149afbf4c8996fb92427ae41e4649b934ca495991b7852b855,,,,,,False,,,,,,,,,,False,False
/poketool/pokegra/height.narc,/poketool/pokegra/height.narc!/member_00429,0,/poketool/pokegra/height.narc,331,429,,17484,17485,1624,1625,1,beead77994cf573341ec17b58bbf7eb34d2711c993c1d976b128b3188dc1829a,08,,,,,False,,,,,,,,,,False,False
/poketool/pokegra/height.narc,/poketool/pokegra/height.narc!/member_00430,0,/poketool/pokegra/height.narc,331,430,,17488,17488,1628,1628,0,e3b0c44298fc1c149afbf4c8996fb92427ae41e4649b934ca495991b7852b855,,,,,,False,,,,,,,,,,False,False
/poketool/pokegra/height.narc,/poketool/pokegra/height.narc!/member_00431,0,/poketool/pokegra/height.narc,331,431,,17488,17489,1628,1629,1,2b4c342f5433ebe591a1da77e013d1b72475562d48578dca8b84bac6651c3cb9,09,,,,,False,,,,,,,,,,False,False
/poketool/pokegra/height.narc,/poketool/pokegra/height.narc!/member_00432,0,/poketool/pokegra/height.narc,331,432,,17492,17493,1632,1633,1,c555eab45d08845ae9f10d452a99bfcb06f74a50b988fe7e48dd323789b88ee3,10,,Nintendo LZ10,Probable,,True,Nintendo LZ10,Probable,True,,,,,,,False,False
/poketool/pokegra/height.narc,/poketool/pokegra/height.narc!/member_00433,0,/poketool/pokegra/height.narc,331,433,,17496,17497,1636,1637,1,c555eab45d08845ae9f10d452a99bfcb06f74a50b988fe7e48dd323789b88ee3,10,,Nintendo LZ10,Probable,,True,Nintendo LZ10,Probable,True,,,,,,,False,False
/poketool/pokegra/height.narc,/poketool/pokegra/height.narc!/member_00434,0,/poketool/pokegra/height.narc,331,434,,17500,17501,1640,1641,1,dc0e9c3658a1a3ed1ec94274d8b19925c93e1abb7ddba294923ad9bde30f8cb8,0f,,,,,False,,,,,,,,,,False,False
/poketool/pokegra/height.narc,/poketool/pokegra/height.narc!/member_00435,0,/poketool/pokegra/height.narc,331,435,,17504,17505,1644,1645,1,dc0e9c3658a1a3ed1ec94274d8b19925c93e1abb7ddba294923ad9bde30f8cb8,0f,,,,,False,,,,,,,,,,False,False
/poketool/pokegra/height.narc,/poketool/pokegra/height.narc!/member_00436,0,/poketool/pokegra/height.narc,331,436,,17508,17509,1648,1649,1,e52d9c508c502347344d8c07ad91cbd6068afc75ff6292f062a09ca381c89e71,04,,,,,False,,,,,,,,,,False,False
/poketool/pokegra/height.narc,/poketool/pokegra/height.narc!/member_00437,0,/poketool/pokegra/height.narc,331,437,,17512,17513,1652,1653,1,e52d9c508c502347344d8c07ad91cbd6068afc75ff6292f062a09ca381c89e71,04,,,,,False,,,,,,,,,,False,False
/poketool/pokegra/height.narc,/poketool/pokegra/height.narc!/member_00438,0,/poketool/pokegra/height.narc,331,438,,17516,17517,1656,1657,1,4d7b3ef7300acf70c892d8327db8272f54434adbc61a4e130a563cb59a0d0f47,0e,,,,,False,,,,,,,,,,False,False
/poketool/pokegra/height.narc,/poketool/pokegra/height.narc!/member_00439,0,/poketool/pokegra/height.narc,331,439,,17520,17521,1660,1661,1,4d7b3ef7300acf70c892d8327db8272f54434adbc61a4e130a563cb59a0d0f47,0e,,,,,False,,,,,,,,,,False,False
/poketool/pokegra/height.narc,/poketool/pokegra/height.narc!/member_00440,0,/poketool/pokegra/height.narc,331,440,,17524,17525,1664,1665,1,e7cf46a078fed4fafd0b5e3aff144802b853f8ae459a4f0c14add3314b7cc3a6,0b,,,,,False,,,,,,,,,,False,False
/poketool/pokegra/height.narc,/poketool/pokegra/height.narc!/member_00441,0,/poketool/pokegra/height.narc,331,441,,17528,17529,1668,1669,1,e7cf46a078fed4fafd0b5e3aff144802b853f8ae459a4f0c14add3314b7cc3a6,0b,,,,,False,,,,,,,,,,False,False
/poketool/pokegra/height.narc,/poketool/pokegra/height.narc!/member_00442,0,/poketool/pokegra/height.narc,331,442,,17532,17533,1672,1673,1,2b4c342f5433ebe591a1da77e013d1b72475562d48578dca8b84bac6651c3cb9,09,,,,,False,,,,,,,,,,False,False
/poketool/pokegra/height.narc,/poketool/pokegra/height.narc!/member_00443,0,/poketool/pokegra/height.narc,331,443,,17536,17537,1676,1677,1,2b4c342f5433ebe591a1da77e013d1b72475562d48578dca8b84bac6651c3cb9,09,,,,,False,,,,,,,,,,False,False
/poketool/pokegra/height.narc,/poketool/pokegra/height.narc!/member_00444,0,/poketool/pokegra/height.narc,331,444,,17540,17541,1680,1681,1,4a64a107f0cb32536e5bce6c98c393db21cca7f4ea187ba8c4dca8b51d4ea80a,11,,Nintendo LZ11,Probable,,True,Nintendo LZ11,Probable,True,,,,,,,False,False
/poketool/pokegra/height.narc,/poketool/pokegra/height.narc!/member_00445,0,/poketool/pokegra/height.narc,331,445,,17544,17545,1684,1685,1,4d7b3ef7300acf70c892d8327db8272f54434adbc61a4e130a563cb59a0d0f47,0e,,,,,False,,,,,,,,,,False,False
/poketool/pokegra/height.narc,/poketool/pokegra/height.narc!/member_00446,0,/poketool/pokegra/height.narc,331,446,,17548,17549,1688,1689,1,f299791cddd3d6664f6670842812ef6053eb6501bd6282a476bbbf3ee91e750c,12,,,,,False,,,,,,,,,,False,False
/poketool/pokegra/height.narc,/poketool/pokegra/height.narc!/member_00447,0,/poketool/pokegra/height.narc,331,447,,17552,17553,1692,1693,1,f299791cddd3d6664f6670842812ef6053eb6501bd6282a476bbbf3ee91e750c,12,,,,,False,,,,,,,,,,False,False
/poketool/pokegra/height.narc,/poketool/pokegra/height.narc!/member_00448,0,/poketool/pokegra/height.narc,331,448,,17556,17557,1696,1697,1,67586e98fad27da0b9968bc039a1ef34c939b9b8e523a8bef89d478608c5ecf6,06,,,,,False,,,,,,,,,,False,False
/poketool/pokegra/height.narc,/poketool/pokegra/height.narc!/member_00449,0,/poketool/pokegra/height.narc,331,449,,17560,17561,1700,1701,1,67586e98fad27da0b9968bc039a1ef34c939b9b8e523a8bef89d478608c5ecf6,06,,,,,False,,,,,,,,,,False,False
/poketool/pokegra/height.narc,/poketool/pokegra/height.narc!/member_00450,0,/poketool/pokegra/height.narc,331,450,,17564,17565,1704,1705,1,ca358758f6d27e6cf45272937977a748fd88391db679ceda7dc7bf1f005ee879,07,,,,,False,,,,,,,,,,False,False
/poketool/pokegra/height.narc,/poketool/pokegra/height.narc!/member_00451,0,/poketool/pokegra/height.narc,331,451,,17568,17569,1708,1709,1,ca358758f6d27e6cf45272937977a748fd88391db679ceda7dc7bf1f005ee879,07,,,,,False,,,,,,,,,,False,False
/poketool/pokegra/height.narc,/poketool/pokegra/height.narc!/member_00452,0,/poketool/pokegra/height.narc,331,452,,17572,17573,1712,1713,1,4d7b3ef7300acf70c892d8327db8272f54434adbc61a4e130a563cb59a0d0f47,0e,,,,,False,,,,,,,,,,False,False
/poketool/pokegra/height.narc,/poketool/pokegra/height.narc!/member_00453,0,/poketool/pokegra/height.narc,331,453,,17576,17576,1716,1716,0,e3b0c44298fc1c149afbf4c8996fb92427ae41e4649b934ca495991b7852b855,,,,,,False,,,,,,,,,,False,False
/poketool/pokegra/height.narc,/poketool/pokegra/height.narc!/member_00454,0,/poketool/pokegra/height.narc,331,454,,17576,17577,1716,1717,1,c555eab45d08845ae9f10d452a99bfcb06f74a50b988fe7e48dd323789b88ee3,10,,Nintendo LZ10,Probable,,True,Nintendo LZ10,Probable,True,,,,,,,False,False
/poketool/pokegra/height.narc,/poketool/pokegra/height.narc!/member_00455,0,/poketool/pokegra/height.narc,331,455,,17580,17580,1720,1720,0,e3b0c44298fc1c149afbf4c8996fb92427ae41e4649b934ca495991b7852b855,,,,,,False,,,,,,,,,,False,False
/poketool/pokegra/height.narc,/poketool/pokegra/height.narc!/member_00456,0,/poketool/pokegra/height.narc,331,456,,17580,17581,1720,1721,1,68aa2e2ee5dff96e3355e6c7ee373e3d6a4e17f75f9518d843709c0c9bc3e3d4,19,,,,,False,,,,,,,,,,False,False
/poketool/pokegra/height.narc,/poketool/pokegra/height.narc!/member_00457,0,/poketool/pokegra/height.narc,331,457,,17584,17585,1724,1725,1,68aa2e2ee5dff96e3355e6c7ee373e3d6a4e17f75f9518d843709c0c9bc3e3d4,19,,,,,False,,,,,,,,,,False,False
/poketool/pokegra/height.narc,/poketool/pokegra/height.narc!/member_00458,0,/poketool/pokegra/height.narc,331,458,,17588,17589,1728,1729,1,2f0fd1e89b8de1d57292742ec380ea47066e307ad645f5bc3adad8a06ff58608,15,,,,,False,,,,,,,,,,False,False
/poketool/pokegra/height.narc,/poketool/pokegra/height.narc!/member_00459,0,/poketool/pokegra/height.narc,331,459,,17592,17593,1732,1733,1,2f0fd1e89b8de1d57292742ec380ea47066e307ad645f5bc3adad8a06ff58608,15,,,,,False,,,,,,,,,,False,False
/poketool/pokegra/height.narc,/poketool/pokegra/height.narc!/member_00460,0,/poketool/pokegra/height.narc,331,460,,17596,17597,1736,1737,1,ca358758f6d27e6cf45272937977a748fd88391db679ceda7dc7bf1f005ee879,07,,,,,False,,,,,,,,,,False,False
/poketool/pokegra/height.narc,/poketool/pokegra/height.narc!/member_00461,0,/poketool/pokegra/height.narc,331,461,,17600,17600,1740,1740,0,e3b0c44298fc1c149afbf4c8996fb92427ae41e4649b934ca495991b7852b855,,,,,,False,,,,,,,,,,False,False
/poketool/pokegra/height.narc,/poketool/pokegra/height.narc!/member_00462,0,/poketool/pokegra/height.narc,331,462,,17600,17601,1740,1741,1,e77b9a9ae9e30b0dbdb6f510a264ef9de781501d7b6b92ae89eb059c5ab743db,05,,,,,False,,,,,,,,,,False,False
/poketool/pokegra/height.narc,/poketool/pokegra/height.narc!/member_00463,0,/poketool/pokegra/height.narc,331,463,,17604,17604,1744,1744,0,e3b0c44298fc1c149afbf4c8996fb92427ae41e4649b934ca495991b7852b855,,,,,,False,,,,,,,,,,False,False
/poketool/pokegra/height.narc,/poketool/pokegra/height.narc!/member_00464,0,/poketool/pokegra/height.narc,331,464,,17604,17605,1744,1745,1,4a64a107f0cb32536e5bce6c98c393db21cca7f4ea187ba8c4dca8b51d4ea80a,11,,Nintendo LZ11,Probable,,True,Nintendo LZ11,Probable,True,,,,,,,False,False
/poketool/pokegra/height.narc,/poketool/pokegra/height.narc!/member_00465,0,/poketool/pokegra/height.narc,331,465,,17608,17609,1748,1749,1,4a64a107f0cb32536e5bce6c98c393db21cca7f4ea187ba8c4dca8b51d4ea80a,11,,Nintendo LZ11,Probable,,True,Nintendo LZ11,Probable,True,,,,,,,False,False
/poketool/pokegra/height.narc,/poketool/pokegra/height.narc!/member_00466,0,/poketool/pokegra/height.narc,331,466,,17612,17613,1752,1753,1,7cb7c4547cf2653590d7a9ace60cc623d25148adfbc88a89aeb0ef88da7839ba,16,,,,,False,,,,,,,,,,False,False
/poketool/pokegra/height.narc,/poketool/pokegra/height.narc!/member_00467,0,/poketool/pokegra/height.narc,331,467,,17616,17617,1756,1757,1,7cb7c4547cf2653590d7a9ace60cc623d25148adfbc88a89aeb0ef88da7839ba,16,,,,,False,,,,,,,,,,False,False
/poketool/pokegra/height.narc,/poketool/pokegra/height.narc!/member_00468,0,/poketool/pokegra/height.narc,331,468,,17620,17621,1760,1761,1,ca358758f6d27e6cf45272937977a748fd88391db679ceda7dc7bf1f005ee879,07,,,,,False,,,,,,,,,,False,False
/poketool/pokegra/height.narc,/poketool/pokegra/height.narc!/member_00469,0,/poketool/pokegra/height.narc,331,469,,17624,17625,1764,1765,1,ca358758f6d27e6cf45272937977a748fd88391db679ceda7dc7bf1f005ee879,07,,,,,False,,,,,,,,,,False,False
/poketool/pokegra/height.narc,/poketool/pokegra/height.narc!/member_00470,0,/poketool/pokegra/height.narc,331,470,,17628,17629,1768,1769,1,c555eab45d08845ae9f10d452a99bfcb06f74a50b988fe7e48dd323789b88ee3,10,,Nintendo LZ10,Probable,,True,Nintendo LZ10,Probable,True,,,,,,,False,False
/poketool/pokegra/height.narc,/poketool/pokegra/height.narc!/member_00471,0,/poketool/pokegra/height.narc,331,471,,17632,17633,1772,1773,1,c555eab45d08845ae9f10d452a99bfcb06f74a50b988fe7e48dd323789b88ee3,10,,Nintendo LZ10,Probable,,True,Nintendo LZ10,Probable,True,,,,,,,False,False
/poketool/pokegra/height.narc,/poketool/pokegra/height.narc!/member_00472,0,/poketool/pokegra/height.narc,331,472,,17636,17637,1776,1777,1,4d7b3ef7300acf70c892d8327db8272f54434adbc61a4e130a563cb59a0d0f47,0e,,,,,False,,,,,,,,,,False,False
/poketool/pokegra/height.narc,/poketool/pokegra/height.narc!/member_00473,0,/poketool/pokegra/height.narc,331,473,,17640,17641,1780,1781,1,e7cf46a078fed4fafd0b5e3aff144802b853f8ae459a4f0c14add3314b7cc3a6,0b,,,,,False,,,,,,,,,,False,False
/poketool/pokegra/height.narc,/poketool/pokegra/height.narc!/member_00474,0,/poketool/pokegra/height.narc,331,474,,17644,17645,1784,1785,1,ab897fbdedfa502b2d839b6a56100887dccdc507555c282e59589e06300a62e2,13,,,,,False,,,,,,,,,,False,False
/poketool/pokegra/height.narc,/poketool/pokegra/height.narc!/member_00475,0,/poketool/pokegra/height.narc,331,475,,17648,17649,1788,1789,1,ab897fbdedfa502b2d839b6a56100887dccdc507555c282e59589e06300a62e2,13,,,,,False,,,,,,,,,,False,False
/poketool/pokegra/height.narc,/poketool/pokegra/height.narc!/member_00476,0,/poketool/pokegra/height.narc,331,476,,17652,17653,1792,1793,1,beead77994cf573341ec17b58bbf7eb34d2711c993c1d976b128b3188dc1829a,08,,,,,False,,,,,,,,,,False,False
/poketool/pokegra/height.narc,/poketool/pokegra/height.narc!/member_00477,0,/poketool/pokegra/height.narc,331,477,,17656,17657,1796,1797,1,beead77994cf573341ec17b58bbf7eb34d2711c993c1d976b128b3188dc1829a,08,,,,,False,,,,,,,,,,False,False
/poketool/pokegra/height.narc,/poketool/pokegra/height.narc!/member_00478,0,/poketool/pokegra/height.narc,331,478,,17660,17661,1800,1801,1,dc0e9c3658a1a3ed1ec94274d8b19925c93e1abb7ddba294923ad9bde30f8cb8,0f,,,,,False,,,,,,,,,,False,False
/poketool/pokegra/height.narc,/poketool/pokegra/height.narc!/member_00479,0,/poketool/pokegra/height.narc,331,479,,17664,17665,1804,1805,1,dc0e9c3658a1a3ed1ec94274d8b19925c93e1abb7ddba294923ad9bde30f8cb8,0f,,,,,False,,,,,,,,,,False,False
/poketool/pokegra/height.narc,/poketool/pokegra/height.narc!/member_00480,0,/poketool/pokegra/height.narc,331,480,,17668,17668,1808,1808,0,e3b0c44298fc1c149afbf4c8996fb92427ae41e4649b934ca495991b7852b855,,,,,,False,,,,,,,,,,False,False
/poketool/pokegra/height.narc,/poketool/pokegra/height.narc!/member_00481,0,/poketool/pokegra/height.narc,331,481,,17668,17669,1808,1809,1,beead77994cf573341ec17b58bbf7eb34d2711c993c1d976b128b3188dc1829a,08,,,,,False,,,,,,,,,,False,False
/poketool/pokegra/height.narc,/poketool/pokegra/height.narc!/member_00482,0,/poketool/pokegra/height.narc,331,482,,17672,17672,1812,1812,0,e3b0c44298fc1c149afbf4c8996fb92427ae41e4649b934ca495991b7852b855,,,,,,False,,,,,,,,,,False,False
/poketool/pokegra/height.narc,/poketool/pokegra/height.narc!/member_00483,0,/poketool/pokegra/height.narc,331,483,,17672,17673,1812,1813,1,ab897fbdedfa502b2d839b6a56100887dccdc507555c282e59589e06300a62e2,13,,,,,False,,,,,,,,,,False,False
/poketool/pokegra/height.narc,/poketool/pokegra/height.narc!/member_00484,0,/poketool/pokegra/height.narc,331,484,,17676,17676,1816,1816,0,e3b0c44298fc1c149afbf4c8996fb92427ae41e4649b934ca495991b7852b855,,,,,,False,,,,,,,,,,False,False
/poketool/pokegra/height.narc,/poketool/pokegra/height.narc!/member_00485,0,/poketool/pokegra/height.narc,331,485,,17676,17677,1816,1817,1,e77b9a9ae9e30b0dbdb6f510a264ef9de781501d7b6b92ae89eb059c5ab743db,05,,,,,False,,,,,,,,,,False,False
/poketool/pokegra/height.narc,/poketool/pokegra/height.narc!/member_00486,0,/poketool/pokegra/height.narc,331,486,,17680,17680,1820,1820,0,e3b0c44298fc1c149afbf4c8996fb92427ae41e4649b934ca495991b7852b855,,,,,,False,,,,,,,,,,False,False
/poketool/pokegra/height.narc,/poketool/pokegra/height.narc!/member_00487,0,/poketool/pokegra/height.narc,331,487,,17680,17681,1820,1821,1,dc0e9c3658a1a3ed1ec94274d8b19925c93e1abb7ddba294923ad9bde30f8cb8,0f,,,,,False,,,,,,,,,,False,False
/poketool/pokegra/height.narc,/poketool/pokegra/height.narc!/member_00488,0,/poketool/pokegra/height.narc,331,488,,17684,17685,1824,1825,1,01ba4719c80b6fe911b091a7c05124b64eeece964e09c058ef8f9805daca546b,0a,,,,,False,,,,,,,,,,False,False
/poketool/pokegra/height.narc,/poketool/pokegra/height.narc!/member_00489,0,/poketool/pokegra/height.narc,331,489,,17688,17689,1828,1829,1,01ba4719c80b6fe911b091a7c05124b64eeece964e09c058ef8f9805daca546b,0a,,,,,False,,,,,,,,,,False,False
/poketool/pokegra/height.narc,/poketool/pokegra/height.narc!/member_00490,0,/poketool/pokegra/height.narc,331,490,,17692,17693,1832,1833,1,4d7b3ef7300acf70c892d8327db8272f54434adbc61a4e130a563cb59a0d0f47,0e,,,,,False,,,,,,,,,,False,False
/poketool/pokegra/height.narc,/poketool/pokegra/height.narc!/member_00491,0,/poketool/pokegra/height.narc,331,491,,17696,17697,1836,1837,1,4d7b3ef7300acf70c892d8327db8272f54434adbc61a4e130a563cb59a0d0f47,0e,,,,,False,,,,,,,,,,False,False
/poketool/pokegra/height.narc,/poketool/pokegra/height.narc!/member_00492,0,/poketool/pokegra/height.narc,331,492,,17700,17701,1840,1841,1,e52d9c508c502347344d8c07ad91cbd6068afc75ff6292f062a09ca381c89e71,04,,,,,False,,,,,,,,,,False,False
/poketool/pokegra/height.narc,/poketool/pokegra/height.narc!/member_00493,0,/poketool/pokegra/height.narc,331,493,,17704,17705,1844,1845,1,e52d9c508c502347344d8c07ad91cbd6068afc75ff6292f062a09ca381c89e71,04,,,,,False,,,,,,,,,,False,False
/poketool/pokegra/height.narc,/poketool/pokegra/height.narc!/member_00494,0,/poketool/pokegra/height.narc,331,494,,17708,17709,1848,1849,1,01ba4719c80b6fe911b091a7c05124b64eeece964e09c058ef8f9805daca546b,0a,,,,,False,,,,,,,,,,False,False
/poketool/pokegra/height.narc,/poketool/pokegra/height.narc!/member_00495,0,/poketool/pokegra/height.narc,331,495,,17712,17713,1852,1853,1,01ba4719c80b6fe911b091a7c05124b64eeece964e09c058ef8f9805daca546b,0a,,,,,False,,,,,,,,,,False,False
/poketool/pokegra/height.narc,/poketool/pokegra/height.narc!/member_00496,0,/poketool/pokegra/height.narc,331,496,,17716,17717,1856,1857,1,e52d9c508c502347344d8c07ad91cbd6068afc75ff6292f062a09ca381c89e71,04,,,,,False,,,,,,,,,,False,False
/poketool/pokegra/height.narc,/poketool/pokegra/height.narc!/member_00497,0,/poketool/pokegra/height.narc,331,497,,17720,17720,1860,1860,0,e3b0c44298fc1c149afbf4c8996fb92427ae41e4649b934ca495991b7852b855,,,,,,False,,,,,,,,,,False,False
/poketool/pokegra/height.narc,/poketool/pokegra/height.narc!/member_00498,0,/poketool/pokegra/height.narc,331,498,,17720,17721,1860,1861,1,9d1e0e2d9459d06523ad13e28a4093c2316baafe7aec5b25f30eba2e113599c4,0d,,,,,False,,,,,,,,,,False,False
/poketool/pokegra/height.narc,/poketool/pokegra/height.narc!/member_00499,0,/poketool/pokegra/height.narc,331,499,,17724,17724,1864,1864,0,e3b0c44298fc1c149afbf4c8996fb92427ae41e4649b934ca495991b7852b855,,,,,,False,,,,,,,,,,False,False
/poketool/pokegra/height.narc,/poketool/pokegra/height.narc!/member_00500,0,/poketool/pokegra/height.narc,331,500,,17724,17725,1864,1865,1,e77b9a9ae9e30b0dbdb6f510a264ef9de781501d7b6b92ae89eb059c5ab743db,05,,,,,False,,,,,,,,,,False,False
/poketool/pokegra/height.narc,/poketool/pokegra/height.narc!/member_00501,0,/poketool/pokegra/height.narc,331,501,,17728,17729,1868,1869,1,e77b9a9ae9e30b0dbdb6f510a264ef9de781501d7b6b92ae89eb059c5ab743db,05,,,,,False,,,,,,,,,,False,False
/poketool/pokegra/height.narc,/poketool/pokegra/height.narc!/member_00502,0,/poketool/pokegra/height.narc,331,502,,17732,17733,1872,1873,1,e52d9c508c502347344d8c07ad91cbd6068afc75ff6292f062a09ca381c89e71,04,,,,,False,,,,,,,,,,False,False
/poketool/pokegra/height.narc,/poketool/pokegra/height.narc!/member_00503,0,/poketool/pokegra/height.narc,331,503,,17736,17737,1876,1877,1,e52d9c508c502347344d8c07ad91cbd6068afc75ff6292f062a09ca381c89e71,04,,,,,False,,,,,,,,,,False,False
/poketool/pokegra/height.narc,/poketool/pokegra/height.narc!/member_00504,0,/poketool/pokegra/height.narc,331,504,,17740,17741,1880,1881,1,084fed08b978af4d7d196a7446a86b58009e636b611db16211b65a9aadff29c5,03,,,,,False,,,,,,,,,,False,False
/poketool/pokegra/height.narc,/poketool/pokegra/height.narc!/member_00505,0,/poketool/pokegra/height.narc,331,505,,17744,17745,1884,1885,1,084fed08b978af4d7d196a7446a86b58009e636b611db16211b65a9aadff29c5,03,,,,,False,,,,,,,,,,False,False
/poketool/pokegra/height.narc,/poketool/pokegra/height.narc!/member_00506,0,/poketool/pokegra/height.narc,331,506,,17748,17749,1888,1889,1,01ba4719c80b6fe911b091a7c05124b64eeece964e09c058ef8f9805daca546b,0a,,,,,False,,,,,,,,,,False,False
/poketool/pokegra/height.narc,/poketool/pokegra/height.narc!/member_00507,0,/poketool/pokegra/height.narc,331,507,,17752,17753,1892,1893,1,01ba4719c80b6fe911b091a7c05124b64eeece964e09c058ef8f9805daca546b,0a,,,,,False,,,,,,,,,,False,False
/poketool/pokegra/height.narc,/poketool/pokegra/height.narc!/member_00508,0,/poketool/pokegra/height.narc,331,508,,17756,17757,1896,1897,1,beead77994cf573341ec17b58bbf7eb34d2711c993c1d976b128b3188dc1829a,08,,,,,False,,,,,,,,,,False,False
/poketool/pokegra/height.narc,/poketool/pokegra/height.narc!/member_00509,0,/poketool/pokegra/height.narc,331,509,,17760,17761,1900,1901,1,beead77994cf573341ec17b58bbf7eb34d2711c993c1d976b128b3188dc1829a,08,,,,,False,,,,,,,,,,False,False
/poketool/pokegra/height.narc,/poketool/pokegra/height.narc!/member_00510,0,/poketool/pokegra/height.narc,331,510,,17764,17765,1904,1905,1,2b4c342f5433ebe591a1da77e013d1b72475562d48578dca8b84bac6651c3cb9,09,,,,,False,,,,,,,,,,False,False
/poketool/pokegra/height.narc,/poketool/pokegra/height.narc!/member_00511,0,/poketool/pokegra/height.narc,331,511,,17768,17769,1908,1909,1,2b4c342f5433ebe591a1da77e013d1b72475562d48578dca8b84bac6651c3cb9,09,,,,,False,,,,,,,,,,False,False
/poketool/pokegra/height.narc,/poketool/pokegra/height.narc!/member_00512,0,/poketool/pokegra/height.narc,331,512,,17772,17772,1912,1912,0,e3b0c44298fc1c149afbf4c8996fb92427ae41e4649b934ca495991b7852b855,,,,,,False,,,,,,,,,,False,False
/poketool/pokegra/height.narc,/poketool/pokegra/height.narc!/member_00513,0,/poketool/pokegra/height.narc,331,513,,17772,17773,1912,1913,1,c555eab45d08845ae9f10d452a99bfcb06f74a50b988fe7e48dd323789b88ee3,10,,Nintendo LZ10,Probable,,True,Nintendo LZ10,Probable,True,,,,,,,False,False
/poketool/pokegra/height.narc,/poketool/pokegra/height.narc!/member_00514,0,/poketool/pokegra/height.narc,331,514,,17776,17776,1916,1916,0,e3b0c44298fc1c149afbf4c8996fb92427ae41e4649b934ca495991b7852b855,,,,,,False,,,,,,,,,,False,False
/poketool/pokegra/height.narc,/poketool/pokegra/height.narc!/member_00515,0,/poketool/pokegra/height.narc,331,515,,17776,17777,1916,1917,1,ef6cbd2161eaea7943ce8693b9824d23d1793ffb1c0fca05b600d3899b44c977,0c,,,,,False,,,,,,,,,,False,False
/poketool/pokegra/height.narc,/poketool/pokegra/height.narc!/member_00516,0,/poketool/pokegra/height.narc,331,516,,17780,17781,1920,1921,1,ca358758f6d27e6cf45272937977a748fd88391db679ceda7dc7bf1f005ee879,07,,,,,False,,,,,,,,,,False,False
/poketool/pokegra/height.narc,/poketool/pokegra/height.narc!/member_00517,0,/poketool/pokegra/height.narc,331,517,,17784,17785,1924,1925,1,ca358758f6d27e6cf45272937977a748fd88391db679ceda7dc7bf1f005ee879,07,,,,,False,,,,,,,,,,False,False
/poketool/pokegra/height.narc,/poketool/pokegra/height.narc!/member_00518,0,/poketool/pokegra/height.narc,331,518,,17788,17789,1928,1929,1,ef6cbd2161eaea7943ce8693b9824d23d1793ffb1c0fca05b600d3899b44c977,0c,,,,,False,,,,,,,,,,False,False
/poketool/pokegra/height.narc,/poketool/pokegra/height.narc!/member_00519,0,/poketool/pokegra/height.narc,331,519,,17792,17793,1932,1933,1,ef6cbd2161eaea7943ce8693b9824d23d1793ffb1c0fca05b600d3899b44c977,0c,,,,,False,,,,,,,,,,False,False
/poketool/pokegra/height.narc,/poketool/pokegra/height.narc!/member_00520,0,/poketool/pokegra/height.narc,331,520,,17796,17797,1936,1937,1,67586e98fad27da0b9968bc039a1ef34c939b9b8e523a8bef89d478608c5ecf6,06,,,,,False,,,,,,,,,,False,False
/poketool/pokegra/height.narc,/poketool/pokegra/height.narc!/member_00521,0,/poketool/pokegra/height.narc,331,521,,17800,17801,1940,1941,1,67586e98fad27da0b9968bc039a1ef34c939b9b8e523a8bef89d478608c5ecf6,06,,,,,False,,,,,,,,,,False,False
/poketool/pokegra/height.narc,/poketool/pokegra/height.narc!/member_00522,0,/poketool/pokegra/height.narc,331,522,,17804,17805,1944,1945,1,6e340b9cffb37a989ca544e6bb780a2c78901d3fb33738768511a30617afa01d,00,,,,,False,,,,,,,,,,False,False
/poketool/pokegra/height.narc,/poketool/pokegra/height.narc!/member_00523,0,/poketool/pokegra/height.narc,331,523,,17808,17809,1948,1949,1,6e340b9cffb37a989ca544e6bb780a2c78901d3fb33738768511a30617afa01d,00,,,,,False,,,,,,,,,,False,False
/poketool/pokegra/height.narc,/poketool/pokegra/height.narc!/member_00524,0,/poketool/pokegra/height.narc,331,524,,17812,17813,1952,1953,1,e52d9c508c502347344d8c07ad91cbd6068afc75ff6292f062a09ca381c89e71,04,,,,,False,,,,,,,,,,False,False
/poketool/pokegra/height.narc,/poketool/pokegra/height.narc!/member_00525,0,/poketool/pokegra/height.narc,331,525,,17816,17817,1956,1957,1,e52d9c508c502347344d8c07ad91cbd6068afc75ff6292f062a09ca381c89e71,04,,,,,False,,,,,,,,,,False,False
/poketool/pokegra/height.narc,/poketool/pokegra/height.narc!/member_00526,0,/poketool/pokegra/height.narc,331,526,,17820,17821,1960,1961,1,e7cf46a078fed4fafd0b5e3aff144802b853f8ae459a4f0c14add3314b7cc3a6,0b,,,,,False,,,,,,,,,,False,False
/poketool/pokegra/height.narc,/poketool/pokegra/height.narc!/member_00527,0,/poketool/pokegra/height.narc,331,527,,17824,17825,1964,1965,1,e7cf46a078fed4fafd0b5e3aff144802b853f8ae459a4f0c14add3314b7cc3a6,0b,,,,,False,,,,,,,,,,False,False
/poketool/pokegra/height.narc,/poketool/pokegra/height.narc!/member_00528,0,/poketool/pokegra/height.narc,331,528,,17828,17828,1968,1968,0,e3b0c44298fc1c149afbf4c8996fb92427ae41e4649b934ca495991b7852b855,,,,,,False,,,,,,,,,,False,False
/poketool/pokegra/height.narc,/poketool/pokegra/height.narc!/member_00529,0,/poketool/pokegra/height.narc,331,529,,17828,17829,1968,1969,1,2f0fd1e89b8de1d57292742ec380ea47066e307ad645f5bc3adad8a06ff58608,15,,,,,False,,,,,,,,,,False,False
/poketool/pokegra/height.narc,/poketool/pokegra/height.narc!/member_00530,0,/poketool/pokegra/height.narc,331,530,,17832,17832,1972,1972,0,e3b0c44298fc1c149afbf4c8996fb92427ae41e4649b934ca495991b7852b855,,,,,,False,,,,,,,,,,False,False
/poketool/pokegra/height.narc,/poketool/pokegra/height.narc!/member_00531,0,/poketool/pokegra/height.narc,331,531,,17832,17833,1972,1973,1,58f7b0780592032e4d8602a3e8690fb2c701b2e1dd546e703445aabd6469734d,1a,,,,,False,,,,,,,,,,False,False
/poketool/pokegra/height.narc,/poketool/pokegra/height.narc!/member_00532,0,/poketool/pokegra/height.narc,331,532,,17836,17837,1976,1977,1,e7cf46a078fed4fafd0b5e3aff144802b853f8ae459a4f0c14add3314b7cc3a6,0b,,,,,False,,,,,,,,,,False,False
/poketool/pokegra/height.narc,/poketool/pokegra/height.narc!/member_00533,0,/poketool/pokegra/height.narc,331,533,,17840,17841,1980,1981,1,e7cf46a078fed4fafd0b5e3aff144802b853f8ae459a4f0c14add3314b7cc3a6,0b,,,,,False,,,,,,,,,,False,False
/poketool/pokegra/height.narc,/poketool/pokegra/height.narc!/member_00534,0,/poketool/pokegra/height.narc,331,534,,17844,17845,1984,1985,1,ab897fbdedfa502b2d839b6a56100887dccdc507555c282e59589e06300a62e2,13,,,,,False,,,,,,,,,,False,False
/poketool/pokegra/height.narc,/poketool/pokegra/height.narc!/member_00535,0,/poketool/pokegra/height.narc,331,535,,17848,17849,1988,1989,1,ab897fbdedfa502b2d839b6a56100887dccdc507555c282e59589e06300a62e2,13,,,,,False,,,,,,,,,,False,False
/poketool/pokegra/height.narc,/poketool/pokegra/height.narc!/member_00536,0,/poketool/pokegra/height.narc,331,536,,17852,17853,1992,1993,1,67586e98fad27da0b9968bc039a1ef34c939b9b8e523a8bef89d478608c5ecf6,06,,,,,False,,,,,,,,,,False,False
/poketool/pokegra/height.narc,/poketool/pokegra/height.narc!/member_00537,0,/poketool/pokegra/height.narc,331,537,,17856,17857,1996,1997,1,67586e98fad27da0b9968bc039a1ef34c939b9b8e523a8bef89d478608c5ecf6,06,,,,,False,,,,,,,,,,False,False
/poketool/pokegra/height.narc,/poketool/pokegra/height.narc!/member_00538,0,/poketool/pokegra/height.narc,331,538,,17860,17861,2000,2001,1,e7cf46a078fed4fafd0b5e3aff144802b853f8ae459a4f0c14add3314b7cc3a6,0b,,,,,False,,,,,,,,,,False,False
/poketool/pokegra/height.narc,/poketool/pokegra/height.narc!/member_00539,0,/poketool/pokegra/height.narc,331,539,,17864,17865,2004,2005,1,e7cf46a078fed4fafd0b5e3aff144802b853f8ae459a4f0c14add3314b7cc3a6,0b,,,,,False,,,,,,,,,,False,False
/poketool/pokegra/height.narc,/poketool/pokegra/height.narc!/member_00540,0,/poketool/pokegra/height.narc,331,540,,17868,17869,2008,2009,1,ca358758f6d27e6cf45272937977a748fd88391db679ceda7dc7bf1f005ee879,07,,,,,False,,,,,,,,,,False,False
/poketool/pokegra/height.narc,/poketool/pokegra/height.narc!/member_00541,0,/poketool/pokegra/height.narc,331,541,,17872,17873,2012,2013,1,ca358758f6d27e6cf45272937977a748fd88391db679ceda7dc7bf1f005ee879,07,,,,,False,,,,,,,,,,False,False
/poketool/pokegra/height.narc,/poketool/pokegra/height.narc!/member_00542,0,/poketool/pokegra/height.narc,331,542,,17876,17877,2016,2017,1,4a64a107f0cb32536e5bce6c98c393db21cca7f4ea187ba8c4dca8b51d4ea80a,11,,Nintendo LZ11,Probable,,True,Nintendo LZ11,Probable,True,,,,,,,False,False
/poketool/pokegra/height.narc,/poketool/pokegra/height.narc!/member_00543,0,/poketool/pokegra/height.narc,331,543,,17880,17881,2020,2021,1,4a64a107f0cb32536e5bce6c98c393db21cca7f4ea187ba8c4dca8b51d4ea80a,11,,Nintendo LZ11,Probable,,True,Nintendo LZ11,Probable,True,,,,,,,False,False
/poketool/pokegra/height.narc,/poketool/pokegra/height.narc!/member_00544,0,/poketool/pokegra/height.narc,331,544,,17884,17885,2024,2025,1,2b4c342f5433ebe591a1da77e013d1b72475562d48578dca8b84bac6651c3cb9,09,,,,,False,,,,,,,,,,False,False
/poketool/pokegra/height.narc,/poketool/pokegra/height.narc!/member_00545,0,/poketool/pokegra/height.narc,331,545,,17888,17889,2028,2029,1,2b4c342f5433ebe591a1da77e013d1b72475562d48578dca8b84bac6651c3cb9,09,,,,,False,,,,,,,,,,False,False
/poketool/pokegra/height.narc,/poketool/pokegra/height.narc!/member_00546,0,/poketool/pokegra/height.narc,331,546,,17892,17893,2032,2033,1,f299791cddd3d6664f6670842812ef6053eb6501bd6282a476bbbf3ee91e750c,12,,,,,False,,,,,,,,,,False,False
/poketool/pokegra/height.narc,/poketool/pokegra/height.narc!/member_00547,0,/poketool/pokegra/height.narc,331,547,,17896,17897,2036,2037,1,f299791cddd3d6664f6670842812ef6053eb6501bd6282a476bbbf3ee91e750c,12,,,,,False,,,,,,,,,,False,False
/poketool/pokegra/height.narc,/poketool/pokegra/height.narc!/member_00548,0,/poketool/pokegra/height.narc,331,548,,17900,17900,2040,2040,0,e3b0c44298fc1c149afbf4c8996fb92427ae41e4649b934ca495991b7852b855,,,,,,False,,,,,,,,,,False,False
/poketool/pokegra/height.narc,/poketool/pokegra/height.narc!/member_00549,0,/poketool/pokegra/height.narc,331,549,,17900,17901,2040,2041,1,c555eab45d08845ae9f10d452a99bfcb06f74a50b988fe7e48dd323789b88ee3,10,,Nintendo LZ10,Probable,,True,Nintendo LZ10,Probable,True,,,,,,,False,False
/poketool/pokegra/height.narc,/poketool/pokegra/height.narc!/member_00550,0,/poketool/pokegra/height.narc,331,550,,17904,17904,2044,2044,0,e3b0c44298fc1c149afbf4c8996fb92427ae41e4649b934ca495991b7852b855,,,,,,False,,,,,,,,,,False,False
/poketool/pokegra/height.narc,/poketool/pokegra/height.narc!/member_00551,0,/poketool/pokegra/height.narc,331,551,,17904,17905,2044,2045,1,83891d7fe85c33e52c8b4e5814c92fb6a3b9467299200538a6babaa8b452d879,14,,,,,False,,,,,,,,,,False,False
/poketool/pokegra/height.narc,/poketool/pokegra/height.narc!/member_00552,0,/poketool/pokegra/height.narc,331,552,,17908,17909,2048,2049,1,9d1e0e2d9459d06523ad13e28a4093c2316baafe7aec5b25f30eba2e113599c4,0d,,,,,False,,,,,,,,,,False,False
/poketool/pokegra/height.narc,/poketool/pokegra/height.narc!/member_00553,0,/poketool/pokegra/height.narc,331,553,,17912,17913,2052,2053,1,9d1e0e2d9459d06523ad13e28a4093c2316baafe7aec5b25f30eba2e113599c4,0d,,,,,False,,,,,,,,,,False,False
/poketool/pokegra/height.narc,/poketool/pokegra/height.narc!/member_00554,0,/poketool/pokegra/height.narc,331,554,,17916,17917,2056,2057,1,8f11b05da785e43e713d03774c6bd3405d99cd3024af334ffd68db663aa37034,17,,,,,False,,,,,,,,,,False,False
/poketool/pokegra/height.narc,/poketool/pokegra/height.narc!/member_00555,0,/poketool/pokegra/height.narc,331,555,,17920,17921,2060,2061,1,8f11b05da785e43e713d03774c6bd3405d99cd3024af334ffd68db663aa37034,17,,,,,False,,,,,,,,,,False,False
/poketool/pokegra/height.narc,/poketool/pokegra/height.narc!/member_00556,0,/poketool/pokegra/height.narc,331,556,,17924,17925,2064,2065,1,2b4c342f5433ebe591a1da77e013d1b72475562d48578dca8b84bac6651c3cb9,09,,,,,False,,,,,,,,,,False,False
/poketool/pokegra/height.narc,/poketool/pokegra/height.narc!/member_00557,0,/poketool/pokegra/height.narc,331,557,,17928,17929,2068,2069,1,2b4c342f5433ebe591a1da77e013d1b72475562d48578dca8b84bac6651c3cb9,09,,,,,False,,,,,,,,,,False,False
/poketool/pokegra/height.narc,/poketool/pokegra/height.narc!/member_00558,0,/poketool/pokegra/height.narc,331,558,,17932,17933,2072,2073,1,c555eab45d08845ae9f10d452a99bfcb06f74a50b988fe7e48dd323789b88ee3,10,,Nintendo LZ10,Probable,,True,Nintendo LZ10,Probable,True,,,,,,,False,False
/poketool/pokegra/height.narc,/poketool/pokegra/height.narc!/member_00559,0,/poketool/pokegra/height.narc,331,559,,17936,17937,2076,2077,1,c555eab45d08845ae9f10d452a99bfcb06f74a50b988fe7e48dd323789b88ee3,10,,Nintendo LZ10,Probable,,True,Nintendo LZ10,Probable,True,,,,,,,False,False
/poketool/pokegra/height.narc,/poketool/pokegra/height.narc!/member_00560,0,/poketool/pokegra/height.narc,331,560,,17940,17941,2080,2081,1,ab897fbdedfa502b2d839b6a56100887dccdc507555c282e59589e06300a62e2,13,,,,,False,,,,,,,,,,False,False
/poketool/pokegra/height.narc,/poketool/pokegra/height.narc!/member_00561,0,/poketool/pokegra/height.narc,331,561,,17944,17945,2084,2085,1,ab897fbdedfa502b2d839b6a56100887dccdc507555c282e59589e06300a62e2,13,,,,,False,,,,,,,,,,False,False
/poketool/pokegra/height.narc,/poketool/pokegra/height.narc!/member_00562,0,/poketool/pokegra/height.narc,331,562,,17948,17949,2088,2089,1,68aa2e2ee5dff96e3355e6c7ee373e3d6a4e17f75f9518d843709c0c9bc3e3d4,19,,,,,False,,,,,,,,,,False,False
/poketool/pokegra/height.narc,/poketool/pokegra/height.narc!/member_00563,0,/poketool/pokegra/height.narc,331,563,,17952,17953,2092,2093,1,68aa2e2ee5dff96e3355e6c7ee373e3d6a4e17f75f9518d843709c0c9bc3e3d4,19,,,,,False,,,,,,,,,,False,False
/poketool/pokegra/height.narc,/poketool/pokegra/height.narc!/member_00564,0,/poketool/pokegra/height.narc,331,564,,17956,17957,2096,2097,1,ca358758f6d27e6cf45272937977a748fd88391db679ceda7dc7bf1f005ee879,07,,,,,False,,,,,,,,,,False,False
/poketool/pokegra/height.narc,/poketool/pokegra/height.narc!/member_00565,0,/poketool/pokegra/height.narc,331,565,,17960,17961,2100,2101,1,ca358758f6d27e6cf45272937977a748fd88391db679ceda7dc7bf1f005ee879,07,,,,,False,,,,,,,,,,False,False
/poketool/pokegra/height.narc,/poketool/pokegra/height.narc!/member_00566,0,/poketool/pokegra/height.narc,331,566,,17964,17965,2104,2105,1,beead77994cf573341ec17b58bbf7eb34d2711c993c1d976b128b3188dc1829a,08,,,,,False,,,,,,,,,,False,False
/poketool/pokegra/height.narc,/poketool/pokegra/height.narc!/member_00567,0,/poketool/pokegra/height.narc,331,567,,17968,17969,2108,2109,1,beead77994cf573341ec17b58bbf7eb34d2711c993c1d976b128b3188dc1829a,08,,,,,False,,,,,,,,,,False,False
/poketool/pokegra/height.narc,/poketool/pokegra/height.narc!/member_00568,0,/poketool/pokegra/height.narc,331,568,,17972,17973,2112,2113,1,ef6cbd2161eaea7943ce8693b9824d23d1793ffb1c0fca05b600d3899b44c977,0c,,,,,False,,,,,,,,,,False,False
/poketool/pokegra/height.narc,/poketool/pokegra/height.narc!/member_00569,0,/poketool/pokegra/height.narc,331,569,,17976,17977,2116,2117,1,ef6cbd2161eaea7943ce8693b9824d23d1793ffb1c0fca05b600d3899b44c977,0c,,,,,False,,,,,,,,,,False,False
/poketool/pokegra/height.narc,/poketool/pokegra/height.narc!/member_00570,0,/poketool/pokegra/height.narc,331,570,,17980,17981,2120,2121,1,e7cf46a078fed4fafd0b5e3aff144802b853f8ae459a4f0c14add3314b7cc3a6,0b,,,,,False,,,,,,,,,,False,False
/poketool/pokegra/height.narc,/poketool/pokegra/height.narc!/member_00571,0,/poketool/pokegra/height.narc,331,571,,17984,17985,2124,2125,1,e7cf46a078fed4fafd0b5e3aff144802b853f8ae459a4f0c14add3314b7cc3a6,0b,,,,,False,,,,,,,,,,False,False
/poketool/pokegra/height.narc,/poketool/pokegra/height.narc!/member_00572,0,/poketool/pokegra/height.narc,331,572,,17988,17989,2128,2129,1,c555eab45d08845ae9f10d452a99bfcb06f74a50b988fe7e48dd323789b88ee3,10,,Nintendo LZ10,Probable,,True,Nintendo LZ10,Probable,True,,,,,,,False,False
/poketool/pokegra/height.narc,/poketool/pokegra/height.narc!/member_00573,0,/poketool/pokegra/height.narc,331,573,,17992,17993,2132,2133,1,c555eab45d08845ae9f10d452a99bfcb06f74a50b988fe7e48dd323789b88ee3,10,,Nintendo LZ10,Probable,,True,Nintendo LZ10,Probable,True,,,,,,,False,False
/poketool/pokegra/height.narc,/poketool/pokegra/height.narc!/member_00574,0,/poketool/pokegra/height.narc,331,574,,17996,17997,2136,2137,1,67586e98fad27da0b9968bc039a1ef34c939b9b8e523a8bef89d478608c5ecf6,06,,,,,False,,,,,,,,,,False,False
/poketool/pokegra/height.narc,/poketool/pokegra/height.narc!/member_00575,0,/poketool/pokegra/height.narc,331,575,,18000,18001,2140,2141,1,67586e98fad27da0b9968bc039a1ef34c939b9b8e523a8bef89d478608c5ecf6,06,,,,,False,,,,,,,,,,False,False
/poketool/pokegra/height.narc,/poketool/pokegra/height.narc!/member_00576,0,/poketool/pokegra/height.narc,331,576,,18004,18004,2144,2144,0,e3b0c44298fc1c149afbf4c8996fb92427ae41e4649b934ca495991b7852b855,,,,,,False,,,,,,,,,,False,False
/poketool/pokegra/height.narc,/poketool/pokegra/height.narc!/member_00577,0,/poketool/pokegra/height.narc,331,577,,18004,18005,2144,2145,1,67586e98fad27da0b9968bc039a1ef34c939b9b8e523a8bef89d478608c5ecf6,06,,,,,False,,,,,,,,,,False,False
/poketool/pokegra/height.narc,/poketool/pokegra/height.narc!/member_00578,0,/poketool/pokegra/height.narc,331,578,,18008,18008,2148,2148,0,e3b0c44298fc1c149afbf4c8996fb92427ae41e4649b934ca495991b7852b855,,,,,,False,,,,,,,,,,False,False
/poketool/pokegra/height.narc,/poketool/pokegra/height.narc!/member_00579,0,/poketool/pokegra/height.narc,331,579,,18008,18009,2148,2149,1,e77b9a9ae9e30b0dbdb6f510a264ef9de781501d7b6b92ae89eb059c5ab743db,05,,,,,False,,,,,,,,,,False,False
/poketool/pokegra/height.narc,/poketool/pokegra/height.narc!/member_00580,0,/poketool/pokegra/height.narc,331,580,,18012,18012,2152,2152,0,e3b0c44298fc1c149afbf4c8996fb92427ae41e4649b934ca495991b7852b855,,,,,,False,,,,,,,,,,False,False
/poketool/pokegra/height.narc,/poketool/pokegra/height.narc!/member_00581,0,/poketool/pokegra/height.narc,331,581,,18012,18013,2152,2153,1,dc0e9c3658a1a3ed1ec94274d8b19925c93e1abb7ddba294923ad9bde30f8cb8,0f,,,,,False,,,,,,,,,,False,False
/poketool/pokegra/height.narc,/poketool/pokegra/height.narc!/member_00582,0,/poketool/pokegra/height.narc,331,582,,18016,18016,2156,2156,0,e3b0c44298fc1c149afbf4c8996fb92427ae41e4649b934ca495991b7852b855,,,,,,False,,,,,,,,,,False,False
/poketool/pokegra/height.narc,/poketool/pokegra/height.narc!/member_00583,0,/poketool/pokegra/height.narc,331,583,,18016,18017,2156,2157,1,ca358758f6d27e6cf45272937977a748fd88391db679ceda7dc7bf1f005ee879,07,,,,,False,,,,,,,,,,False,False
/poketool/pokegra/height.narc,/poketool/pokegra/height.narc!/member_00584,0,/poketool/pokegra/height.narc,331,584,,18020,18020,2160,2160,0,e3b0c44298fc1c149afbf4c8996fb92427ae41e4649b934ca495991b7852b855,,,,,,False,,,,,,,,,,False,False
/poketool/pokegra/height.narc,/poketool/pokegra/height.narc!/member_00585,0,/poketool/pokegra/height.narc,331,585,,18020,18021,2160,2161,1,67586e98fad27da0b9968bc039a1ef34c939b9b8e523a8bef89d478608c5ecf6,06,,,,,False,,,,,,,,,,False,False
/poketool/pokegra/height.narc,/poketool/pokegra/height.narc!/member_00586,0,/poketool/pokegra/height.narc,331,586,,18024,18024,2164,2164,0,e3b0c44298fc1c149afbf4c8996fb92427ae41e4649b934ca495991b7852b855,,,,,,False,,,,,,,,,,False,False
/poketool/pokegra/height.narc,/poketool/pokegra/height.narc!/member_00587,0,/poketool/pokegra/height.narc,331,587,,18024,18025,2164,2165,1,67586e98fad27da0b9968bc039a1ef34c939b9b8e523a8bef89d478608c5ecf6,06,,,,,False,,,,,,,,,,False,False
/poketool/pokegra/height.narc,/poketool/pokegra/height.narc!/member_00588,0,/poketool/pokegra/height.narc,331,588,,18028,18029,2168,2169,1,01ba4719c80b6fe911b091a7c05124b64eeece964e09c058ef8f9805daca546b,0a,,,,,False,,,,,,,,,,False,False
/poketool/pokegra/height.narc,/poketool/pokegra/height.narc!/member_00589,0,/poketool/pokegra/height.narc,331,589,,18032,18033,2172,2173,1,01ba4719c80b6fe911b091a7c05124b64eeece964e09c058ef8f9805daca546b,0a,,,,,False,,,,,,,,,,False,False
/poketool/pokegra/height.narc,/poketool/pokegra/height.narc!/member_00590,0,/poketool/pokegra/height.narc,331,590,,18036,18037,2176,2177,1,f299791cddd3d6664f6670842812ef6053eb6501bd6282a476bbbf3ee91e750c,12,,,,,False,,,,,,,,,,False,False
/poketool/pokegra/height.narc,/poketool/pokegra/height.narc!/member_00591,0,/poketool/pokegra/height.narc,331,591,,18040,18041,2180,2181,1,f299791cddd3d6664f6670842812ef6053eb6501bd6282a476bbbf3ee91e750c,12,,,,,False,,,,,,,,,,False,False
/poketool/pokegra/height.narc,/poketool/pokegra/height.narc!/member_00592,0,/poketool/pokegra/height.narc,331,592,,18044,18045,2184,2185,1,e77b9a9ae9e30b0dbdb6f510a264ef9de781501d7b6b92ae89eb059c5ab743db,05,,,,,False,,,,,,,,,,False,False
/poketool/pokegra/height.narc,/poketool/pokegra/height.narc!/member_00593,0,/poketool/pokegra/height.narc,331,593,,18048,18049,2188,2189,1,e77b9a9ae9e30b0dbdb6f510a264ef9de781501d7b6b92ae89eb059c5ab743db,05,,,,,False,,,,,,,,,,False,False
/poketool/pokegra/height.narc,/poketool/pokegra/height.narc!/member_00594,0,/poketool/pokegra/height.narc,331,594,,18052,18053,2192,2193,1,01ba4719c80b6fe911b091a7c05124b64eeece964e09c058ef8f9805daca546b,0a,,,,,False,,,,,,,,,,False,False
/poketool/pokegra/height.narc,/poketool/pokegra/height.narc!/member_00595,0,/poketool/pokegra/height.narc,331,595,,18056,18057,2196,2197,1,01ba4719c80b6fe911b091a7c05124b64eeece964e09c058ef8f9805daca546b,0a,,,,,False,,,,,,,,,,False,False
/poketool/pokegra/height.narc,/poketool/pokegra/height.narc!/member_00596,0,/poketool/pokegra/height.narc,331,596,,18060,18061,2200,2201,1,4bf5122f344554c53bde2ebb8cd2b7e3d1600ad631c385a5d7cce23c7785459a,01,,,,,False,,,,,,,,,,False,False
/poketool/pokegra/height.narc,/poketool/pokegra/height.narc!/member_00597,0,/poketool/pokegra/height.narc,331,597,,18064,18065,2204,2205,1,4bf5122f344554c53bde2ebb8cd2b7e3d1600ad631c385a5d7cce23c7785459a,01,,,,,False,,,,,,,,,,False,False
/poketool/pokegra/height.narc,/poketool/pokegra/height.narc!/member_00598,0,/poketool/pokegra/height.narc,331,598,,18068,18069,2208,2209,1,67586e98fad27da0b9968bc039a1ef34c939b9b8e523a8bef89d478608c5ecf6,06,,,,,False,,,,,,,,,,False,False
/poketool/pokegra/height.narc,/poketool/pokegra/height.narc!/member_00599,0,/poketool/pokegra/height.narc,331,599,,18072,18073,2212,2213,1,67586e98fad27da0b9968bc039a1ef34c939b9b8e523a8bef89d478608c5ecf6,06,,,,,False,,,,,,,,,,False,False
/poketool/pokegra/height.narc,/poketool/pokegra/height.narc!/member_00600,0,/poketool/pokegra/height.narc,331,600,,18076,18076,2216,2216,0,e3b0c44298fc1c149afbf4c8996fb92427ae41e4649b934ca495991b7852b855,,,,,,False,,,,,,,,,,False,False
/poketool/pokegra/height.narc,/poketool/pokegra/height.narc!/member_00601,0,/poketool/pokegra/height.narc,331,601,,18076,18077,2216,2217,1,4bf5122f344554c53bde2ebb8cd2b7e3d1600ad631c385a5d7cce23c7785459a,01,,,,,False,,,,,,,,,,False,False
/poketool/pokegra/height.narc,/poketool/pokegra/height.narc!/member_00602,0,/poketool/pokegra/height.narc,331,602,,18080,18080,2220,2220,0,e3b0c44298fc1c149afbf4c8996fb92427ae41e4649b934ca495991b7852b855,,,,,,False,,,,,,,,,,False,False
/poketool/pokegra/height.narc,/poketool/pokegra/height.narc!/member_00603,0,/poketool/pokegra/height.narc,331,603,,18080,18081,2220,2221,1,e77b9a9ae9e30b0dbdb6f510a264ef9de781501d7b6b92ae89eb059c5ab743db,05,,,,,False,,,,,,,,,,False,False
/poketool/pokegra/height.narc,/poketool/pokegra/height.narc!/member_00604,0,/poketool/pokegra/height.narc,331,604,,18084,18084,2224,2224,0,e3b0c44298fc1c149afbf4c8996fb92427ae41e4649b934ca495991b7852b855,,,,,,False,,,,,,,,,,False,False
/poketool/pokegra/height.narc,/poketool/pokegra/height.narc!/member_00605,0,/poketool/pokegra/height.narc,331,605,,18084,18085,2224,2225,1,6e340b9cffb37a989ca544e6bb780a2c78901d3fb33738768511a30617afa01d,00,,,,,False,,,,,,,,,,False,False
/poketool/pokegra/height.narc,/poketool/pokegra/height.narc!/member_00606,0,/poketool/pokegra/height.narc,331,606,,18088,18088,2228,2228,0,e3b0c44298fc1c149afbf4c8996fb92427ae41e4649b934ca495991b7852b855,,,,,,False,,,,,,,,,,False,False
/poketool/pokegra/height.narc,/poketool/pokegra/height.narc!/member_00607,0,/poketool/pokegra/height.narc,331,607,,18088,18089,2228,2229,1,ab897fbdedfa502b2d839b6a56100887dccdc507555c282e59589e06300a62e2,13,,,,,False,,,,,,,,,,False,False
/poketool/pokegra/height.narc,/poketool/pokegra/height.narc!/member_00608,0,/poketool/pokegra/height.narc,331,608,,18092,18093,2232,2233,1,ef6cbd2161eaea7943ce8693b9824d23d1793ffb1c0fca05b600d3899b44c977,0c,,,,,False,,,,,,,,,,False,False
/poketool/pokegra/height.narc,/poketool/pokegra/height.narc!/member_00609,0,/poketool/pokegra/height.narc,331,609,,18096,18097,2236,2237,1,ef6cbd2161eaea7943ce8693b9824d23d1793ffb1c0fca05b600d3899b44c977,0c,,,,,False,,,,,,,,,,False,False
/poketool/pokegra/height.narc,/poketool/pokegra/height.narc!/member_00610,0,/poketool/pokegra/height.narc,331,610,,18100,18101,2240,2241,1,c555eab45d08845ae9f10d452a99bfcb06f74a50b988fe7e48dd323789b88ee3,10,,Nintendo LZ10,Probable,,True,Nintendo LZ10,Probable,True,,,,,,,False,False
/poketool/pokegra/height.narc,/poketool/pokegra/height.narc!/member_00611,0,/poketool/pokegra/height.narc,331,611,,18104,18105,2244,2245,1,c555eab45d08845ae9f10d452a99bfcb06f74a50b988fe7e48dd323789b88ee3,10,,Nintendo LZ10,Probable,,True,Nintendo LZ10,Probable,True,,,,,,,False,False
/poketool/pokegra/height.narc,/poketool/pokegra/height.narc!/member_00612,0,/poketool/pokegra/height.narc,331,612,,18108,18109,2248,2249,1,67586e98fad27da0b9968bc039a1ef34c939b9b8e523a8bef89d478608c5ecf6,06,,,,,False,,,,,,,,,,False,False
/poketool/pokegra/height.narc,/poketool/pokegra/height.narc!/member_00613,0,/poketool/pokegra/height.narc,331,613,,18112,18113,2252,2253,1,67586e98fad27da0b9968bc039a1ef34c939b9b8e523a8bef89d478608c5ecf6,06,,,,,False,,,,,,,,,,False,False
/poketool/pokegra/height.narc,/poketool/pokegra/height.narc!/member_00614,0,/poketool/pokegra/height.narc,331,614,,18116,18117,2256,2257,1,2b4c342f5433ebe591a1da77e013d1b72475562d48578dca8b84bac6651c3cb9,09,,,,,False,,,,,,,,,,False,False
/poketool/pokegra/height.narc,/poketool/pokegra/height.narc!/member_00615,0,/poketool/pokegra/height.narc,331,615,,18120,18121,2260,2261,1,2b4c342f5433ebe591a1da77e013d1b72475562d48578dca8b84bac6651c3cb9,09,,,,,False,,,,,,,,,,False,False
/poketool/pokegra/height.narc,/poketool/pokegra/height.narc!/member_00616,0,/poketool/pokegra/height.narc,331,616,,18124,18125,2264,2265,1,dbc1b4c900ffe48d575b5da5c638040125f65db0fe3e24494b76ea986457d986,02,,,,,False,,,,,,,,,,False,False
/poketool/pokegra/height.narc,/poketool/pokegra/height.narc!/member_00617,0,/poketool/pokegra/height.narc,331,617,,18128,18129,2268,2269,1,dbc1b4c900ffe48d575b5da5c638040125f65db0fe3e24494b76ea986457d986,02,,,,,False,,,,,,,,,,False,False
/poketool/pokegra/height.narc,/poketool/pokegra/height.narc!/member_00618,0,/poketool/pokegra/height.narc,331,618,,18132,18133,2272,2273,1,084fed08b978af4d7d196a7446a86b58009e636b611db16211b65a9aadff29c5,03,,,,,False,,,,,,,,,,False,False
/poketool/pokegra/height.narc,/poketool/pokegra/height.narc!/member_00619,0,/poketool/pokegra/height.narc,331,619,,18136,18137,2276,2277,1,084fed08b978af4d7d196a7446a86b58009e636b611db16211b65a9aadff29c5,03,,,,,False,,,,,,,,,,False,False
/poketool/pokegra/height.narc,/poketool/pokegra/height.narc!/member_00620,0,/poketool/pokegra/height.narc,331,620,,18140,18141,2280,2281,1,e52d9c508c502347344d8c07ad91cbd6068afc75ff6292f062a09ca381c89e71,04,,,,,False,,,,,,,,,,False,False
/poketool/pokegra/height.narc,/poketool/pokegra/height.narc!/member_00621,0,/poketool/pokegra/height.narc,331,621,,18144,18145,2284,2285,1,e52d9c508c502347344d8c07ad91cbd6068afc75ff6292f062a09ca381c89e71,04,,,,,False,,,,,,,,,,False,False
/poketool/pokegra/height.narc,/poketool/pokegra/height.narc!/member_00622,0,/poketool/pokegra/height.narc,331,622,,18148,18149,2288,2289,1,83891d7fe85c33e52c8b4e5814c92fb6a3b9467299200538a6babaa8b452d879,14,,,,,False,,,,,,,,,,False,False
/poketool/pokegra/height.narc,/poketool/pokegra/height.narc!/member_00623,0,/poketool/pokegra/height.narc,331,623,,18152,18153,2292,2293,1,83891d7fe85c33e52c8b4e5814c92fb6a3b9467299200538a6babaa8b452d879,14,,,,,False,,,,,,,,,,False,False
/poketool/pokegra/height.narc,/poketool/pokegra/height.narc!/member_00624,0,/poketool/pokegra/height.narc,331,624,,18156,18157,2296,2297,1,6e340b9cffb37a989ca544e6bb780a2c78901d3fb33738768511a30617afa01d,00,,,,,False,,,,,,,,,,False,False
/poketool/pokegra/height.narc,/poketool/pokegra/height.narc!/member_00625,0,/poketool/pokegra/height.narc,331,625,,18160,18161,2300,2301,1,6e340b9cffb37a989ca544e6bb780a2c78901d3fb33738768511a30617afa01d,00,,,,,False,,,,,,,,,,False,False
/poketool/pokegra/height.narc,/poketool/pokegra/height.narc!/member_00626,0,/poketool/pokegra/height.narc,331,626,,18164,18165,2304,2305,1,c555eab45d08845ae9f10d452a99bfcb06f74a50b988fe7e48dd323789b88ee3,10,,Nintendo LZ10,Probable,,True,Nintendo LZ10,Probable,True,,,,,,,False,False
/poketool/pokegra/height.narc,/poketool/pokegra/height.narc!/member_00627,0,/poketool/pokegra/height.narc,331,627,,18168,18169,2308,2309,1,c555eab45d08845ae9f10d452a99bfcb06f74a50b988fe7e48dd323789b88ee3,10,,Nintendo LZ10,Probable,,True,Nintendo LZ10,Probable,True,,,,,,,False,False
/poketool/pokegra/height.narc,/poketool/pokegra/height.narc!/member_00628,0,/poketool/pokegra/height.narc,331,628,,18172,18173,2312,2313,1,e52d9c508c502347344d8c07ad91cbd6068afc75ff6292f062a09ca381c89e71,04,,,,,False,,,,,,,,,,False,False
/poketool/pokegra/height.narc,/poketool/pokegra/height.narc!/member_00629,0,/poketool/pokegra/height.narc,331,629,,18176,18177,2316,2317,1,e52d9c508c502347344d8c07ad91cbd6068afc75ff6292f062a09ca381c89e71,04,,,,,False,,,,,,,,,,False,False
/poketool/pokegra/height.narc,/poketool/pokegra/height.narc!/member_00630,0,/poketool/pokegra/height.narc,331,630,,18180,18181,2320,2321,1,e77b9a9ae9e30b0dbdb6f510a264ef9de781501d7b6b92ae89eb059c5ab743db,05,,,,,False,,,,,,,,,,False,False
/poketool/pokegra/height.narc,/poketool/pokegra/height.narc!/member_00631,0,/poketool/pokegra/height.narc,331,631,,18184,18185,2324,2325,1,e77b9a9ae9e30b0dbdb6f510a264ef9de781501d7b6b92ae89eb059c5ab743db,05,,,,,False,,,,,,,,,,False,False
/poketool/pokegra/height.narc,/poketool/pokegra/height.narc!/member_00632,0,/poketool/pokegra/height.narc,331,632,,18188,18189,2328,2329,1,ef6cbd2161eaea7943ce8693b9824d23d1793ffb1c0fca05b600d3899b44c977,0c,,,,,False,,,,,,,,,,False,False
/poketool/pokegra/height.narc,/poketool/pokegra/height.narc!/member_00633,0,/poketool/pokegra/height.narc,331,633,,18192,18193,2332,2333,1,ef6cbd2161eaea7943ce8693b9824d23d1793ffb1c0fca05b600d3899b44c977,0c,,,,,False,,,,,,,,,,False,False
/poketool/pokegra/height.narc,/poketool/pokegra/height.narc!/member_00634,0,/poketool/pokegra/height.narc,331,634,,18196,18197,2336,2337,1,7cb7c4547cf2653590d7a9ace60cc623d25148adfbc88a89aeb0ef88da7839ba,16,,,,,False,,,,,,,,,,False,False
/poketool/pokegra/height.narc,/poketool/pokegra/height.narc!/member_00635,0,/poketool/pokegra/height.narc,331,635,,18200,18201,2340,2341,1,7cb7c4547cf2653590d7a9ace60cc623d25148adfbc88a89aeb0ef88da7839ba,16,,,,,False,,,,,,,,,,False,False
/poketool/pokegra/height.narc,/poketool/pokegra/height.narc!/member_00636,0,/poketool/pokegra/height.narc,331,636,,18204,18205,2344,2345,1,084fed08b978af4d7d196a7446a86b58009e636b611db16211b65a9aadff29c5,03,,,,,False,,,,,,,,,,False,False
/poketool/pokegra/height.narc,/poketool/pokegra/height.narc!/member_00637,0,/poketool/pokegra/height.narc,331,637,,18208,18209,2348,2349,1,084fed08b978af4d7d196a7446a86b58009e636b611db16211b65a9aadff29c5,03,,,,,False,,,,,,,,,,False,False
/poketool/pokegra/height.narc,/poketool/pokegra/height.narc!/member_00638,0,/poketool/pokegra/height.narc,331,638,,18212,18213,2352,2353,1,9d1e0e2d9459d06523ad13e28a4093c2316baafe7aec5b25f30eba2e113599c4,0d,,,,,False,,,,,,,,,,False,False
/poketool/pokegra/height.narc,/poketool/pokegra/height.narc!/member_00639,0,/poketool/pokegra/height.narc,331,639,,18216,18217,2356,2357,1,9d1e0e2d9459d06523ad13e28a4093c2316baafe7aec5b25f30eba2e113599c4,0d,,,,,False,,,,,,,,,,False,False
/poketool/pokegra/height.narc,/poketool/pokegra/height.narc!/member_00640,0,/poketool/pokegra/height.narc,331,640,,18220,18221,2360,2361,1,084fed08b978af4d7d196a7446a86b58009e636b611db16211b65a9aadff29c5,03,,,,,False,,,,,,,,,,False,False
/poketool/pokegra/height.narc,/poketool/pokegra/height.narc!/member_00641,0,/poketool/pokegra/height.narc,331,641,,18224,18225,2364,2365,1,084fed08b978af4d7d196a7446a86b58009e636b611db16211b65a9aadff29c5,03,,,,,False,,,,,,,,,,False,False
/poketool/pokegra/height.narc,/poketool/pokegra/height.narc!/member_00642,0,/poketool/pokegra/height.narc,331,642,,18228,18229,2368,2369,1,e77b9a9ae9e30b0dbdb6f510a264ef9de781501d7b6b92ae89eb059c5ab743db,05,,,,,False,,,,,,,,,,False,False
/poketool/pokegra/height.narc,/poketool/pokegra/height.narc!/member_00643,0,/poketool/pokegra/height.narc,331,643,,18232,18233,2372,2373,1,e77b9a9ae9e30b0dbdb6f510a264ef9de781501d7b6b92ae89eb059c5ab743db,05,,,,,False,,,,,,,,,,False,False
/poketool/pokegra/height.narc,/poketool/pokegra/height.narc!/member_00644,0,/poketool/pokegra/height.narc,331,644,,18236,18237,2376,2377,1,4bf5122f344554c53bde2ebb8cd2b7e3d1600ad631c385a5d7cce23c7785459a,01,,,,,False,,,,,,,,,,False,False
/poketool/pokegra/height.narc,/poketool/pokegra/height.narc!/member_00645,0,/poketool/pokegra/height.narc,331,645,,18240,18241,2380,2381,1,4bf5122f344554c53bde2ebb8cd2b7e3d1600ad631c385a5d7cce23c7785459a,01,,,,,False,,,,,,,,,,False,False
/poketool/pokegra/height.narc,/poketool/pokegra/height.narc!/member_00646,0,/poketool/pokegra/height.narc,331,646,,18244,18245,2384,2385,1,2b4c342f5433ebe591a1da77e013d1b72475562d48578dca8b84bac6651c3cb9,09,,,,,False,,,,,,,,,,False,False
/poketool/pokegra/height.narc,/poketool/pokegra/height.narc!/member_00647,0,/poketool/pokegra/height.narc,331,647,,18248,18249,2388,2389,1,2b4c342f5433ebe591a1da77e013d1b72475562d48578dca8b84bac6651c3cb9,09,,,,,False,,,,,,,,,,False,False
/poketool/pokegra/height.narc,/poketool/pokegra/height.narc!/member_00648,0,/poketool/pokegra/height.narc,331,648,,18252,18253,2392,2393,1,e77b9a9ae9e30b0dbdb6f510a264ef9de781501d7b6b92ae89eb059c5ab743db,05,,,,,False,,,,,,,,,,False,False
/poketool/pokegra/height.narc,/poketool/pokegra/height.narc!/member_00649,0,/poketool/pokegra/height.narc,331,649,,18256,18257,2396,2397,1,e77b9a9ae9e30b0dbdb6f510a264ef9de781501d7b6b92ae89eb059c5ab743db,05,,,,,False,,,,,,,,,,False,False
/poketool/pokegra/height.narc,/poketool/pokegra/height.narc!/member_00650,0,/poketool/pokegra/height.narc,331,650,,18260,18261,2400,2401,1,4d7b3ef7300acf70c892d8327db8272f54434adbc61a4e130a563cb59a0d0f47,0e,,,,,False,,,,,,,,,,False,False
/poketool/pokegra/height.narc,/poketool/pokegra/height.narc!/member_00651,0,/poketool/pokegra/height.narc,331,651,,18264,18265,2404,2405,1,4d7b3ef7300acf70c892d8327db8272f54434adbc61a4e130a563cb59a0d0f47,0e,,,,,False,,,,,,,,,,False,False
/poketool/pokegra/height.narc,/poketool/pokegra/height.narc!/member_00652,0,/poketool/pokegra/height.narc,331,652,,18268,18269,2408,2409,1,67586e98fad27da0b9968bc039a1ef34c939b9b8e523a8bef89d478608c5ecf6,06,,,,,False,,,,,,,,,,False,False
/poketool/pokegra/height.narc,/poketool/pokegra/height.narc!/member_00653,0,/poketool/pokegra/height.narc,331,653,,18272,18273,2412,2413,1,67586e98fad27da0b9968bc039a1ef34c939b9b8e523a8bef89d478608c5ecf6,06,,,,,False,,,,,,,,,,False,False
/poketool/pokegra/height.narc,/poketool/pokegra/height.narc!/member_00654,0,/poketool/pokegra/height.narc,331,654,,18276,18277,2416,2417,1,ab897fbdedfa502b2d839b6a56100887dccdc507555c282e59589e06300a62e2,13,,,,,False,,,,,,,,,,False,False
/poketool/pokegra/height.narc,/poketool/pokegra/height.narc!/member_00655,0,/poketool/pokegra/height.narc,331,655,,18280,18281,2420,2421,1,ab897fbdedfa502b2d839b6a56100887dccdc507555c282e59589e06300a62e2,13,,,,,False,,,,,,,,,,False,False
/poketool/pokegra/height.narc,/poketool/pokegra/height.narc!/member_00656,0,/poketool/pokegra/height.narc,331,656,,18284,18285,2424,2425,1,e52d9c508c502347344d8c07ad91cbd6068afc75ff6292f062a09ca381c89e71,04,,,,,False,,,,,,,,,,False,False
/poketool/pokegra/height.narc,/poketool/pokegra/height.narc!/member_00657,0,/poketool/pokegra/height.narc,331,657,,18288,18289,2428,2429,1,e52d9c508c502347344d8c07ad91cbd6068afc75ff6292f062a09ca381c89e71,04,,,,,False,,,,,,,,,,False,False
/poketool/pokegra/height.narc,/poketool/pokegra/height.narc!/member_00658,0,/poketool/pokegra/height.narc,331,658,,18292,18293,2432,2433,1,ca358758f6d27e6cf45272937977a748fd88391db679ceda7dc7bf1f005ee879,07,,,,,False,,,,,,,,,,False,False
/poketool/pokegra/height.narc,/poketool/pokegra/height.narc!/member_00659,0,/poketool/pokegra/height.narc,331,659,,18296,18297,2436,2437,1,ca358758f6d27e6cf45272937977a748fd88391db679ceda7dc7bf1f005ee879,07,,,,,False,,,,,,,,,,False,False
/poketool/pokegra/height.narc,/poketool/pokegra/height.narc!/member_00660,0,/poketool/pokegra/height.narc,331,660,,18300,18301,2440,2441,1,ef6cbd2161eaea7943ce8693b9824d23d1793ffb1c0fca05b600d3899b44c977,0c,,,,,False,,,,,,,,,,False,False
/poketool/pokegra/height.narc,/poketool/pokegra/height.narc!/member_00661,0,/poketool/pokegra/height.narc,331,661,,18304,18305,2444,2445,1,01ba4719c80b6fe911b091a7c05124b64eeece964e09c058ef8f9805daca546b,0a,,,,,False,,,,,,,,,,False,False
/poketool/pokegra/height.narc,/poketool/pokegra/height.narc!/member_00662,0,/poketool/pokegra/height.narc,331,662,,18308,18309,2448,2449,1,c555eab45d08845ae9f10d452a99bfcb06f74a50b988fe7e48dd323789b88ee3,10,,Nintendo LZ10,Probable,,True,Nintendo LZ10,Probable,True,,,,,,,False,False
/poketool/pokegra/height.narc,/poketool/pokegra/height.narc!/member_00663,0,/poketool/pokegra/height.narc,331,663,,18312,18313,2452,2453,1,c555eab45d08845ae9f10d452a99bfcb06f74a50b988fe7e48dd323789b88ee3,10,,Nintendo LZ10,Probable,,True,Nintendo LZ10,Probable,True,,,,,,,False,False
/poketool/pokegra/height.narc,/poketool/pokegra/height.narc!/member_00664,0,/poketool/pokegra/height.narc,331,664,,18316,18317,2456,2457,1,ca358758f6d27e6cf45272937977a748fd88391db679ceda7dc7bf1f005ee879,07,,,,,False,,,,,,,,,,False,False
/poketool/pokegra/height.narc,/poketool/pokegra/height.narc!/member_00665,0,/poketool/pokegra/height.narc,331,665,,18320,18321,2460,2461,1,e52d9c508c502347344d8c07ad91cbd6068afc75ff6292f062a09ca381c89e71,04,,,,,False,,,,,,,,,,False,False
/poketool/pokegra/height.narc,/poketool/pokegra/height.narc!/member_00666,0,/poketool/pokegra/height.narc,331,666,,18324,18325,2464,2465,1,4d7b3ef7300acf70c892d8327db8272f54434adbc61a4e130a563cb59a0d0f47,0e,,,,,False,,,,,,,,,,False,False
/poketool/pokegra/height.narc,/poketool/pokegra/height.narc!/member_00667,0,/poketool/pokegra/height.narc,331,667,,18328,18329,2468,2469,1,4d7b3ef7300acf70c892d8327db8272f54434adbc61a4e130a563cb59a0d0f47,0e,,,,,False,,,,,,,,,,False,False
/poketool/pokegra/height.narc,/poketool/pokegra/height.narc!/member_00668,0,/poketool/pokegra/height.narc,331,668,,18332,18333,2472,2473,1,7cb7c4547cf2653590d7a9ace60cc623d25148adfbc88a89aeb0ef88da7839ba,16,,,,,False,,,,,,,,,,False,False
/poketool/pokegra/height.narc,/poketool/pokegra/height.narc!/member_00669,0,/poketool/pokegra/height.narc,331,669,,18336,18337,2476,2477,1,7cb7c4547cf2653590d7a9ace60cc623d25148adfbc88a89aeb0ef88da7839ba,16,,,,,False,,,,,,,,,,False,False
/poketool/pokegra/height.narc,/poketool/pokegra/height.narc!/member_00670,0,/poketool/pokegra/height.narc,331,670,,18340,18341,2480,2481,1,58f7b0780592032e4d8602a3e8690fb2c701b2e1dd546e703445aabd6469734d,1a,,,,,False,,,,,,,,,,False,False
/poketool/pokegra/height.narc,/poketool/pokegra/height.narc!/member_00671,0,/poketool/pokegra/height.narc,331,671,,18344,18345,2484,2485,1,58f7b0780592032e4d8602a3e8690fb2c701b2e1dd546e703445aabd6469734d,1a,,,,,False,,,,,,,,,,False,False
/poketool/pokegra/height.narc,/poketool/pokegra/height.narc!/member_00672,0,/poketool/pokegra/height.narc,331,672,,18348,18349,2488,2489,1,e7cf46a078fed4fafd0b5e3aff144802b853f8ae459a4f0c14add3314b7cc3a6,0b,,,,,False,,,,,,,,,,False,False
/poketool/pokegra/height.narc,/poketool/pokegra/height.narc!/member_00673,0,/poketool/pokegra/height.narc,331,673,,18352,18353,2492,2493,1,e7cf46a078fed4fafd0b5e3aff144802b853f8ae459a4f0c14add3314b7cc3a6,0b,,,,,False,,,,,,,,,,False,False
/poketool/pokegra/height.narc,/poketool/pokegra/height.narc!/member_00674,0,/poketool/pokegra/height.narc,331,674,,18356,18357,2496,2497,1,dc0e9c3658a1a3ed1ec94274d8b19925c93e1abb7ddba294923ad9bde30f8cb8,0f,,,,,False,,,,,,,,,,False,False
/poketool/pokegra/height.narc,/poketool/pokegra/height.narc!/member_00675,0,/poketool/pokegra/height.narc,331,675,,18360,18361,2500,2501,1,dc0e9c3658a1a3ed1ec94274d8b19925c93e1abb7ddba294923ad9bde30f8cb8,0f,,,,,False,,,,,,,,,,False,False
/poketool/pokegra/height.narc,/poketool/pokegra/height.narc!/member_00676,0,/poketool/pokegra/height.narc,331,676,,18364,18365,2504,2505,1,4bf5122f344554c53bde2ebb8cd2b7e3d1600ad631c385a5d7cce23c7785459a,01,,,,,False,,,,,,,,,,False,False
/poketool/pokegra/height.narc,/poketool/pokegra/height.narc!/member_00677,0,/poketool/pokegra/height.narc,331,677,,18368,18369,2508,2509,1,4bf5122f344554c53bde2ebb8cd2b7e3d1600ad631c385a5d7cce23c7785459a,01,,,,,False,,,,,,,,,,False,False
/poketool/pokegra/height.narc,/poketool/pokegra/height.narc!/member_00678,0,/poketool/pokegra/height.narc,331,678,,18372,18373,2512,2513,1,beead77994cf573341ec17b58bbf7eb34d2711c993c1d976b128b3188dc1829a,08,,,,,False,,,,,,,,,,False,False
/poketool/pokegra/height.narc,/poketool/pokegra/height.narc!/member_00679,0,/poketool/pokegra/height.narc,331,679,,18376,18377,2516,2517,1,beead77994cf573341ec17b58bbf7eb34d2711c993c1d976b128b3188dc1829a,08,,,,,False,,,,,,,,,,False,False
/poketool/pokegra/height.narc,/poketool/pokegra/height.narc!/member_00680,0,/poketool/pokegra/height.narc,331,680,,18380,18381,2520,2521,1,4d7b3ef7300acf70c892d8327db8272f54434adbc61a4e130a563cb59a0d0f47,0e,,,,,False,,,,,,,,,,False,False
/poketool/pokegra/height.narc,/poketool/pokegra/height.narc!/member_00681,0,/poketool/pokegra/height.narc,331,681,,18384,18385,2524,2525,1,4d7b3ef7300acf70c892d8327db8272f54434adbc61a4e130a563cb59a0d0f47,0e,,,,,False,,,,,,,,,,False,False
/poketool/pokegra/height.narc,/poketool/pokegra/height.narc!/member_00682,0,/poketool/pokegra/height.narc,331,682,,18388,18389,2528,2529,1,452ba1ddef80246c48be7690193c76c1d61185906be9401014fe14f1be64b74f,18,,,,,False,,,,,,,,,,False,False
/poketool/pokegra/height.narc,/poketool/pokegra/height.narc!/member_00683,0,/poketool/pokegra/height.narc,331,683,,18392,18393,2532,2533,1,452ba1ddef80246c48be7690193c76c1d61185906be9401014fe14f1be64b74f,18,,,,,False,,,,,,,,,,False,False
/poketool/pokegra/height.narc,/poketool/pokegra/height.narc!/member_00684,0,/poketool/pokegra/height.narc,331,684,,18396,18397,2536,2537,1,beead77994cf573341ec17b58bbf7eb34d2711c993c1d976b128b3188dc1829a,08,,,,,False,,,,,,,,,,False,False
/poketool/pokegra/height.narc,/poketool/pokegra/height.narc!/member_00685,0,/poketool/pokegra/height.narc,331,685,,18400,18401,2540,2541,1,beead77994cf573341ec17b58bbf7eb34d2711c993c1d976b128b3188dc1829a,08,,,,,False,,,,,,,,,,False,False
/poketool/pokegra/height.narc,/poketool/pokegra/height.narc!/member_00686,0,/poketool/pokegra/height.narc,331,686,,18404,18405,2544,2545,1,c555eab45d08845ae9f10d452a99bfcb06f74a50b988fe7e48dd323789b88ee3,10,,Nintendo LZ10,Probable,,True,Nintendo LZ10,Probable,True,,,,,,,False,False
/poketool/pokegra/height.narc,/poketool/pokegra/height.narc!/member_00687,0,/poketool/pokegra/height.narc,331,687,,18408,18409,2548,2549,1,c555eab45d08845ae9f10d452a99bfcb06f74a50b988fe7e48dd323789b88ee3,10,,Nintendo LZ10,Probable,,True,Nintendo LZ10,Probable,True,,,,,,,False,False
/poketool/pokegra/height.narc,/poketool/pokegra/height.narc!/member_00688,0,/poketool/pokegra/height.narc,331,688,,18412,18413,2552,2553,1,beead77994cf573341ec17b58bbf7eb34d2711c993c1d976b128b3188dc1829a,08,,,,,False,,,,,,,,,,False,False
/poketool/pokegra/height.narc,/poketool/pokegra/height.narc!/member_00689,0,/poketool/pokegra/height.narc,331,689,,18416,18417,2556,2557,1,beead77994cf573341ec17b58bbf7eb34d2711c993c1d976b128b3188dc1829a,08,,,,,False,,,,,,,,,,False,False
/poketool/pokegra/height.narc,/poketool/pokegra/height.narc!/member_00690,0,/poketool/pokegra/height.narc,331,690,,18420,18421,2560,2561,1,8f11b05da785e43e713d03774c6bd3405d99cd3024af334ffd68db663aa37034,17,,,,,False,,,,,,,,,,False,False
/poketool/pokegra/height.narc,/poketool/pokegra/height.narc!/member_00691,0,/poketool/pokegra/height.narc,331,691,,18424,18425,2564,2565,1,8f11b05da785e43e713d03774c6bd3405d99cd3024af334ffd68db663aa37034,17,,,,,False,,,,,,,,,,False,False
/poketool/pokegra/height.narc,/poketool/pokegra/height.narc!/member_00692,0,/poketool/pokegra/height.narc,331,692,,18428,18429,2568,2569,1,f299791cddd3d6664f6670842812ef6053eb6501bd6282a476bbbf3ee91e750c,12,,,,,False,,,,,,,,,,False,False
/poketool/pokegra/height.narc,/poketool/pokegra/height.narc!/member_00693,0,/poketool/pokegra/height.narc,331,693,,18432,18433,2572,2573,1,f299791cddd3d6664f6670842812ef6053eb6501bd6282a476bbbf3ee91e750c,12,,,,,False,,,,,,,,,,False,False
/poketool/pokegra/height.narc,/poketool/pokegra/height.narc!/member_00694,0,/poketool/pokegra/height.narc,331,694,,18436,18437,2576,2577,1,58f7b0780592032e4d8602a3e8690fb2c701b2e1dd546e703445aabd6469734d,1a,,,,,False,,,,,,,,,,False,False
/poketool/pokegra/height.narc,/poketool/pokegra/height.narc!/member_00695,0,/poketool/pokegra/height.narc,331,695,,18440,18441,2580,2581,1,58f7b0780592032e4d8602a3e8690fb2c701b2e1dd546e703445aabd6469734d,1a,,,,,False,,,,,,,,,,False,False
/poketool/pokegra/height.narc,/poketool/pokegra/height.narc!/member_00696,0,/poketool/pokegra/height.narc,331,696,,18444,18445,2584,2585,1,c555eab45d08845ae9f10d452a99bfcb06f74a50b988fe7e48dd323789b88ee3,10,,Nintendo LZ10,Probable,,True,Nintendo LZ10,Probable,True,,,,,,,False,False
/poketool/pokegra/height.narc,/poketool/pokegra/height.narc!/member_00697,0,/poketool/pokegra/height.narc,331,697,,18448,18449,2588,2589,1,c555eab45d08845ae9f10d452a99bfcb06f74a50b988fe7e48dd323789b88ee3,10,,Nintendo LZ10,Probable,,True,Nintendo LZ10,Probable,True,,,,,,,False,False
/poketool/pokegra/height.narc,/poketool/pokegra/height.narc!/member_00698,0,/poketool/pokegra/height.narc,331,698,,18452,18453,2592,2593,1,68aa2e2ee5dff96e3355e6c7ee373e3d6a4e17f75f9518d843709c0c9bc3e3d4,19,,,,,False,,,,,,,,,,False,False
/poketool/pokegra/height.narc,/poketool/pokegra/height.narc!/member_00699,0,/poketool/pokegra/height.narc,331,699,,18456,18457,2596,2597,1,68aa2e2ee5dff96e3355e6c7ee373e3d6a4e17f75f9518d843709c0c9bc3e3d4,19,,,,,False,,,,,,,,,,False,False
/poketool/pokegra/height.narc,/poketool/pokegra/height.narc!/member_00700,0,/poketool/pokegra/height.narc,331,700,,18460,18461,2600,2601,1,c555eab45d08845ae9f10d452a99bfcb06f74a50b988fe7e48dd323789b88ee3,10,,Nintendo LZ10,Probable,,True,Nintendo LZ10,Probable,True,,,,,,,False,False
/poketool/pokegra/height.narc,/poketool/pokegra/height.narc!/member_00701,0,/poketool/pokegra/height.narc,331,701,,18464,18465,2604,2605,1,c555eab45d08845ae9f10d452a99bfcb06f74a50b988fe7e48dd323789b88ee3,10,,Nintendo LZ10,Probable,,True,Nintendo LZ10,Probable,True,,,,,,,False,False
/poketool/pokegra/height.narc,/poketool/pokegra/height.narc!/member_00702,0,/poketool/pokegra/height.narc,331,702,,18468,18469,2608,2609,1,58f7b0780592032e4d8602a3e8690fb2c701b2e1dd546e703445aabd6469734d,1a,,,,,False,,,,,,,,,,False,False
/poketool/pokegra/height.narc,/poketool/pokegra/height.narc!/member_00703,0,/poketool/pokegra/height.narc,331,703,,18472,18473,2612,2613,1,58f7b0780592032e4d8602a3e8690fb2c701b2e1dd546e703445aabd6469734d,1a,,,,,False,,,,,,,,,,False,False
/poketool/pokegra/height.narc,/poketool/pokegra/height.narc!/member_00704,0,/poketool/pokegra/height.narc,331,704,,18476,18477,2616,2617,1,beead77994cf573341ec17b58bbf7eb34d2711c993c1d976b128b3188dc1829a,08,,,,,False,,,,,,,,,,False,False
/poketool/pokegra/height.narc,/poketool/pokegra/height.narc!/member_00705,0,/poketool/pokegra/height.narc,331,705,,18480,18481,2620,2621,1,beead77994cf573341ec17b58bbf7eb34d2711c993c1d976b128b3188dc1829a,08,,,,,False,,,,,,,,,,False,False
/poketool/pokegra/height.narc,/poketool/pokegra/height.narc!/member_00706,0,/poketool/pokegra/height.narc,331,706,,18484,18485,2624,2625,1,ab897fbdedfa502b2d839b6a56100887dccdc507555c282e59589e06300a62e2,13,,,,,False,,,,,,,,,,False,False
/poketool/pokegra/height.narc,/poketool/pokegra/height.narc!/member_00707,0,/poketool/pokegra/height.narc,331,707,,18488,18489,2628,2629,1,ab897fbdedfa502b2d839b6a56100887dccdc507555c282e59589e06300a62e2,13,,,,,False,,,,,,,,,,False,False
/poketool/pokegra/height.narc,/poketool/pokegra/height.narc!/member_00708,0,/poketool/pokegra/height.narc,331,708,,18492,18493,2632,2633,1,ab897fbdedfa502b2d839b6a56100887dccdc507555c282e59589e06300a62e2,13,,,,,False,,,,,,,,,,False,False
/poketool/pokegra/height.narc,/poketool/pokegra/height.narc!/member_00709,0,/poketool/pokegra/height.narc,331,709,,18496,18497,2636,2637,1,ab897fbdedfa502b2d839b6a56100887dccdc507555c282e59589e06300a62e2,13,,,,,False,,,,,,,,,,False,False
/poketool/pokegra/height.narc,/poketool/pokegra/height.narc!/member_00710,0,/poketool/pokegra/height.narc,331,710,,18500,18501,2640,2641,1,58f7b0780592032e4d8602a3e8690fb2c701b2e1dd546e703445aabd6469734d,1a,,,,,False,,,,,,,,,,False,False
/poketool/pokegra/height.narc,/poketool/pokegra/height.narc!/member_00711,0,/poketool/pokegra/height.narc,331,711,,18504,18505,2644,2645,1,58f7b0780592032e4d8602a3e8690fb2c701b2e1dd546e703445aabd6469734d,1a,,,,,False,,,,,,,,,,False,False
/poketool/pokegra/height.narc,/poketool/pokegra/height.narc!/member_00712,0,/poketool/pokegra/height.narc,331,712,,18508,18509,2648,2649,1,beead77994cf573341ec17b58bbf7eb34d2711c993c1d976b128b3188dc1829a,08,,,,,False,,,,,,,,,,False,False
/poketool/pokegra/height.narc,/poketool/pokegra/height.narc!/member_00713,0,/poketool/pokegra/height.narc,331,713,,18512,18513,2652,2653,1,beead77994cf573341ec17b58bbf7eb34d2711c993c1d976b128b3188dc1829a,08,,,,,False,,,,,,,,,,False,False
/poketool/pokegra/height.narc,/poketool/pokegra/height.narc!/member_00714,0,/poketool/pokegra/height.narc,331,714,,18516,18517,2656,2657,1,9d1e0e2d9459d06523ad13e28a4093c2316baafe7aec5b25f30eba2e113599c4,0d,,,,,False,,,,,,,,,,False,False
/poketool/pokegra/height.narc,/poketool/pokegra/height.narc!/member_00715,0,/poketool/pokegra/height.narc,331,715,,18520,18521,2660,2661,1,9d1e0e2d9459d06523ad13e28a4093c2316baafe7aec5b25f30eba2e113599c4,0d,,,,,False,,,,,,,,,,False,False
/poketool/pokegra/height.narc,/poketool/pokegra/height.narc!/member_00716,0,/poketool/pokegra/height.narc,331,716,,18524,18525,2664,2665,1,4a64a107f0cb32536e5bce6c98c393db21cca7f4ea187ba8c4dca8b51d4ea80a,11,,Nintendo LZ11,Probable,,True,Nintendo LZ11,Probable,True,,,,,,,False,False
/poketool/pokegra/height.narc,/poketool/pokegra/height.narc!/member_00717,0,/poketool/pokegra/height.narc,331,717,,18528,18529,2668,2669,1,4a64a107f0cb32536e5bce6c98c393db21cca7f4ea187ba8c4dca8b51d4ea80a,11,,Nintendo LZ11,Probable,,True,Nintendo LZ11,Probable,True,,,,,,,False,False
/poketool/pokegra/height.narc,/poketool/pokegra/height.narc!/member_00718,0,/poketool/pokegra/height.narc,331,718,,18532,18533,2672,2673,1,ab897fbdedfa502b2d839b6a56100887dccdc507555c282e59589e06300a62e2,13,,,,,False,,,,,,,,,,False,False
/poketool/pokegra/height.narc,/poketool/pokegra/height.narc!/member_00719,0,/poketool/pokegra/height.narc,331,719,,18536,18537,2676,2677,1,ab897fbdedfa502b2d839b6a56100887dccdc507555c282e59589e06300a62e2,13,,,,,False,,,,,,,,,,False,False
/poketool/pokegra/height.narc,/poketool/pokegra/height.narc!/member_00720,0,/poketool/pokegra/height.narc,331,720,,18540,18541,2680,2681,1,beead77994cf573341ec17b58bbf7eb34d2711c993c1d976b128b3188dc1829a,08,,,,,False,,,,,,,,,,False,False
/poketool/pokegra/height.narc,/poketool/pokegra/height.narc!/member_00721,0,/poketool/pokegra/height.narc,331,721,,18544,18545,2684,2685,1,beead77994cf573341ec17b58bbf7eb34d2711c993c1d976b128b3188dc1829a,08,,,,,False,,,,,,,,,,False,False
/poketool/pokegra/height.narc,/poketool/pokegra/height.narc!/member_00722,0,/poketool/pokegra/height.narc,331,722,,18548,18549,2688,2689,1,4a64a107f0cb32536e5bce6c98c393db21cca7f4ea187ba8c4dca8b51d4ea80a,11,,Nintendo LZ11,Probable,,True,Nintendo LZ11,Probable,True,,,,,,,False,False
/poketool/pokegra/height.narc,/poketool/pokegra/height.narc!/member_00723,0,/poketool/pokegra/height.narc,331,723,,18552,18553,2692,2693,1,4a64a107f0cb32536e5bce6c98c393db21cca7f4ea187ba8c4dca8b51d4ea80a,11,,Nintendo LZ11,Probable,,True,Nintendo LZ11,Probable,True,,,,,,,False,False
/poketool/pokegra/height.narc,/poketool/pokegra/height.narc!/member_00724,0,/poketool/pokegra/height.narc,331,724,,18556,18557,2696,2697,1,e52d9c508c502347344d8c07ad91cbd6068afc75ff6292f062a09ca381c89e71,04,,,,,False,,,,,,,,,,False,False
/poketool/pokegra/height.narc,/poketool/pokegra/height.narc!/member_00725,0,/poketool/pokegra/height.narc,331,725,,18560,18561,2700,2701,1,e52d9c508c502347344d8c07ad91cbd6068afc75ff6292f062a09ca381c89e71,04,,,,,False,,,,,,,,,,False,False
/poketool/pokegra/height.narc,/poketool/pokegra/height.narc!/member_00726,0,/poketool/pokegra/height.narc,331,726,,18564,18565,2704,2705,1,2b4c342f5433ebe591a1da77e013d1b72475562d48578dca8b84bac6651c3cb9,09,,,,,False,,,,,,,,,,False,False
/poketool/pokegra/height.narc,/poketool/pokegra/height.narc!/member_00727,0,/poketool/pokegra/height.narc,331,727,,18568,18569,2708,2709,1,2b4c342f5433ebe591a1da77e013d1b72475562d48578dca8b84bac6651c3cb9,09,,,,,False,,,,,,,,,,False,False
/poketool/pokegra/height.narc,/poketool/pokegra/height.narc!/member_00728,0,/poketool/pokegra/height.narc,331,728,,18572,18573,2712,2713,1,dc0e9c3658a1a3ed1ec94274d8b19925c93e1abb7ddba294923ad9bde30f8cb8,0f,,,,,False,,,,,,,,,,False,False
/poketool/pokegra/height.narc,/poketool/pokegra/height.narc!/member_00729,0,/poketool/pokegra/height.narc,331,729,,18576,18577,2716,2717,1,dc0e9c3658a1a3ed1ec94274d8b19925c93e1abb7ddba294923ad9bde30f8cb8,0f,,,,,False,,,,,,,,,,False,False
/poketool/pokegra/height.narc,/poketool/pokegra/height.narc!/member_00730,0,/poketool/pokegra/height.narc,331,730,,18580,18581,2720,2721,1,8f11b05da785e43e713d03774c6bd3405d99cd3024af334ffd68db663aa37034,17,,,,,False,,,,,,,,,,False,False
/poketool/pokegra/height.narc,/poketool/pokegra/height.narc!/member_00731,0,/poketool/pokegra/height.narc,331,731,,18584,18585,2724,2725,1,8f11b05da785e43e713d03774c6bd3405d99cd3024af334ffd68db663aa37034,17,,,,,False,,,,,,,,,,False,False
/poketool/pokegra/height.narc,/poketool/pokegra/height.narc!/member_00732,0,/poketool/pokegra/height.narc,331,732,,18588,18589,2728,2729,1,c555eab45d08845ae9f10d452a99bfcb06f74a50b988fe7e48dd323789b88ee3,10,,Nintendo LZ10,Probable,,True,Nintendo LZ10,Probable,True,,,,,,,False,False
/poketool/pokegra/height.narc,/poketool/pokegra/height.narc!/member_00733,0,/poketool/pokegra/height.narc,331,733,,18592,18593,2732,2733,1,c555eab45d08845ae9f10d452a99bfcb06f74a50b988fe7e48dd323789b88ee3,10,,Nintendo LZ10,Probable,,True,Nintendo LZ10,Probable,True,,,,,,,False,False
/poketool/pokegra/height.narc,/poketool/pokegra/height.narc!/member_00734,0,/poketool/pokegra/height.narc,331,734,,18596,18597,2736,2737,1,8f11b05da785e43e713d03774c6bd3405d99cd3024af334ffd68db663aa37034,17,,,,,False,,,,,,,,,,False,False
/poketool/pokegra/height.narc,/poketool/pokegra/height.narc!/member_00735,0,/poketool/pokegra/height.narc,331,735,,18600,18601,2740,2741,1,8f11b05da785e43e713d03774c6bd3405d99cd3024af334ffd68db663aa37034,17,,,,,False,,,,,,,,,,False,False
/poketool/pokegra/height.narc,/poketool/pokegra/height.narc!/member_00736,0,/poketool/pokegra/height.narc,331,736,,18604,18605,2744,2745,1,67586e98fad27da0b9968bc039a1ef34c939b9b8e523a8bef89d478608c5ecf6,06,,,,,False,,,,,,,,,,False,False
/poketool/pokegra/height.narc,/poketool/pokegra/height.narc!/member_00737,0,/poketool/pokegra/height.narc,331,737,,18608,18609,2748,2749,1,67586e98fad27da0b9968bc039a1ef34c939b9b8e523a8bef89d478608c5ecf6,06,,,,,False,,,,,,,,,,False,False
/poketool/pokegra/height.narc,/poketool/pokegra/height.narc!/member_00738,0,/poketool/pokegra/height.narc,331,738,,18612,18613,2752,2753,1,c555eab45d08845ae9f10d452a99bfcb06f74a50b988fe7e48dd323789b88ee3,10,,Nintendo LZ10,Probable,,True,Nintendo LZ10,Probable,True,,,,,,,False,False
/poketool/pokegra/height.narc,/poketool/pokegra/height.narc!/member_00739,0,/poketool/pokegra/height.narc,331,739,,18616,18617,2756,2757,1,c555eab45d08845ae9f10d452a99bfcb06f74a50b988fe7e48dd323789b88ee3,10,,Nintendo LZ10,Probable,,True,Nintendo LZ10,Probable,True,,,,,,,False,False
/poketool/pokegra/height.narc,/poketool/pokegra/height.narc!/member_00740,0,/poketool/pokegra/height.narc,331,740,,18620,18621,2760,2761,1,67586e98fad27da0b9968bc039a1ef34c939b9b8e523a8bef89d478608c5ecf6,06,,,,,False,,,,,,,,,,False,False
/poketool/pokegra/height.narc,/poketool/pokegra/height.narc!/member_00741,0,/poketool/pokegra/height.narc,331,741,,18624,18625,2764,2765,1,67586e98fad27da0b9968bc039a1ef34c939b9b8e523a8bef89d478608c5ecf6,06,,,,,False,,,,,,,,,,False,False
/poketool/pokegra/height.narc,/poketool/pokegra/height.narc!/member_00742,0,/poketool/pokegra/height.narc,331,742,,18628,18629,2768,2769,1,4d7b3ef7300acf70c892d8327db8272f54434adbc61a4e130a563cb59a0d0f47,0e,,,,,False,,,,,,,,,,False,False
/poketool/pokegra/height.narc,/poketool/pokegra/height.narc!/member_00743,0,/poketool/pokegra/height.narc,331,743,,18632,18633,2772,2773,1,4d7b3ef7300acf70c892d8327db8272f54434adbc61a4e130a563cb59a0d0f47,0e,,,,,False,,,,,,,,,,False,False
/poketool/pokegra/height.narc,/poketool/pokegra/height.narc!/member_00744,0,/poketool/pokegra/height.narc,331,744,,18636,18637,2776,2777,1,67586e98fad27da0b9968bc039a1ef34c939b9b8e523a8bef89d478608c5ecf6,06,,,,,False,,,,,,,,,,False,False
/poketool/pokegra/height.narc,/poketool/pokegra/height.narc!/member_00745,0,/poketool/pokegra/height.narc,331,745,,18640,18641,2780,2781,1,67586e98fad27da0b9968bc039a1ef34c939b9b8e523a8bef89d478608c5ecf6,06,,,,,False,,,,,,,,,,False,False
/poketool/pokegra/height.narc,/poketool/pokegra/height.narc!/member_00746,0,/poketool/pokegra/height.narc,331,746,,18644,18645,2784,2785,1,4d7b3ef7300acf70c892d8327db8272f54434adbc61a4e130a563cb59a0d0f47,0e,,,,,False,,,,,,,,,,False,False
/poketool/pokegra/height.narc,/poketool/pokegra/height.narc!/member_00747,0,/poketool/pokegra/height.narc,331,747,,18648,18649,2788,2789,1,4d7b3ef7300acf70c892d8327db8272f54434adbc61a4e130a563cb59a0d0f47,0e,,,,,False,,,,,,,,,,False,False
/poketool/pokegra/height.narc,/poketool/pokegra/height.narc!/member_00748,0,/poketool/pokegra/height.narc,331,748,,18652,18653,2792,2793,1,01ba4719c80b6fe911b091a7c05124b64eeece964e09c058ef8f9805daca546b,0a,,,,,False,,,,,,,,,,False,False
/poketool/pokegra/height.narc,/poketool/pokegra/height.narc!/member_00749,0,/poketool/pokegra/height.narc,331,749,,18656,18657,2796,2797,1,01ba4719c80b6fe911b091a7c05124b64eeece964e09c058ef8f9805daca546b,0a,,,,,False,,,,,,,,,,False,False
/poketool/pokegra/height.narc,/poketool/pokegra/height.narc!/member_00750,0,/poketool/pokegra/height.narc,331,750,,18660,18661,2800,2801,1,68aa2e2ee5dff96e3355e6c7ee373e3d6a4e17f75f9518d843709c0c9bc3e3d4,19,,,,,False,,,,,,,,,,False,False
/poketool/pokegra/height.narc,/poketool/pokegra/height.narc!/member_00751,0,/poketool/pokegra/height.narc,331,751,,18664,18665,2804,2805,1,68aa2e2ee5dff96e3355e6c7ee373e3d6a4e17f75f9518d843709c0c9bc3e3d4,19,,,,,False,,,,,,,,,,False,False
/poketool/pokegra/height.narc,/poketool/pokegra/height.narc!/member_00752,0,/poketool/pokegra/height.narc,331,752,,18668,18669,2808,2809,1,c555eab45d08845ae9f10d452a99bfcb06f74a50b988fe7e48dd323789b88ee3,10,,Nintendo LZ10,Probable,,True,Nintendo LZ10,Probable,True,,,,,,,False,False
/poketool/pokegra/height.narc,/poketool/pokegra/height.narc!/member_00753,0,/poketool/pokegra/height.narc,331,753,,18672,18673,2812,2813,1,c555eab45d08845ae9f10d452a99bfcb06f74a50b988fe7e48dd323789b88ee3,10,,Nintendo LZ10,Probable,,True,Nintendo LZ10,Probable,True,,,,,,,False,False
/poketool/pokegra/height.narc,/poketool/pokegra/height.narc!/member_00754,0,/poketool/pokegra/height.narc,331,754,,18676,18677,2816,2817,1,452ba1ddef80246c48be7690193c76c1d61185906be9401014fe14f1be64b74f,18,,,,,False,,,,,,,,,,False,False
/poketool/pokegra/height.narc,/poketool/pokegra/height.narc!/member_00755,0,/poketool/pokegra/height.narc,331,755,,18680,18681,2820,2821,1,452ba1ddef80246c48be7690193c76c1d61185906be9401014fe14f1be64b74f,18,,,,,False,,,,,,,,,,False,False
/poketool/pokegra/height.narc,/poketool/pokegra/height.narc!/member_00756,0,/poketool/pokegra/height.narc,331,756,,18684,18685,2824,2825,1,e52d9c508c502347344d8c07ad91cbd6068afc75ff6292f062a09ca381c89e71,04,,,,,False,,,,,,,,,,False,False
/poketool/pokegra/height.narc,/poketool/pokegra/height.narc!/member_00757,0,/poketool/pokegra/height.narc,331,757,,18688,18689,2828,2829,1,e52d9c508c502347344d8c07ad91cbd6068afc75ff6292f062a09ca381c89e71,04,,,,,False,,,,,,,,,,False,False
/poketool/pokegra/height.narc,/poketool/pokegra/height.narc!/member_00758,0,/poketool/pokegra/height.narc,331,758,,18692,18693,2832,2833,1,4d7b3ef7300acf70c892d8327db8272f54434adbc61a4e130a563cb59a0d0f47,0e,,,,,False,,,,,,,,,,False,False
/poketool/pokegra/height.narc,/poketool/pokegra/height.narc!/member_00759,0,/poketool/pokegra/height.narc,331,759,,18696,18697,2836,2837,1,4d7b3ef7300acf70c892d8327db8272f54434adbc61a4e130a563cb59a0d0f47,0e,,,,,False,,,,,,,,,,False,False
/poketool/pokegra/height.narc,/poketool/pokegra/height.narc!/member_00760,0,/poketool/pokegra/height.narc,331,760,,18700,18701,2840,2841,1,e52d9c508c502347344d8c07ad91cbd6068afc75ff6292f062a09ca381c89e71,04,,,,,False,,,,,,,,,,False,False
/poketool/pokegra/height.narc,/poketool/pokegra/height.narc!/member_00761,0,/poketool/pokegra/height.narc,331,761,,18704,18705,2844,2845,1,e52d9c508c502347344d8c07ad91cbd6068afc75ff6292f062a09ca381c89e71,04,,,,,False,,,,,,,,,,False,False
/poketool/pokegra/height.narc,/poketool/pokegra/height.narc!/member_00762,0,/poketool/pokegra/height.narc,331,762,,18708,18709,2848,2849,1,e7cf46a078fed4fafd0b5e3aff144802b853f8ae459a4f0c14add3314b7cc3a6,0b,,,,,False,,,,,,,,,,False,False
/poketool/pokegra/height.narc,/poketool/pokegra/height.narc!/member_00763,0,/poketool/pokegra/height.narc,331,763,,18712,18713,2852,2853,1,e7cf46a078fed4fafd0b5e3aff144802b853f8ae459a4f0c14add3314b7cc3a6,0b,,,,,False,,,,,,,,,,False,False
/poketool/pokegra/height.narc,/poketool/pokegra/height.narc!/member_00764,0,/poketool/pokegra/height.narc,331,764,,18716,18717,2856,2857,1,9d1e0e2d9459d06523ad13e28a4093c2316baafe7aec5b25f30eba2e113599c4,0d,,,,,False,,,,,,,,,,False,False
/poketool/pokegra/height.narc,/poketool/pokegra/height.narc!/member_00765,0,/poketool/pokegra/height.narc,331,765,,18720,18721,2860,2861,1,9d1e0e2d9459d06523ad13e28a4093c2316baafe7aec5b25f30eba2e113599c4,0d,,,,,False,,,,,,,,,,False,False
/poketool/pokegra/height.narc,/poketool/pokegra/height.narc!/member_00766,0,/poketool/pokegra/height.narc,331,766,,18724,18725,2864,2865,1,8f11b05da785e43e713d03774c6bd3405d99cd3024af334ffd68db663aa37034,17,,,,,False,,,,,,,,,,False,False
/poketool/pokegra/height.narc,/poketool/pokegra/height.narc!/member_00767,0,/poketool/pokegra/height.narc,331,767,,18728,18729,2868,2869,1,8f11b05da785e43e713d03774c6bd3405d99cd3024af334ffd68db663aa37034,17,,,,,False,,,,,,,,,,False,False
/poketool/pokegra/height.narc,/poketool/pokegra/height.narc!/member_00768,0,/poketool/pokegra/height.narc,331,768,,18732,18733,2872,2873,1,2b4c342f5433ebe591a1da77e013d1b72475562d48578dca8b84bac6651c3cb9,09,,,,,False,,,,,,,,,,False,False
/poketool/pokegra/height.narc,/poketool/pokegra/height.narc!/member_00769,0,/poketool/pokegra/height.narc,331,769,,18736,18737,2876,2877,1,2b4c342f5433ebe591a1da77e013d1b72475562d48578dca8b84bac6651c3cb9,09,,,,,False,,,,,,,,,,False,False
/poketool/pokegra/height.narc,/poketool/pokegra/height.narc!/member_00770,0,/poketool/pokegra/height.narc,331,770,,18740,18741,2880,2881,1,c555eab45d08845ae9f10d452a99bfcb06f74a50b988fe7e48dd323789b88ee3,10,,Nintendo LZ10,Probable,,True,Nintendo LZ10,Probable,True,,,,,,,False,False
/poketool/pokegra/height.narc,/poketool/pokegra/height.narc!/member_00771,0,/poketool/pokegra/height.narc,331,771,,18744,18745,2884,2885,1,c555eab45d08845ae9f10d452a99bfcb06f74a50b988fe7e48dd323789b88ee3,10,,Nintendo LZ10,Probable,,True,Nintendo LZ10,Probable,True,,,,,,,False,False
/poketool/pokegra/height.narc,/poketool/pokegra/height.narc!/member_00772,0,/poketool/pokegra/height.narc,331,772,,18748,18749,2888,2889,1,6e340b9cffb37a989ca544e6bb780a2c78901d3fb33738768511a30617afa01d,00,,,,,False,,,,,,,,,,False,False
/poketool/pokegra/height.narc,/poketool/pokegra/height.narc!/member_00773,0,/poketool/pokegra/height.narc,331,773,,18752,18753,2892,2893,1,6e340b9cffb37a989ca544e6bb780a2c78901d3fb33738768511a30617afa01d,00,,,,,False,,,,,,,,,,False,False
/poketool/pokegra/height.narc,/poketool/pokegra/height.narc!/member_00774,0,/poketool/pokegra/height.narc,331,774,,18756,18757,2896,2897,1,f299791cddd3d6664f6670842812ef6053eb6501bd6282a476bbbf3ee91e750c,12,,,,,False,,,,,,,,,,False,False
/poketool/pokegra/height.narc,/poketool/pokegra/height.narc!/member_00775,0,/poketool/pokegra/height.narc,331,775,,18760,18761,2900,2901,1,f299791cddd3d6664f6670842812ef6053eb6501bd6282a476bbbf3ee91e750c,12,,,,,False,,,,,,,,,,False,False
/poketool/pokegra/height.narc,/poketool/pokegra/height.narc!/member_00776,0,/poketool/pokegra/height.narc,331,776,,18764,18765,2904,2905,1,4a64a107f0cb32536e5bce6c98c393db21cca7f4ea187ba8c4dca8b51d4ea80a,11,,Nintendo LZ11,Probable,,True,Nintendo LZ11,Probable,True,,,,,,,False,False
/poketool/pokegra/height.narc,/poketool/pokegra/height.narc!/member_00777,0,/poketool/pokegra/height.narc,331,777,,18768,18769,2908,2909,1,c555eab45d08845ae9f10d452a99bfcb06f74a50b988fe7e48dd323789b88ee3,10,,Nintendo LZ10,Probable,,True,Nintendo LZ10,Probable,True,,,,,,,False,False
/poketool/pokegra/height.narc,/poketool/pokegra/height.narc!/member_00778,0,/poketool/pokegra/height.narc,331,778,,18772,18773,2912,2913,1,452ba1ddef80246c48be7690193c76c1d61185906be9401014fe14f1be64b74f,18,,,,,False,,,,,,,,,,False,False
/poketool/pokegra/height.narc,/poketool/pokegra/height.narc!/member_00779,0,/poketool/pokegra/height.narc,331,779,,18776,18777,2916,2917,1,452ba1ddef80246c48be7690193c76c1d61185906be9401014fe14f1be64b74f,18,,,,,False,,,,,,,,,,False,False
/poketool/pokegra/height.narc,/poketool/pokegra/height.narc!/member_00780,0,/poketool/pokegra/height.narc,331,780,,18780,18781,2920,2921,1,67586e98fad27da0b9968bc039a1ef34c939b9b8e523a8bef89d478608c5ecf6,06,,,,,False,,,,,,,,,,False,False
/poketool/pokegra/height.narc,/poketool/pokegra/height.narc!/member_00781,0,/poketool/pokegra/height.narc,331,781,,18784,18785,2924,2925,1,67586e98fad27da0b9968bc039a1ef34c939b9b8e523a8bef89d478608c5ecf6,06,,,,,False,,,,,,,,,,False,False
/poketool/pokegra/height.narc,/poketool/pokegra/height.narc!/member_00782,0,/poketool/pokegra/height.narc,331,782,,18788,18789,2928,2929,1,9d1e0e2d9459d06523ad13e28a4093c2316baafe7aec5b25f30eba2e113599c4,0d,,,,,False,,,,,,,,,,False,False
/poketool/pokegra/height.narc,/poketool/pokegra/height.narc!/member_00783,0,/poketool/pokegra/height.narc,331,783,,18792,18793,2932,2933,1,9d1e0e2d9459d06523ad13e28a4093c2316baafe7aec5b25f30eba2e113599c4,0d,,,,,False,,,,,,,,,,False,False
/poketool/pokegra/height.narc,/poketool/pokegra/height.narc!/member_00784,0,/poketool/pokegra/height.narc,331,784,,18796,18797,2936,2937,1,beead77994cf573341ec17b58bbf7eb34d2711c993c1d976b128b3188dc1829a,08,,,,,False,,,,,,,,,,False,False
/poketool/pokegra/height.narc,/poketool/pokegra/height.narc!/member_00785,0,/poketool/pokegra/height.narc,331,785,,18800,18801,2940,2941,1,beead77994cf573341ec17b58bbf7eb34d2711c993c1d976b128b3188dc1829a,08,,,,,False,,,,,,,,,,False,False
/poketool/pokegra/height.narc,/poketool/pokegra/height.narc!/member_00786,0,/poketool/pokegra/height.narc,331,786,,18804,18805,2944,2945,1,9d1e0e2d9459d06523ad13e28a4093c2316baafe7aec5b25f30eba2e113599c4,0d,,,,,False,,,,,,,,,,False,False
/poketool/pokegra/height.narc,/poketool/pokegra/height.narc!/member_00787,0,/poketool/pokegra/height.narc,331,787,,18808,18809,2948,2949,1,9d1e0e2d9459d06523ad13e28a4093c2316baafe7aec5b25f30eba2e113599c4,0d,,,,,False,,,,,,,,,,False,False
/poketool/pokegra/height.narc,/poketool/pokegra/height.narc!/member_00788,0,/poketool/pokegra/height.narc,331,788,,18812,18813,2952,2953,1,084fed08b978af4d7d196a7446a86b58009e636b611db16211b65a9aadff29c5,03,,,,,False,,,,,,,,,,False,False
/poketool/pokegra/height.narc,/poketool/pokegra/height.narc!/member_00789,0,/poketool/pokegra/height.narc,331,789,,18816,18817,2956,2957,1,084fed08b978af4d7d196a7446a86b58009e636b611db16211b65a9aadff29c5,03,,,,,False,,,,,,,,,,False,False
/poketool/pokegra/height.narc,/poketool/pokegra/height.narc!/member_00790,0,/poketool/pokegra/height.narc,331,790,,18820,18821,2960,2961,1,4a64a107f0cb32536e5bce6c98c393db21cca7f4ea187ba8c4dca8b51d4ea80a,11,,Nintendo LZ11,Probable,,True,Nintendo LZ11,Probable,True,,,,,,,False,False
/poketool/pokegra/height.narc,/poketool/pokegra/height.narc!/member_00791,0,/poketool/pokegra/height.narc,331,791,,18824,18825,2964,2965,1,4a64a107f0cb32536e5bce6c98c393db21cca7f4ea187ba8c4dca8b51d4ea80a,11,,Nintendo LZ11,Probable,,True,Nintendo LZ11,Probable,True,,,,,,,False,False
/poketool/pokegra/height.narc,/poketool/pokegra/height.narc!/member_00792,0,/poketool/pokegra/height.narc,331,792,,18828,18829,2968,2969,1,ef6cbd2161eaea7943ce8693b9824d23d1793ffb1c0fca05b600d3899b44c977,0c,,,,,False,,,,,,,,,,False,False
/poketool/pokegra/height.narc,/poketool/pokegra/height.narc!/member_00793,0,/poketool/pokegra/height.narc,331,793,,18832,18833,2972,2973,1,01ba4719c80b6fe911b091a7c05124b64eeece964e09c058ef8f9805daca546b,0a,,,,,False,,,,,,,,,,False,False
/poketool/pokegra/height.narc,/poketool/pokegra/height.narc!/member_00794,0,/poketool/pokegra/height.narc,331,794,,18836,18837,2976,2977,1,7cb7c4547cf2653590d7a9ace60cc623d25148adfbc88a89aeb0ef88da7839ba,16,,,,,False,,,,,,,,,,False,False
/poketool/pokegra/height.narc,/poketool/pokegra/height.narc!/member_00795,0,/poketool/pokegra/height.narc,331,795,,18840,18841,2980,2981,1,7cb7c4547cf2653590d7a9ace60cc623d25148adfbc88a89aeb0ef88da7839ba,16,,,,,False,,,,,,,,,,False,False
/poketool/pokegra/height.narc,/poketool/pokegra/height.narc!/member_00796,0,/poketool/pokegra/height.narc,331,796,,18844,18845,2984,2985,1,e52d9c508c502347344d8c07ad91cbd6068afc75ff6292f062a09ca381c89e71,04,,,,,False,,,,,,,,,,False,False
/poketool/pokegra/height.narc,/poketool/pokegra/height.narc!/member_00797,0,/poketool/pokegra/height.narc,331,797,,18848,18849,2988,2989,1,e52d9c508c502347344d8c07ad91cbd6068afc75ff6292f062a09ca381c89e71,04,,,,,False,,,,,,,,,,False,False
/poketool/pokegra/height.narc,/poketool/pokegra/height.narc!/member_00798,0,/poketool/pokegra/height.narc,331,798,,18852,18853,2992,2993,1,67586e98fad27da0b9968bc039a1ef34c939b9b8e523a8bef89d478608c5ecf6,06,,,,,False,,,,,,,,,,False,False
/poketool/pokegra/height.narc,/poketool/pokegra/height.narc!/member_00799,0,/poketool/pokegra/height.narc,331,799,,18856,18857,2996,2997,1,67586e98fad27da0b9968bc039a1ef34c939b9b8e523a8bef89d478608c5ecf6,06,,,,,False,,,,,,,,,,False,False
/poketool/pokegra/height.narc,/poketool/pokegra/height.narc!/member_00800,0,/poketool/pokegra/height.narc,331,800,,18860,18861,3000,3001,1,e7cf46a078fed4fafd0b5e3aff144802b853f8ae459a4f0c14add3314b7cc3a6,0b,,,,,False,,,,,,,,,,False,False
/poketool/pokegra/height.narc,/poketool/pokegra/height.narc!/member_00801,0,/poketool/pokegra/height.narc,331,801,,18864,18865,3004,3005,1,e7cf46a078fed4fafd0b5e3aff144802b853f8ae459a4f0c14add3314b7cc3a6,0b,,,,,False,,,,,,,,,,False,False
/poketool/pokegra/height.narc,/poketool/pokegra/height.narc!/member_00802,0,/poketool/pokegra/height.narc,331,802,,18868,18869,3008,3009,1,83891d7fe85c33e52c8b4e5814c92fb6a3b9467299200538a6babaa8b452d879,14,,,,,False,,,,,,,,,,False,False
/poketool/pokegra/height.narc,/poketool/pokegra/height.narc!/member_00803,0,/poketool/pokegra/height.narc,331,803,,18872,18873,3012,3013,1,83891d7fe85c33e52c8b4e5814c92fb6a3b9467299200538a6babaa8b452d879,14,,,,,False,,,,,,,,,,False,False
/poketool/pokegra/height.narc,/poketool/pokegra/height.narc!/member_00804,0,/poketool/pokegra/height.narc,331,804,,18876,18876,3016,3016,0,e3b0c44298fc1c149afbf4c8996fb92427ae41e4649b934ca495991b7852b855,,,,,,False,,,,,,,,,,False,False
/poketool/pokegra/height.narc,/poketool/pokegra/height.narc!/member_00805,0,/poketool/pokegra/height.narc,331,805,,18876,18877,3016,3017,1,c555eab45d08845ae9f10d452a99bfcb06f74a50b988fe7e48dd323789b88ee3,10,,Nintendo LZ10,Probable,,True,Nintendo LZ10,Probable,True,,,,,,,False,False
/poketool/pokegra/height.narc,/poketool/pokegra/height.narc!/member_00806,0,/poketool/pokegra/height.narc,331,806,,18880,18880,3020,3020,0,e3b0c44298fc1c149afbf4c8996fb92427ae41e4649b934ca495991b7852b855,,,,,,False,,,,,,,,,,False,False
/poketool/pokegra/height.narc,/poketool/pokegra/height.narc!/member_00807,0,/poketool/pokegra/height.narc,331,807,,18880,18881,3020,3021,1,8f11b05da785e43e713d03774c6bd3405d99cd3024af334ffd68db663aa37034,17,,,,,False,,,,,,,,,,False,False
/poketool/pokegra/height.narc,/poketool/pokegra/height.narc!/member_00808,0,/poketool/pokegra/height.narc,331,808,,18884,18885,3024,3025,1,ef6cbd2161eaea7943ce8693b9824d23d1793ffb1c0fca05b600d3899b44c977,0c,,,,,False,,,,,,,,,,False,False
/poketool/pokegra/height.narc,/poketool/pokegra/height.narc!/member_00809,0,/poketool/pokegra/height.narc,331,809,,18888,18889,3028,3029,1,ef6cbd2161eaea7943ce8693b9824d23d1793ffb1c0fca05b600d3899b44c977,0c,,,,,False,,,,,,,,,,False,False
/poketool/pokegra/height.narc,/poketool/pokegra/height.narc!/member_00810,0,/poketool/pokegra/height.narc,331,810,,18892,18893,3032,3033,1,4d7b3ef7300acf70c892d8327db8272f54434adbc61a4e130a563cb59a0d0f47,0e,,,,,False,,,,,,,,,,False,False
/poketool/pokegra/height.narc,/poketool/pokegra/height.narc!/member_00811,0,/poketool/pokegra/height.narc,331,811,,18896,18897,3036,3037,1,4d7b3ef7300acf70c892d8327db8272f54434adbc61a4e130a563cb59a0d0f47,0e,,,,,False,,,,,,,,,,False,False
/poketool/pokegra/height.narc,/poketool/pokegra/height.narc!/member_00812,0,/poketool/pokegra/height.narc,331,812,,18900,18901,3040,3041,1,4bf5122f344554c53bde2ebb8cd2b7e3d1600ad631c385a5d7cce23c7785459a,01,,,,,False,,,,,,,,,,False,False
/poketool/pokegra/height.narc,/poketool/pokegra/height.narc!/member_00813,0,/poketool/pokegra/height.narc,331,813,,18904,18905,3044,3045,1,4bf5122f344554c53bde2ebb8cd2b7e3d1600ad631c385a5d7cce23c7785459a,01,,,,,False,,,,,,,,,,False,False
/poketool/pokegra/height.narc,/poketool/pokegra/height.narc!/member_00814,0,/poketool/pokegra/height.narc,331,814,,18908,18909,3048,3049,1,ca358758f6d27e6cf45272937977a748fd88391db679ceda7dc7bf1f005ee879,07,,,,,False,,,,,,,,,,False,False
/poketool/pokegra/height.narc,/poketool/pokegra/height.narc!/member_00815,0,/poketool/pokegra/height.narc,331,815,,18912,18913,3052,3053,1,ca358758f6d27e6cf45272937977a748fd88391db679ceda7dc7bf1f005ee879,07,,,,,False,,,,,,,,,,False,False
/poketool/pokegra/height.narc,/poketool/pokegra/height.narc!/member_00816,0,/poketool/pokegra/height.narc,331,816,,18916,18917,3056,3057,1,c555eab45d08845ae9f10d452a99bfcb06f74a50b988fe7e48dd323789b88ee3,10,,Nintendo LZ10,Probable,,True,Nintendo LZ10,Probable,True,,,,,,,False,False
/poketool/pokegra/height.narc,/poketool/pokegra/height.narc!/member_00817,0,/poketool/pokegra/height.narc,331,817,,18920,18921,3060,3061,1,c555eab45d08845ae9f10d452a99bfcb06f74a50b988fe7e48dd323789b88ee3,10,,Nintendo LZ10,Probable,,True,Nintendo LZ10,Probable,True,,,,,,,False,False
/poketool/pokegra/height.narc,/poketool/pokegra/height.narc!/member_00818,0,/poketool/pokegra/height.narc,331,818,,18924,18925,3064,3065,1,83891d7fe85c33e52c8b4e5814c92fb6a3b9467299200538a6babaa8b452d879,14,,,,,False,,,,,,,,,,False,False
/poketool/pokegra/height.narc,/poketool/pokegra/height.narc!/member_00819,0,/poketool/pokegra/height.narc,331,819,,18928,18929,3068,3069,1,83891d7fe85c33e52c8b4e5814c92fb6a3b9467299200538a6babaa8b452d879,14,,,,,False,,,,,,,,,,False,False
/poketool/pokegra/height.narc,/poketool/pokegra/height.narc!/member_00820,0,/poketool/pokegra/height.narc,331,820,,18932,18933,3072,3073,1,83891d7fe85c33e52c8b4e5814c92fb6a3b9467299200538a6babaa8b452d879,14,,,,,False,,,,,,,,,,False,False
/poketool/pokegra/height.narc,/poketool/pokegra/height.narc!/member_00821,0,/poketool/pokegra/height.narc,331,821,,18936,18937,3076,3077,1,83891d7fe85c33e52c8b4e5814c92fb6a3b9467299200538a6babaa8b452d879,14,,,,,False,,,,,,,,,,False,False
/poketool/pokegra/height.narc,/poketool/pokegra/height.narc!/member_00822,0,/poketool/pokegra/height.narc,331,822,,18940,18941,3080,3081,1,4a64a107f0cb32536e5bce6c98c393db21cca7f4ea187ba8c4dca8b51d4ea80a,11,,Nintendo LZ11,Probable,,True,Nintendo LZ11,Probable,True,,,,,,,False,False
/poketool/pokegra/height.narc,/poketool/pokegra/height.narc!/member_00823,0,/poketool/pokegra/height.narc,331,823,,18944,18945,3084,3085,1,4a64a107f0cb32536e5bce6c98c393db21cca7f4ea187ba8c4dca8b51d4ea80a,11,,Nintendo LZ11,Probable,,True,Nintendo LZ11,Probable,True,,,,,,,False,False
/poketool/pokegra/height.narc,/poketool/pokegra/height.narc!/member_00824,0,/poketool/pokegra/height.narc,331,824,,18948,18949,3088,3089,1,2f0fd1e89b8de1d57292742ec380ea47066e307ad645f5bc3adad8a06ff58608,15,,,,,False,,,,,,,,,,False,False
/poketool/pokegra/height.narc,/poketool/pokegra/height.narc!/member_00825,0,/poketool/pokegra/height.narc,331,825,,18952,18953,3092,3093,1,2f0fd1e89b8de1d57292742ec380ea47066e307ad645f5bc3adad8a06ff58608,15,,,,,False,,,,,,,,,,False,False
/poketool/pokegra/height.narc,/poketool/pokegra/height.narc!/member_00826,0,/poketool/pokegra/height.narc,331,826,,18956,18957,3096,3097,1,c555eab45d08845ae9f10d452a99bfcb06f74a50b988fe7e48dd323789b88ee3,10,,Nintendo LZ10,Probable,,True,Nintendo LZ10,Probable,True,,,,,,,False,False
/poketool/pokegra/height.narc,/poketool/pokegra/height.narc!/member_00827,0,/poketool/pokegra/height.narc,331,827,,18960,18961,3100,3101,1,c555eab45d08845ae9f10d452a99bfcb06f74a50b988fe7e48dd323789b88ee3,10,,Nintendo LZ10,Probable,,True,Nintendo LZ10,Probable,True,,,,,,,False,False
/poketool/pokegra/height.narc,/poketool/pokegra/height.narc!/member_00828,0,/poketool/pokegra/height.narc,331,828,,18964,18965,3104,3105,1,beead77994cf573341ec17b58bbf7eb34d2711c993c1d976b128b3188dc1829a,08,,,,,False,,,,,,,,,,False,False
/poketool/pokegra/height.narc,/poketool/pokegra/height.narc!/member_00829,0,/poketool/pokegra/height.narc,331,829,,18968,18969,3108,3109,1,beead77994cf573341ec17b58bbf7eb34d2711c993c1d976b128b3188dc1829a,08,,,,,False,,,,,,,,,,False,False
/poketool/pokegra/height.narc,/poketool/pokegra/height.narc!/member_00830,0,/poketool/pokegra/height.narc,331,830,,18972,18973,3112,3113,1,9d1e0e2d9459d06523ad13e28a4093c2316baafe7aec5b25f30eba2e113599c4,0d,,,,,False,,,,,,,,,,False,False
/poketool/pokegra/height.narc,/poketool/pokegra/height.narc!/member_00831,0,/poketool/pokegra/height.narc,331,831,,18976,18977,3116,3117,1,ef6cbd2161eaea7943ce8693b9824d23d1793ffb1c0fca05b600d3899b44c977,0c,,,,,False,,,,,,,,,,False,False
/poketool/pokegra/height.narc,/poketool/pokegra/height.narc!/member_00832,0,/poketool/pokegra/height.narc,331,832,,18980,18981,3120,3121,1,6e340b9cffb37a989ca544e6bb780a2c78901d3fb33738768511a30617afa01d,00,,,,,False,,,,,,,,,,False,False
/poketool/pokegra/height.narc,/poketool/pokegra/height.narc!/member_00833,0,/poketool/pokegra/height.narc,331,833,,18984,18985,3124,3125,1,6e340b9cffb37a989ca544e6bb780a2c78901d3fb33738768511a30617afa01d,00,,,,,False,,,,,,,,,,False,False
/poketool/pokegra/height.narc,/poketool/pokegra/height.narc!/member_00834,0,/poketool/pokegra/height.narc,331,834,,18988,18989,3128,3129,1,67586e98fad27da0b9968bc039a1ef34c939b9b8e523a8bef89d478608c5ecf6,06,,,,,False,,,,,,,,,,False,False
/poketool/pokegra/height.narc,/poketool/pokegra/height.narc!/member_00835,0,/poketool/pokegra/height.narc,331,835,,18992,18993,3132,3133,1,67586e98fad27da0b9968bc039a1ef34c939b9b8e523a8bef89d478608c5ecf6,06,,,,,False,,,,,,,,,,False,False
/poketool/pokegra/height.narc,/poketool/pokegra/height.narc!/member_00836,0,/poketool/pokegra/height.narc,331,836,,18996,18997,3136,3137,1,4a64a107f0cb32536e5bce6c98c393db21cca7f4ea187ba8c4dca8b51d4ea80a,11,,Nintendo LZ11,Probable,,True,Nintendo LZ11,Probable,True,,,,,,,False,False
/poketool/pokegra/height.narc,/poketool/pokegra/height.narc!/member_00837,0,/poketool/pokegra/height.narc,331,837,,19000,19001,3140,3141,1,4a64a107f0cb32536e5bce6c98c393db21cca7f4ea187ba8c4dca8b51d4ea80a,11,,Nintendo LZ11,Probable,,True,Nintendo LZ11,Probable,True,,,,,,,False,False
/poketool/pokegra/height.narc,/poketool/pokegra/height.narc!/member_00838,0,/poketool/pokegra/height.narc,331,838,,19004,19005,3144,3145,1,ab897fbdedfa502b2d839b6a56100887dccdc507555c282e59589e06300a62e2,13,,,,,False,,,,,,,,,,False,False
/poketool/pokegra/height.narc,/poketool/pokegra/height.narc!/member_00839,0,/poketool/pokegra/height.narc,331,839,,19008,19009,3148,3149,1,ab897fbdedfa502b2d839b6a56100887dccdc507555c282e59589e06300a62e2,13,,,,,False,,,,,,,,,,False,False
/poketool/pokegra/height.narc,/poketool/pokegra/height.narc!/member_00840,0,/poketool/pokegra/height.narc,331,840,,19012,19013,3152,3153,1,01ba4719c80b6fe911b091a7c05124b64eeece964e09c058ef8f9805daca546b,0a,,,,,False,,,,,,,,,,False,False
/poketool/pokegra/height.narc,/poketool/pokegra/height.narc!/member_00841,0,/poketool/pokegra/height.narc,331,841,,19016,19017,3156,3157,1,01ba4719c80b6fe911b091a7c05124b64eeece964e09c058ef8f9805daca546b,0a,,,,,False,,,,,,,,,,False,False
/poketool/pokegra/height.narc,/poketool/pokegra/height.narc!/member_00842,0,/poketool/pokegra/height.narc,331,842,,19020,19021,3160,3161,1,9d1e0e2d9459d06523ad13e28a4093c2316baafe7aec5b25f30eba2e113599c4,0d,,,,,False,,,,,,,,,,False,False
/poketool/pokegra/height.narc,/poketool/pokegra/height.narc!/member_00843,0,/poketool/pokegra/height.narc,331,843,,19024,19025,3164,3165,1,9d1e0e2d9459d06523ad13e28a4093c2316baafe7aec5b25f30eba2e113599c4,0d,,,,,False,,,,,,,,,,False,False
/poketool/pokegra/height.narc,/poketool/pokegra/height.narc!/member_00844,0,/poketool/pokegra/height.narc,331,844,,19028,19029,3168,3169,1,2b4c342f5433ebe591a1da77e013d1b72475562d48578dca8b84bac6651c3cb9,09,,,,,False,,,,,,,,,,False,False
/poketool/pokegra/height.narc,/poketool/pokegra/height.narc!/member_00845,0,/poketool/pokegra/height.narc,331,845,,19032,19033,3172,3173,1,2b4c342f5433ebe591a1da77e013d1b72475562d48578dca8b84bac6651c3cb9,09,,,,,False,,,,,,,,,,False,False
/poketool/pokegra/height.narc,/poketool/pokegra/height.narc!/member_00846,0,/poketool/pokegra/height.narc,331,846,,19036,19037,3176,3177,1,83891d7fe85c33e52c8b4e5814c92fb6a3b9467299200538a6babaa8b452d879,14,,,,,False,,,,,,,,,,False,False
/poketool/pokegra/height.narc,/poketool/pokegra/height.narc!/member_00847,0,/poketool/pokegra/height.narc,331,847,,19040,19041,3180,3181,1,83891d7fe85c33e52c8b4e5814c92fb6a3b9467299200538a6babaa8b452d879,14,,,,,False,,,,,,,,,,False,False
/poketool/pokegra/height.narc,/poketool/pokegra/height.narc!/member_00848,0,/poketool/pokegra/height.narc,331,848,,19044,19045,3184,3185,1,67586e98fad27da0b9968bc039a1ef34c939b9b8e523a8bef89d478608c5ecf6,06,,,,,False,,,,,,,,,,False,False
/poketool/pokegra/height.narc,/poketool/pokegra/height.narc!/member_00849,0,/poketool/pokegra/height.narc,331,849,,19048,19049,3188,3189,1,67586e98fad27da0b9968bc039a1ef34c939b9b8e523a8bef89d478608c5ecf6,06,,,,,False,,,,,,,,,,False,False
/poketool/pokegra/height.narc,/poketool/pokegra/height.narc!/member_00850,0,/poketool/pokegra/height.narc,331,850,,19052,19053,3192,3193,1,beead77994cf573341ec17b58bbf7eb34d2711c993c1d976b128b3188dc1829a,08,,,,,False,,,,,,,,,,False,False
/poketool/pokegra/height.narc,/poketool/pokegra/height.narc!/member_00851,0,/poketool/pokegra/height.narc,331,851,,19056,19057,3196,3197,1,beead77994cf573341ec17b58bbf7eb34d2711c993c1d976b128b3188dc1829a,08,,,,,False,,,,,,,,,,False,False
/poketool/pokegra/height.narc,/poketool/pokegra/height.narc!/member_00852,0,/poketool/pokegra/height.narc,331,852,,19060,19061,3200,3201,1,4d7b3ef7300acf70c892d8327db8272f54434adbc61a4e130a563cb59a0d0f47,0e,,,,,False,,,,,,,,,,False,False
/poketool/pokegra/height.narc,/poketool/pokegra/height.narc!/member_00853,0,/poketool/pokegra/height.narc,331,853,,19064,19065,3204,3205,1,4d7b3ef7300acf70c892d8327db8272f54434adbc61a4e130a563cb59a0d0f47,0e,,,,,False,,,,,,,,,,False,False
/poketool/pokegra/height.narc,/poketool/pokegra/height.narc!/member_00854,0,/poketool/pokegra/height.narc,331,854,,19068,19069,3208,3209,1,ab897fbdedfa502b2d839b6a56100887dccdc507555c282e59589e06300a62e2,13,,,,,False,,,,,,,,,,False,False
/poketool/pokegra/height.narc,/poketool/pokegra/height.narc!/member_00855,0,/poketool/pokegra/height.narc,331,855,,19072,19073,3212,3213,1,ab897fbdedfa502b2d839b6a56100887dccdc507555c282e59589e06300a62e2,13,,,,,False,,,,,,,,,,False,False
/poketool/pokegra/height.narc,/poketool/pokegra/height.narc!/member_00856,0,/poketool/pokegra/height.narc,331,856,,19076,19077,3216,3217,1,2b4c342f5433ebe591a1da77e013d1b72475562d48578dca8b84bac6651c3cb9,09,,,,,False,,,,,,,,,,False,False
/poketool/pokegra/height.narc,/poketool/pokegra/height.narc!/member_00857,0,/poketool/pokegra/height.narc,331,857,,19080,19081,3220,3221,1,084fed08b978af4d7d196a7446a86b58009e636b611db16211b65a9aadff29c5,03,,,,,False,,,,,,,,,,False,False
/poketool/pokegra/height.narc,/poketool/pokegra/height.narc!/member_00858,0,/poketool/pokegra/height.narc,331,858,,19084,19085,3224,3225,1,2b4c342f5433ebe591a1da77e013d1b72475562d48578dca8b84bac6651c3cb9,09,,,,,False,,,,,,,,,,False,False
/poketool/pokegra/height.narc,/poketool/pokegra/height.narc!/member_00859,0,/poketool/pokegra/height.narc,331,859,,19088,19089,3228,3229,1,2b4c342f5433ebe591a1da77e013d1b72475562d48578dca8b84bac6651c3cb9,09,,,,,False,,,,,,,,,,False,False
/poketool/pokegra/height.narc,/poketool/pokegra/height.narc!/member_00860,0,/poketool/pokegra/height.narc,331,860,,19092,19093,3232,3233,1,beead77994cf573341ec17b58bbf7eb34d2711c993c1d976b128b3188dc1829a,08,,,,,False,,,,,,,,,,False,False
/poketool/pokegra/height.narc,/poketool/pokegra/height.narc!/member_00861,0,/poketool/pokegra/height.narc,331,861,,19096,19097,3236,3237,1,084fed08b978af4d7d196a7446a86b58009e636b611db16211b65a9aadff29c5,03,,,,,False,,,,,,,,,,False,False
/poketool/pokegra/height.narc,/poketool/pokegra/height.narc!/member_00862,0,/poketool/pokegra/height.narc,331,862,,19100,19101,3240,3241,1,9d1e0e2d9459d06523ad13e28a4093c2316baafe7aec5b25f30eba2e113599c4,0d,,,,,False,,,,,,,,,,False,False
/poketool/pokegra/height.narc,/poketool/pokegra/height.narc!/member_00863,0,/poketool/pokegra/height.narc,331,863,,19104,19105,3244,3245,1,9d1e0e2d9459d06523ad13e28a4093c2316baafe7aec5b25f30eba2e113599c4,0d,,,,,False,,,,,,,,,,False,False
/poketool/pokegra/height.narc,/poketool/pokegra/height.narc!/member_00864,0,/poketool/pokegra/height.narc,331,864,,19108,19109,3248,3249,1,e7cf46a078fed4fafd0b5e3aff144802b853f8ae459a4f0c14add3314b7cc3a6,0b,,,,,False,,,,,,,,,,False,False
/poketool/pokegra/height.narc,/poketool/pokegra/height.narc!/member_00865,0,/poketool/pokegra/height.narc,331,865,,19112,19113,3252,3253,1,e7cf46a078fed4fafd0b5e3aff144802b853f8ae459a4f0c14add3314b7cc3a6,0b,,,,,False,,,,,,,,,,False,False
/poketool/pokegra/height.narc,/poketool/pokegra/height.narc!/member_00866,0,/poketool/pokegra/height.narc,331,866,,19116,19117,3256,3257,1,7cb7c4547cf2653590d7a9ace60cc623d25148adfbc88a89aeb0ef88da7839ba,16,,,,,False,,,,,,,,,,False,False
/poketool/pokegra/height.narc,/poketool/pokegra/height.narc!/member_00867,0,/poketool/pokegra/height.narc,331,867,,19120,19121,3260,3261,1,7cb7c4547cf2653590d7a9ace60cc623d25148adfbc88a89aeb0ef88da7839ba,16,,,,,False,,,,,,,,,,False,False
/poketool/pokegra/height.narc,/poketool/pokegra/height.narc!/member_00868,0,/poketool/pokegra/height.narc,331,868,,19124,19125,3264,3265,1,084fed08b978af4d7d196a7446a86b58009e636b611db16211b65a9aadff29c5,03,,,,,False,,,,,,,,,,False,False
/poketool/pokegra/height.narc,/poketool/pokegra/height.narc!/member_00869,0,/poketool/pokegra/height.narc,331,869,,19128,19129,3268,3269,1,084fed08b978af4d7d196a7446a86b58009e636b611db16211b65a9aadff29c5,03,,,,,False,,,,,,,,,,False,False
/poketool/pokegra/height.narc,/poketool/pokegra/height.narc!/member_00870,0,/poketool/pokegra/height.narc,331,870,,19132,19133,3272,3273,1,ca358758f6d27e6cf45272937977a748fd88391db679ceda7dc7bf1f005ee879,07,,,,,False,,,,,,,,,,False,False
/poketool/pokegra/height.narc,/poketool/pokegra/height.narc!/member_00871,0,/poketool/pokegra/height.narc,331,871,,19136,19137,3276,3277,1,ca358758f6d27e6cf45272937977a748fd88391db679ceda7dc7bf1f005ee879,07,,,,,False,,,,,,,,,,False,False
/poketool/pokegra/height.narc,/poketool/pokegra/height.narc!/member_00872,0,/poketool/pokegra/height.narc,331,872,,19140,19141,3280,3281,1,beead77994cf573341ec17b58bbf7eb34d2711c993c1d976b128b3188dc1829a,08,,,,,False,,,,,,,,,,False,False
/poketool/pokegra/height.narc,/poketool/pokegra/height.narc!/member_00873,0,/poketool/pokegra/height.narc,331,873,,19144,19145,3284,3285,1,beead77994cf573341ec17b58bbf7eb34d2711c993c1d976b128b3188dc1829a,08,,,,,False,,,,,,,,,,False,False
/poketool/pokegra/height.narc,/poketool/pokegra/height.narc!/member_00874,0,/poketool/pokegra/height.narc,331,874,,19148,19149,3288,3289,1,ab897fbdedfa502b2d839b6a56100887dccdc507555c282e59589e06300a62e2,13,,,,,False,,,,,,,,,,False,False
/poketool/pokegra/height.narc,/poketool/pokegra/height.narc!/member_00875,0,/poketool/pokegra/height.narc,331,875,,19152,19153,3292,3293,1,ab897fbdedfa502b2d839b6a56100887dccdc507555c282e59589e06300a62e2,13,,,,,False,,,,,,,,,,False,False
/poketool/pokegra/height.narc,/poketool/pokegra/height.narc!/member_00876,0,/poketool/pokegra/height.narc,331,876,,19156,19157,3296,3297,1,2b4c342f5433ebe591a1da77e013d1b72475562d48578dca8b84bac6651c3cb9,09,,,,,False,,,,,,,,,,False,False
/poketool/pokegra/height.narc,/poketool/pokegra/height.narc!/member_00877,0,/poketool/pokegra/height.narc,331,877,,19160,19161,3300,3301,1,2b4c342f5433ebe591a1da77e013d1b72475562d48578dca8b84bac6651c3cb9,09,,,,,False,,,,,,,,,,False,False
/poketool/pokegra/height.narc,/poketool/pokegra/height.narc!/member_00878,0,/poketool/pokegra/height.narc,331,878,,19164,19165,3304,3305,1,4d7b3ef7300acf70c892d8327db8272f54434adbc61a4e130a563cb59a0d0f47,0e,,,,,False,,,,,,,,,,False,False
/poketool/pokegra/height.narc,/poketool/pokegra/height.narc!/member_00879,0,/poketool/pokegra/height.narc,331,879,,19168,19169,3308,3309,1,4d7b3ef7300acf70c892d8327db8272f54434adbc61a4e130a563cb59a0d0f47,0e,,,,,False,,,,,,,,,,False,False
/poketool/pokegra/height.narc,/poketool/pokegra/height.narc!/member_00880,0,/poketool/pokegra/height.narc,331,880,,19172,19173,3312,3313,1,8f11b05da785e43e713d03774c6bd3405d99cd3024af334ffd68db663aa37034,17,,,,,False,,,,,,,,,,False,False
/poketool/pokegra/height.narc,/poketool/pokegra/height.narc!/member_00881,0,/poketool/pokegra/height.narc,331,881,,19176,19177,3316,3317,1,8f11b05da785e43e713d03774c6bd3405d99cd3024af334ffd68db663aa37034,17,,,,,False,,,,,,,,,,False,False
/poketool/pokegra/height.narc,/poketool/pokegra/height.narc!/member_00882,0,/poketool/pokegra/height.narc,331,882,,19180,19181,3320,3321,1,77adfc95029e73b173f60e556f915b0cd8850848111358b1c370fb7c154e61fd,1b,,,,,False,,,,,,,,,,False,False
/poketool/pokegra/height.narc,/poketool/pokegra/height.narc!/member_00883,0,/poketool/pokegra/height.narc,331,883,,19184,19185,3324,3325,1,77adfc95029e73b173f60e556f915b0cd8850848111358b1c370fb7c154e61fd,1b,,,,,False,,,,,,,,,,False,False
/poketool/pokegra/height.narc,/poketool/pokegra/height.narc!/member_00884,0,/poketool/pokegra/height.narc,331,884,,19188,19189,3328,3329,1,01ba4719c80b6fe911b091a7c05124b64eeece964e09c058ef8f9805daca546b,0a,,,,,False,,,,,,,,,,False,False
/poketool/pokegra/height.narc,/poketool/pokegra/height.narc!/member_00885,0,/poketool/pokegra/height.narc,331,885,,19192,19193,3332,3333,1,01ba4719c80b6fe911b091a7c05124b64eeece964e09c058ef8f9805daca546b,0a,,,,,False,,,,,,,,,,False,False
/poketool/pokegra/height.narc,/poketool/pokegra/height.narc!/member_00886,0,/poketool/pokegra/height.narc,331,886,,19196,19197,3336,3337,1,dc0e9c3658a1a3ed1ec94274d8b19925c93e1abb7ddba294923ad9bde30f8cb8,0f,,,,,False,,,,,,,,,,False,False
/poketool/pokegra/height.narc,/poketool/pokegra/height.narc!/member_00887,0,/poketool/pokegra/height.narc,331,887,,19200,19201,3340,3341,1,dc0e9c3658a1a3ed1ec94274d8b19925c93e1abb7ddba294923ad9bde30f8cb8,0f,,,,,False,,,,,,,,,,False,False
/poketool/pokegra/height.narc,/poketool/pokegra/height.narc!/member_00888,0,/poketool/pokegra/height.narc,331,888,,19204,19205,3344,3345,1,01ba4719c80b6fe911b091a7c05124b64eeece964e09c058ef8f9805daca546b,0a,,,,,False,,,,,,,,,,False,False
/poketool/pokegra/height.narc,/poketool/pokegra/height.narc!/member_00889,0,/poketool/pokegra/height.narc,331,889,,19208,19209,3348,3349,1,01ba4719c80b6fe911b091a7c05124b64eeece964e09c058ef8f9805daca546b,0a,,,,,False,,,,,,,,,,False,False
/poketool/pokegra/height.narc,/poketool/pokegra/height.narc!/member_00890,0,/poketool/pokegra/height.narc,331,890,,19212,19213,3352,3353,1,ab897fbdedfa502b2d839b6a56100887dccdc507555c282e59589e06300a62e2,13,,,,,False,,,,,,,,,,False,False
/poketool/pokegra/height.narc,/poketool/pokegra/height.narc!/member_00891,0,/poketool/pokegra/height.narc,331,891,,19216,19217,3356,3357,1,ab897fbdedfa502b2d839b6a56100887dccdc507555c282e59589e06300a62e2,13,,,,,False,,,,,,,,,,False,False
/poketool/pokegra/height.narc,/poketool/pokegra/height.narc!/member_00892,0,/poketool/pokegra/height.narc,331,892,,19220,19221,3360,3361,1,dc0e9c3658a1a3ed1ec94274d8b19925c93e1abb7ddba294923ad9bde30f8cb8,0f,,,,,False,,,,,,,,,,False,False
/poketool/pokegra/height.narc,/poketool/pokegra/height.narc!/member_00893,0,/poketool/pokegra/height.narc,331,893,,19224,19225,3364,3365,1,dc0e9c3658a1a3ed1ec94274d8b19925c93e1abb7ddba294923ad9bde30f8cb8,0f,,,,,False,,,,,,,,,,False,False
/poketool/pokegra/height.narc,/poketool/pokegra/height.narc!/member_00894,0,/poketool/pokegra/height.narc,331,894,,19228,19229,3368,3369,1,8f11b05da785e43e713d03774c6bd3405d99cd3024af334ffd68db663aa37034,17,,,,,False,,,,,,,,,,False,False
/poketool/pokegra/height.narc,/poketool/pokegra/height.narc!/member_00895,0,/poketool/pokegra/height.narc,331,895,,19232,19233,3372,3373,1,8f11b05da785e43e713d03774c6bd3405d99cd3024af334ffd68db663aa37034,17,,,,,False,,,,,,,,,,False,False
/poketool/pokegra/height.narc,/poketool/pokegra/height.narc!/member_00896,0,/poketool/pokegra/height.narc,331,896,,19236,19237,3376,3377,1,01ba4719c80b6fe911b091a7c05124b64eeece964e09c058ef8f9805daca546b,0a,,,,,False,,,,,,,,,,False,False
/poketool/pokegra/height.narc,/poketool/pokegra/height.narc!/member_00897,0,/poketool/pokegra/height.narc,331,897,,19240,19241,3380,3381,1,2b4c342f5433ebe591a1da77e013d1b72475562d48578dca8b84bac6651c3cb9,09,,,,,False,,,,,,,,,,False,False
/poketool/pokegra/height.narc,/poketool/pokegra/height.narc!/member_00898,0,/poketool/pokegra/height.narc,331,898,,19244,19245,3384,3385,1,f299791cddd3d6664f6670842812ef6053eb6501bd6282a476bbbf3ee91e750c,12,,,,,False,,,,,,,,,,False,False
/poketool/pokegra/height.narc,/poketool/pokegra/height.narc!/member_00899,0,/poketool/pokegra/height.narc,331,899,,19248,19249,3388,3389,1,f299791cddd3d6664f6670842812ef6053eb6501bd6282a476bbbf3ee91e750c,12,,,,,False,,,,,,,,,,False,False
/poketool/pokegra/height.narc,/poketool/pokegra/height.narc!/member_00900,0,/poketool/pokegra/height.narc,331,900,,19252,19253,3392,3393,1,01ba4719c80b6fe911b091a7c05124b64eeece964e09c058ef8f9805daca546b,0a,,,,,False,,,,,,,,,,False,False
/poketool/pokegra/height.narc,/poketool/pokegra/height.narc!/member_00901,0,/poketool/pokegra/height.narc,331,901,,19256,19257,3396,3397,1,01ba4719c80b6fe911b091a7c05124b64eeece964e09c058ef8f9805daca546b,0a,,,,,False,,,,,,,,,,False,False
/poketool/pokegra/height.narc,/poketool/pokegra/height.narc!/member_00902,0,/poketool/pokegra/height.narc,331,902,,19260,19261,3400,3401,1,dc0e9c3658a1a3ed1ec94274d8b19925c93e1abb7ddba294923ad9bde30f8cb8,0f,,,,,False,,,,,,,,,,False,False
/poketool/pokegra/height.narc,/poketool/pokegra/height.narc!/member_00903,0,/poketool/pokegra/height.narc,331,903,,19264,19265,3404,3405,1,dc0e9c3658a1a3ed1ec94274d8b19925c93e1abb7ddba294923ad9bde30f8cb8,0f,,,,,False,,,,,,,,,,False,False
/poketool/pokegra/height.narc,/poketool/pokegra/height.narc!/member_00904,0,/poketool/pokegra/height.narc,331,904,,19268,19269,3408,3409,1,67586e98fad27da0b9968bc039a1ef34c939b9b8e523a8bef89d478608c5ecf6,06,,,,,False,,,,,,,,,,False,False
/poketool/pokegra/height.narc,/poketool/pokegra/height.narc!/member_00905,0,/poketool/pokegra/height.narc,331,905,,19272,19273,3412,3413,1,67586e98fad27da0b9968bc039a1ef34c939b9b8e523a8bef89d478608c5ecf6,06,,,,,False,,,,,,,,,,False,False
/poketool/pokegra/height.narc,/poketool/pokegra/height.narc!/member_00906,0,/poketool/pokegra/height.narc,331,906,,19276,19277,3416,3417,1,ca358758f6d27e6cf45272937977a748fd88391db679ceda7dc7bf1f005ee879,07,,,,,False,,,,,,,,,,False,False
/poketool/pokegra/height.narc,/poketool/pokegra/height.narc!/member_00907,0,/poketool/pokegra/height.narc,331,907,,19280,19281,3420,3421,1,ca358758f6d27e6cf45272937977a748fd88391db679ceda7dc7bf1f005ee879,07,,,,,False,,,,,,,,,,False,False
/poketool/pokegra/height.narc,/poketool/pokegra/height.narc!/member_00908,0,/poketool/pokegra/height.narc,331,908,,19284,19285,3424,3425,1,4bf5122f344554c53bde2ebb8cd2b7e3d1600ad631c385a5d7cce23c7785459a,01,,,,,False,,,,,,,,,,False,False
/poketool/pokegra/height.narc,/poketool/pokegra/height.narc!/member_00909,0,/poketool/pokegra/height.narc,331,909,,19288,19289,3428,3429,1,4bf5122f344554c53bde2ebb8cd2b7e3d1600ad631c385a5d7cce23c7785459a,01,,,,,False,,,,,,,,,,False,False
/poketool/pokegra/height.narc,/poketool/pokegra/height.narc!/member_00910,0,/poketool/pokegra/height.narc,331,910,,19292,19293,3432,3433,1,ca358758f6d27e6cf45272937977a748fd88391db679ceda7dc7bf1f005ee879,07,,,,,False,,,,,,,,,,False,False
/poketool/pokegra/height.narc,/poketool/pokegra/height.narc!/member_00911,0,/poketool/pokegra/height.narc,331,911,,19296,19297,3436,3437,1,ca358758f6d27e6cf45272937977a748fd88391db679ceda7dc7bf1f005ee879,07,,,,,False,,,,,,,,,,False,False
/poketool/pokegra/height.narc,/poketool/pokegra/height.narc!/member_00912,0,/poketool/pokegra/height.narc,331,912,,19300,19301,3440,3441,1,ef6cbd2161eaea7943ce8693b9824d23d1793ffb1c0fca05b600d3899b44c977,0c,,,,,False,,,,,,,,,,False,False
/poketool/pokegra/height.narc,/poketool/pokegra/height.narc!/member_00913,0,/poketool/pokegra/height.narc,331,913,,19304,19305,3444,3445,1,ef6cbd2161eaea7943ce8693b9824d23d1793ffb1c0fca05b600d3899b44c977,0c,,,,,False,,,,,,,,,,False,False
/poketool/pokegra/height.narc,/poketool/pokegra/height.narc!/member_00914,0,/poketool/pokegra/height.narc,331,914,,19308,19309,3448,3449,1,83891d7fe85c33e52c8b4e5814c92fb6a3b9467299200538a6babaa8b452d879,14,,,,,False,,,,,,,,,,False,False
/poketool/pokegra/height.narc,/poketool/pokegra/height.narc!/member_00915,0,/poketool/pokegra/height.narc,331,915,,19312,19313,3452,3453,1,83891d7fe85c33e52c8b4e5814c92fb6a3b9467299200538a6babaa8b452d879,14,,,,,False,,,,,,,,,,False,False
/poketool/pokegra/height.narc,/poketool/pokegra/height.narc!/member_00916,0,/poketool/pokegra/height.narc,331,916,,19316,19317,3456,3457,1,beead77994cf573341ec17b58bbf7eb34d2711c993c1d976b128b3188dc1829a,08,,,,,False,,,,,,,,,,False,False
/poketool/pokegra/height.narc,/poketool/pokegra/height.narc!/member_00917,0,/poketool/pokegra/height.narc,331,917,,19320,19321,3460,3461,1,beead77994cf573341ec17b58bbf7eb34d2711c993c1d976b128b3188dc1829a,08,,,,,False,,,,,,,,,,False,False
/poketool/pokegra/height.narc,/poketool/pokegra/height.narc!/member_00918,0,/poketool/pokegra/height.narc,331,918,,19324,19325,3464,3465,1,2b4c342f5433ebe591a1da77e013d1b72475562d48578dca8b84bac6651c3cb9,09,,,,,False,,,,,,,,,,False,False
/poketool/pokegra/height.narc,/poketool/pokegra/height.narc!/member_00919,0,/poketool/pokegra/height.narc,331,919,,19328,19329,3468,3469,1,2b4c342f5433ebe591a1da77e013d1b72475562d48578dca8b84bac6651c3cb9,09,,,,,False,,,,,,,,,,False,False
/poketool/pokegra/height.narc,/poketool/pokegra/height.narc!/member_00920,0,/poketool/pokegra/height.narc,331,920,,19332,19333,3472,3473,1,ca358758f6d27e6cf45272937977a748fd88391db679ceda7dc7bf1f005ee879,07,,,,,False,,,,,,,,,,False,False
/poketool/pokegra/height.narc,/poketool/pokegra/height.narc!/member_00921,0,/poketool/pokegra/height.narc,331,921,,19336,19337,3476,3477,1,ca358758f6d27e6cf45272937977a748fd88391db679ceda7dc7bf1f005ee879,07,,,,,False,,,,,,,,,,False,False
/poketool/pokegra/height.narc,/poketool/pokegra/height.narc!/member_00922,0,/poketool/pokegra/height.narc,331,922,,19340,19341,3480,3481,1,ca358758f6d27e6cf45272937977a748fd88391db679ceda7dc7bf1f005ee879,07,,,,,False,,,,,,,,,,False,False
/poketool/pokegra/height.narc,/poketool/pokegra/height.narc!/member_00923,0,/poketool/pokegra/height.narc,331,923,,19344,19345,3484,3485,1,ca358758f6d27e6cf45272937977a748fd88391db679ceda7dc7bf1f005ee879,07,,,,,False,,,,,,,,,,False,False
/poketool/pokegra/height.narc,/poketool/pokegra/height.narc!/member_00924,0,/poketool/pokegra/height.narc,331,924,,19348,19349,3488,3489,1,c555eab45d08845ae9f10d452a99bfcb06f74a50b988fe7e48dd323789b88ee3,10,,Nintendo LZ10,Probable,,True,Nintendo LZ10,Probable,True,,,,,,,False,False
/poketool/pokegra/height.narc,/poketool/pokegra/height.narc!/member_00925,0,/poketool/pokegra/height.narc,331,925,,19352,19353,3492,3493,1,c555eab45d08845ae9f10d452a99bfcb06f74a50b988fe7e48dd323789b88ee3,10,,Nintendo LZ10,Probable,,True,Nintendo LZ10,Probable,True,,,,,,,False,False
/poketool/pokegra/height.narc,/poketool/pokegra/height.narc!/member_00926,0,/poketool/pokegra/height.narc,331,926,,19356,19357,3496,3497,1,7cb7c4547cf2653590d7a9ace60cc623d25148adfbc88a89aeb0ef88da7839ba,16,,,,,False,,,,,,,,,,False,False
/poketool/pokegra/height.narc,/poketool/pokegra/height.narc!/member_00927,0,/poketool/pokegra/height.narc,331,927,,19360,19361,3500,3501,1,7cb7c4547cf2653590d7a9ace60cc623d25148adfbc88a89aeb0ef88da7839ba,16,,,,,False,,,,,,,,,,False,False
/poketool/pokegra/height.narc,/poketool/pokegra/height.narc!/member_00928,0,/poketool/pokegra/height.narc,331,928,,19364,19365,3504,3505,1,ef6cbd2161eaea7943ce8693b9824d23d1793ffb1c0fca05b600d3899b44c977,0c,,,,,False,,,,,,,,,,False,False
/poketool/pokegra/height.narc,/poketool/pokegra/height.narc!/member_00929,0,/poketool/pokegra/height.narc,331,929,,19368,19369,3508,3509,1,ef6cbd2161eaea7943ce8693b9824d23d1793ffb1c0fca05b600d3899b44c977,0c,,,,,False,,,,,,,,,,False,False
/poketool/pokegra/height.narc,/poketool/pokegra/height.narc!/member_00930,0,/poketool/pokegra/height.narc,331,930,,19372,19373,3512,3513,1,f299791cddd3d6664f6670842812ef6053eb6501bd6282a476bbbf3ee91e750c,12,,,,,False,,,,,,,,,,False,False
/poketool/pokegra/height.narc,/poketool/pokegra/height.narc!/member_00931,0,/poketool/pokegra/height.narc,331,931,,19376,19377,3516,3517,1,f299791cddd3d6664f6670842812ef6053eb6501bd6282a476bbbf3ee91e750c,12,,,,,False,,,,,,,,,,False,False
/poketool/pokegra/height.narc,/poketool/pokegra/height.narc!/member_00932,0,/poketool/pokegra/height.narc,331,932,,19380,19380,3520,3520,0,e3b0c44298fc1c149afbf4c8996fb92427ae41e4649b934ca495991b7852b855,,,,,,False,,,,,,,,,,False,False
/poketool/pokegra/height.narc,/poketool/pokegra/height.narc!/member_00933,0,/poketool/pokegra/height.narc,331,933,,19380,19381,3520,3521,1,4d7b3ef7300acf70c892d8327db8272f54434adbc61a4e130a563cb59a0d0f47,0e,,,,,False,,,,,,,,,,False,False
/poketool/pokegra/height.narc,/poketool/pokegra/height.narc!/member_00934,0,/poketool/pokegra/height.narc,331,934,,19384,19384,3524,3524,0,e3b0c44298fc1c149afbf4c8996fb92427ae41e4649b934ca495991b7852b855,,,,,,False,,,,,,,,,,False,False
/poketool/pokegra/height.narc,/poketool/pokegra/height.narc!/member_00935,0,/poketool/pokegra/height.narc,331,935,,19384,19385,3524,3525,1,8f11b05da785e43e713d03774c6bd3405d99cd3024af334ffd68db663aa37034,17,,,,,False,,,,,,,,,,False,False
/poketool/pokegra/height.narc,/poketool/pokegra/height.narc!/member_00936,0,/poketool/pokegra/height.narc,331,936,,19388,19389,3528,3529,1,4bf5122f344554c53bde2ebb8cd2b7e3d1600ad631c385a5d7cce23c7785459a,01,,,,,False,,,,,,,,,,False,False
/poketool/pokegra/height.narc,/poketool/pokegra/height.narc!/member_00937,0,/poketool/pokegra/height.narc,331,937,,19392,19393,3532,3533,1,4bf5122f344554c53bde2ebb8cd2b7e3d1600ad631c385a5d7cce23c7785459a,01,,,,,False,,,,,,,,,,False,False
/poketool/pokegra/height.narc,/poketool/pokegra/height.narc!/member_00938,0,/poketool/pokegra/height.narc,331,938,,19396,19397,3536,3537,1,ef6cbd2161eaea7943ce8693b9824d23d1793ffb1c0fca05b600d3899b44c977,0c,,,,,False,,,,,,,,,,False,False
/poketool/pokegra/height.narc,/poketool/pokegra/height.narc!/member_00939,0,/poketool/pokegra/height.narc,331,939,,19400,19401,3540,3541,1,ef6cbd2161eaea7943ce8693b9824d23d1793ffb1c0fca05b600d3899b44c977,0c,,,,,False,,,,,,,,,,False,False
/poketool/pokegra/height.narc,/poketool/pokegra/height.narc!/member_00940,0,/poketool/pokegra/height.narc,331,940,,19404,19405,3544,3545,1,e7cf46a078fed4fafd0b5e3aff144802b853f8ae459a4f0c14add3314b7cc3a6,0b,,,,,False,,,,,,,,,,False,False
/poketool/pokegra/height.narc,/poketool/pokegra/height.narc!/member_00941,0,/poketool/pokegra/height.narc,331,941,,19408,19409,3548,3549,1,e7cf46a078fed4fafd0b5e3aff144802b853f8ae459a4f0c14add3314b7cc3a6,0b,,,,,False,,,,,,,,,,False,False
/poketool/pokegra/height.narc,/poketool/pokegra/height.narc!/member_00942,0,/poketool/pokegra/height.narc,331,942,,19412,19413,3552,3553,1,ef6cbd2161eaea7943ce8693b9824d23d1793ffb1c0fca05b600d3899b44c977,0c,,,,,False,,,,,,,,,,False,False
/poketool/pokegra/height.narc,/poketool/pokegra/height.narc!/member_00943,0,/poketool/pokegra/height.narc,331,943,,19416,19417,3556,3557,1,ef6cbd2161eaea7943ce8693b9824d23d1793ffb1c0fca05b600d3899b44c977,0c,,,,,False,,,,,,,,,,False,False
/poketool/pokegra/height.narc,/poketool/pokegra/height.narc!/member_00944,0,/poketool/pokegra/height.narc,331,944,,19420,19420,3560,3560,0,e3b0c44298fc1c149afbf4c8996fb92427ae41e4649b934ca495991b7852b855,,,,,,False,,,,,,,,,,False,False
/poketool/pokegra/height.narc,/poketool/pokegra/height.narc!/member_00945,0,/poketool/pokegra/height.narc,331,945,,19420,19421,3560,3561,1,ef6cbd2161eaea7943ce8693b9824d23d1793ffb1c0fca05b600d3899b44c977,0c,,,,,False,,,,,,,,,,False,False
/poketool/pokegra/height.narc,/poketool/pokegra/height.narc!/member_00946,0,/poketool/pokegra/height.narc,331,946,,19424,19424,3564,3564,0,e3b0c44298fc1c149afbf4c8996fb92427ae41e4649b934ca495991b7852b855,,,,,,False,,,,,,,,,,False,False
/poketool/pokegra/height.narc,/poketool/pokegra/height.narc!/member_00947,0,/poketool/pokegra/height.narc,331,947,,19424,19425,3564,3565,1,4d7b3ef7300acf70c892d8327db8272f54434adbc61a4e130a563cb59a0d0f47,0e,,,,,False,,,,,,,,,,False,False
/poketool/pokegra/height.narc,/poketool/pokegra/height.narc!/member_00948,0,/poketool/pokegra/height.narc,331,948,,19428,19428,3568,3568,0,e3b0c44298fc1c149afbf4c8996fb92427ae41e4649b934ca495991b7852b855,,,,,,False,,,,,,,,,,False,False
/poketool/pokegra/height.narc,/poketool/pokegra/height.narc!/member_00949,0,/poketool/pokegra/height.narc,331,949,,19428,19429,3568,3569,1,ca358758f6d27e6cf45272937977a748fd88391db679ceda7dc7bf1f005ee879,07,,,,,False,,,,,,,,,,False,False
/poketool/pokegra/height.narc,/poketool/pokegra/height.narc!/member_00950,0,/poketool/pokegra/height.narc,331,950,,19432,19432,3572,3572,0,e3b0c44298fc1c149afbf4c8996fb92427ae41e4649b934ca495991b7852b855,,,,,,False,,,,,,,,,,False,False
/poketool/pokegra/height.narc,/poketool/pokegra/height.narc!/member_00951,0,/poketool/pokegra/height.narc,331,951,,19432,19433,3572,3573,1,4d7b3ef7300acf70c892d8327db8272f54434adbc61a4e130a563cb59a0d0f47,0e,,,,,False,,,,,,,,,,False,False
/poketool/pokegra/height.narc,/poketool/pokegra/height.narc!/member_00952,0,/poketool/pokegra/height.narc,331,952,,19436,19437,3576,3577,1,e7cf46a078fed4fafd0b5e3aff144802b853f8ae459a4f0c14add3314b7cc3a6,0b,,,,,False,,,,,,,,,,False,False
/poketool/pokegra/height.narc,/poketool/pokegra/height.narc!/member_00953,0,/poketool/pokegra/height.narc,331,953,,19440,19440,3580,3580,0,e3b0c44298fc1c149afbf4c8996fb92427ae41e4649b934ca495991b7852b855,,,,,,False,,,,,,,,,,False,False
/poketool/pokegra/height.narc,/poketool/pokegra/height.narc!/member_00954,0,/poketool/pokegra/height.narc,331,954,,19440,19441,3580,3581,1,8f11b05da785e43e713d03774c6bd3405d99cd3024af334ffd68db663aa37034,17,,,,,False,,,,,,,,,,False,False
/poketool/pokegra/height.narc,/poketool/pokegra/height.narc!/member_00955,0,/poketool/pokegra/height.narc,331,955,,19444,19444,3584,3584,0,e3b0c44298fc1c149afbf4c8996fb92427ae41e4649b934ca495991b7852b855,,,,,,False,,,,,,,,,,False,False
/poketool/pokegra/height.narc,/poketool/pokegra/height.narc!/member_00956,0,/poketool/pokegra/height.narc,331,956,,19444,19445,3584,3585,1,9d1e0e2d9459d06523ad13e28a4093c2316baafe7aec5b25f30eba2e113599c4,0d,,,,,False,,,,,,,,,,False,False
/poketool/pokegra/height.narc,/poketool/pokegra/height.narc!/member_00957,0,/poketool/pokegra/height.narc,331,957,,19448,19449,3588,3589,1,9d1e0e2d9459d06523ad13e28a4093c2316baafe7aec5b25f30eba2e113599c4,0d,,,,,False,,,,,,,,,,False,False
/poketool/pokegra/height.narc,/poketool/pokegra/height.narc!/member_00958,0,/poketool/pokegra/height.narc,331,958,,19452,19453,3592,3593,1,4a64a107f0cb32536e5bce6c98c393db21cca7f4ea187ba8c4dca8b51d4ea80a,11,,Nintendo LZ11,Probable,,True,Nintendo LZ11,Probable,True,,,,,,,False,False
/poketool/pokegra/height.narc,/poketool/pokegra/height.narc!/member_00959,0,/poketool/pokegra/height.narc,331,959,,19456,19457,3596,3597,1,4a64a107f0cb32536e5bce6c98c393db21cca7f4ea187ba8c4dca8b51d4ea80a,11,,Nintendo LZ11,Probable,,True,Nintendo LZ11,Probable,True,,,,,,,False,False
/poketool/pokegra/height.narc,/poketool/pokegra/height.narc!/member_00960,0,/poketool/pokegra/height.narc,331,960,,19460,19461,3600,3601,1,9d1e0e2d9459d06523ad13e28a4093c2316baafe7aec5b25f30eba2e113599c4,0d,,,,,False,,,,,,,,,,False,False
/poketool/pokegra/height.narc,/poketool/pokegra/height.narc!/member_00961,0,/poketool/pokegra/height.narc,331,961,,19464,19465,3604,3605,1,9d1e0e2d9459d06523ad13e28a4093c2316baafe7aec5b25f30eba2e113599c4,0d,,,,,False,,,,,,,,,,False,False
/poketool/pokegra/height.narc,/poketool/pokegra/height.narc!/member_00962,0,/poketool/pokegra/height.narc,331,962,,19468,19469,3608,3609,1,2f0fd1e89b8de1d57292742ec380ea47066e307ad645f5bc3adad8a06ff58608,15,,,,,False,,,,,,,,,,False,False
/poketool/pokegra/height.narc,/poketool/pokegra/height.narc!/member_00963,0,/poketool/pokegra/height.narc,331,963,,19472,19473,3612,3613,1,2f0fd1e89b8de1d57292742ec380ea47066e307ad645f5bc3adad8a06ff58608,15,,,,,False,,,,,,,,,,False,False
/poketool/pokegra/height.narc,/poketool/pokegra/height.narc!/member_00964,0,/poketool/pokegra/height.narc,331,964,,19476,19477,3616,3617,1,ca358758f6d27e6cf45272937977a748fd88391db679ceda7dc7bf1f005ee879,07,,,,,False,,,,,,,,,,False,False
/poketool/pokegra/height.narc,/poketool/pokegra/height.narc!/member_00965,0,/poketool/pokegra/height.narc,331,965,,19480,19480,3620,3620,0,e3b0c44298fc1c149afbf4c8996fb92427ae41e4649b934ca495991b7852b855,,,,,,False,,,,,,,,,,False,False
/poketool/pokegra/height.narc,/poketool/pokegra/height.narc!/member_00966,0,/poketool/pokegra/height.narc,331,966,,19480,19481,3620,3621,1,9d1e0e2d9459d06523ad13e28a4093c2316baafe7aec5b25f30eba2e113599c4,0d,,,,,False,,,,,,,,,,False,False
/poketool/pokegra/height.narc,/poketool/pokegra/height.narc!/member_00967,0,/poketool/pokegra/height.narc,331,967,,19484,19484,3624,3624,0,e3b0c44298fc1c149afbf4c8996fb92427ae41e4649b934ca495991b7852b855,,,,,,False,,,,,,,,,,False,False
/poketool/pokegra/height.narc,/poketool/pokegra/height.narc!/member_00968,0,/poketool/pokegra/height.narc,331,968,,19484,19485,3624,3625,1,ab897fbdedfa502b2d839b6a56100887dccdc507555c282e59589e06300a62e2,13,,,,,False,,,,,,,,,,False,False
/poketool/pokegra/height.narc,/poketool/pokegra/height.narc!/member_00969,0,/poketool/pokegra/height.narc,331,969,,19488,19488,3628,3628,0,e3b0c44298fc1c149afbf4c8996fb92427ae41e4649b934ca495991b7852b855,,,,,,False,,,,,,,,,,False,False
/poketool/pokegra/height.narc,/poketool/pokegra/height.narc!/member_00970,0,/poketool/pokegra/height.narc,331,970,,19488,19489,3628,3629,1,9d1e0e2d9459d06523ad13e28a4093c2316baafe7aec5b25f30eba2e113599c4,0d,,,,,False,,,,,,,,,,False,False
/poketool/pokegra/height.narc,/poketool/pokegra/height.narc!/member_00971,0,/poketool/pokegra/height.narc,331,971,,19492,19492,3632,3632,0,e3b0c44298fc1c149afbf4c8996fb92427ae41e4649b934ca495991b7852b855,,,,,,False,,,,,,,,,,False,False
/poketool/pokegra/height.narc,/poketool/pokegra/height.narc!/member_00972,0,/poketool/pokegra/height.narc,331,972,,19492,19492,3632,3632,0,e3b0c44298fc1c149afbf4c8996fb92427ae41e4649b934ca495991b7852b855,,,,,,False,,,,,,,,,,False,False
/poketool/pokegra/height.narc,/poketool/pokegra/height.narc!/member_00973,0,/poketool/pokegra/height.narc,331,973,,19492,19493,3632,3633,1,2b4c342f5433ebe591a1da77e013d1b72475562d48578dca8b84bac6651c3cb9,09,,,,,False,,,,,,,,,,False,False
/poketool/pokegra/height.narc,/poketool/pokegra/height.narc!/member_00974,0,/poketool/pokegra/height.narc,331,974,,19496,19496,3636,3636,0,e3b0c44298fc1c149afbf4c8996fb92427ae41e4649b934ca495991b7852b855,,,,,,False,,,,,,,,,,False,False
/poketool/pokegra/height.narc,/poketool/pokegra/height.narc!/member_00975,0,/poketool/pokegra/height.narc,331,975,,19496,19497,3636,3637,1,67586e98fad27da0b9968bc039a1ef34c939b9b8e523a8bef89d478608c5ecf6,06,,,,,False,,,,,,,,,,False,False
/poketool/pokegra/height.narc,/poketool/pokegra/height.narc!/member_00976,0,/poketool/pokegra/height.narc,331,976,,19500,19500,3640,3640,0,e3b0c44298fc1c149afbf4c8996fb92427ae41e4649b934ca495991b7852b855,,,,,,False,,,,,,,,,,False,False
/poketool/pokegra/height.narc,/poketool/pokegra/height.narc!/member_00977,0,/poketool/pokegra/height.narc,331,977,,19500,19501,3640,3641,1,e7cf46a078fed4fafd0b5e3aff144802b853f8ae459a4f0c14add3314b7cc3a6,0b,,,,,False,,,,,,,,,,False,False
/poketool/pokegra/height.narc,/poketool/pokegra/height.narc!/member_00978,0,/poketool/pokegra/height.narc,331,978,,19504,19504,3644,3644,0,e3b0c44298fc1c149afbf4c8996fb92427ae41e4649b934ca495991b7852b855,,,,,,False,,,,,,,,,,False,False
/poketool/pokegra/height.narc,/poketool/pokegra/height.narc!/member_00979,0,/poketool/pokegra/height.narc,331,979,,19504,19505,3644,3645,1,67586e98fad27da0b9968bc039a1ef34c939b9b8e523a8bef89d478608c5ecf6,06,,,,,False,,,,,,,,,,False,False
/poketool/pokegra/height.narc,/poketool/pokegra/height.narc!/member_00980,0,/poketool/pokegra/height.narc,331,980,,19508,19508,3648,3648,0,e3b0c44298fc1c149afbf4c8996fb92427ae41e4649b934ca495991b7852b855,,,,,,False,,,,,,,,,,False,False
/poketool/pokegra/height.narc,/poketool/pokegra/height.narc!/member_00981,0,/poketool/pokegra/height.narc,331,981,,19508,19509,3648,3649,1,6e340b9cffb37a989ca544e6bb780a2c78901d3fb33738768511a30617afa01d,00,,,,,False,,,,,,,,,,False,False
/poketool/pokegra/height.narc,/poketool/pokegra/height.narc!/member_00982,0,/poketool/pokegra/height.narc,331,982,,19512,19512,3652,3652,0,e3b0c44298fc1c149afbf4c8996fb92427ae41e4649b934ca495991b7852b855,,,,,,False,,,,,,,,,,False,False
/poketool/pokegra/height.narc,/poketool/pokegra/height.narc!/member_00983,0,/poketool/pokegra/height.narc,331,983,,19512,19513,3652,3653,1,e7cf46a078fed4fafd0b5e3aff144802b853f8ae459a4f0c14add3314b7cc3a6,0b,,,,,False,,,,,,,,,,False,False
/poketool/pokegra/height.narc,/poketool/pokegra/height.narc!/member_00984,0,/poketool/pokegra/height.narc,331,984,,19516,19517,3656,3657,1,ca358758f6d27e6cf45272937977a748fd88391db679ceda7dc7bf1f005ee879,07,,,,,False,,,,,,,,,,False,False
/poketool/pokegra/height.narc,/poketool/pokegra/height.narc!/member_00985,0,/poketool/pokegra/height.narc,331,985,,19520,19521,3660,3661,1,ca358758f6d27e6cf45272937977a748fd88391db679ceda7dc7bf1f005ee879,07,,,,,False,,,,,,,,,,False,False
/poketool/pokegra/height.narc,/poketool/pokegra/height.narc!/member_00986,0,/poketool/pokegra/height.narc,331,986,,19524,19525,3664,3665,1,4a64a107f0cb32536e5bce6c98c393db21cca7f4ea187ba8c4dca8b51d4ea80a,11,,Nintendo LZ11,Probable,,True,Nintendo LZ11,Probable,True,,,,,,,False,False
/poketool/pokegra/height.narc,/poketool/pokegra/height.narc!/member_00987,0,/poketool/pokegra/height.narc,331,987,,19528,19529,3668,3669,1,4a64a107f0cb32536e5bce6c98c393db21cca7f4ea187ba8c4dca8b51d4ea80a,11,,Nintendo LZ11,Probable,,True,Nintendo LZ11,Probable,True,,,,,,,False,False
/poketool/pokegra/height.narc,/poketool/pokegra/height.narc!/member_00988,0,/poketool/pokegra/height.narc,331,988,,19532,19533,3672,3673,1,2b4c342f5433ebe591a1da77e013d1b72475562d48578dca8b84bac6651c3cb9,09,,,,,False,,,,,,,,,,False,False
/poketool/pokegra/height.narc,/poketool/pokegra/height.narc!/member_00989,0,/poketool/pokegra/height.narc,331,989,,19536,19537,3676,3677,1,2b4c342f5433ebe591a1da77e013d1b72475562d48578dca8b84bac6651c3cb9,09,,,,,False,,,,,,,,,,False,False
/poketool/pokegra/height.narc,/poketool/pokegra/height.narc!/member_00990,0,/poketool/pokegra/height.narc,331,990,,19540,19541,3680,3681,1,4a64a107f0cb32536e5bce6c98c393db21cca7f4ea187ba8c4dca8b51d4ea80a,11,,Nintendo LZ11,Probable,,True,Nintendo LZ11,Probable,True,,,,,,,False,False
/poketool/pokegra/height.narc,/poketool/pokegra/height.narc!/member_00991,0,/poketool/pokegra/height.narc,331,991,,19544,19545,3684,3685,1,4a64a107f0cb32536e5bce6c98c393db21cca7f4ea187ba8c4dca8b51d4ea80a,11,,Nintendo LZ11,Probable,,True,Nintendo LZ11,Probable,True,,,,,,,False,False
/poketool/pokegra/height.narc,/poketool/pokegra/height.narc!/member_00992,0,/poketool/pokegra/height.narc,331,992,,19548,19549,3688,3689,1,dbc1b4c900ffe48d575b5da5c638040125f65db0fe3e24494b76ea986457d986,02,,,,,False,,,,,,,,,,False,False
/poketool/pokegra/height.narc,/poketool/pokegra/height.narc!/member_00993,0,/poketool/pokegra/height.narc,331,993,,19552,19553,3692,3693,1,dbc1b4c900ffe48d575b5da5c638040125f65db0fe3e24494b76ea986457d986,02,,,,,False,,,,,,,,,,False,False
/poketool/pokegra/height.narc,/poketool/pokegra/height.narc!/member_00994,0,/poketool/pokegra/height.narc,331,994,,19556,19557,3696,3697,1,e52d9c508c502347344d8c07ad91cbd6068afc75ff6292f062a09ca381c89e71,04,,,,,False,,,,,,,,,,False,False
/poketool/pokegra/height.narc,/poketool/pokegra/height.narc!/member_00995,0,/poketool/pokegra/height.narc,331,995,,19560,19561,3700,3701,1,e52d9c508c502347344d8c07ad91cbd6068afc75ff6292f062a09ca381c89e71,04,,,,,False,,,,,,,,,,False,False
/poketool/pokegra/height.narc,/poketool/pokegra/height.narc!/member_00996,0,/poketool/pokegra/height.narc,331,996,,19564,19564,3704,3704,0,e3b0c44298fc1c149afbf4c8996fb92427ae41e4649b934ca495991b7852b855,,,,,,False,,,,,,,,,,False,False
/poketool/pokegra/height.narc,/poketool/pokegra/height.narc!/member_00997,0,/poketool/pokegra/height.narc,331,997,,19564,19565,3704,3705,1,6e340b9cffb37a989ca544e6bb780a2c78901d3fb33738768511a30617afa01d,00,,,,,False,,,,,,,,,,False,False
/poketool/pokegra/height.narc,/poketool/pokegra/height.narc!/member_00998,0,/poketool/pokegra/height.narc,331,998,,19568,19568,3708,3708,0,e3b0c44298fc1c149afbf4c8996fb92427ae41e4649b934ca495991b7852b855,,,,,,False,,,,,,,,,,False,False
/poketool/pokegra/height.narc,/poketool/pokegra/height.narc!/member_00999,0,/poketool/pokegra/height.narc,331,999,,19568,19569,3708,3709,1,6e340b9cffb37a989ca544e6bb780a2c78901d3fb33738768511a30617afa01d,00,,,,,False,,,,,,,,,,False,False
/poketool/pokegra/height.narc,/poketool/pokegra/height.narc!/member_01000,0,/poketool/pokegra/height.narc,331,1000,,19572,19572,3712,3712,0,e3b0c44298fc1c149afbf4c8996fb92427ae41e4649b934ca495991b7852b855,,,,,,False,,,,,,,,,,False,False
/poketool/pokegra/height.narc,/poketool/pokegra/height.narc!/member_01001,0,/poketool/pokegra/height.narc,331,1001,,19572,19573,3712,3713,1,dbc1b4c900ffe48d575b5da5c638040125f65db0fe3e24494b76ea986457d986,02,,,,,False,,,,,,,,,,False,False
/poketool/pokegra/height.narc,/poketool/pokegra/height.narc!/member_01002,0,/poketool/pokegra/height.narc,331,1002,,19576,19576,3716,3716,0,e3b0c44298fc1c149afbf4c8996fb92427ae41e4649b934ca495991b7852b855,,,,,,False,,,,,,,,,,False,False
/poketool/pokegra/height.narc,/poketool/pokegra/height.narc!/member_01003,0,/poketool/pokegra/height.narc,331,1003,,19576,19577,3716,3717,1,6e340b9cffb37a989ca544e6bb780a2c78901d3fb33738768511a30617afa01d,00,,,,,False,,,,,,,,,,False,False
/poketool/pokegra/height.narc,/poketool/pokegra/height.narc!/member_01004,0,/poketool/pokegra/height.narc,331,1004,,19580,19580,3720,3720,0,e3b0c44298fc1c149afbf4c8996fb92427ae41e4649b934ca495991b7852b855,,,,,,False,,,,,,,,,,False,False
/poketool/pokegra/height.narc,/poketool/pokegra/height.narc!/member_01005,0,/poketool/pokegra/height.narc,331,1005,,19580,19581,3720,3721,1,2b4c342f5433ebe591a1da77e013d1b72475562d48578dca8b84bac6651c3cb9,09,,,,,False,,,,,,,,,,False,False
/poketool/pokegra/height.narc,/poketool/pokegra/height.narc!/member_01006,0,/poketool/pokegra/height.narc,331,1006,,19584,19584,3724,3724,0,e3b0c44298fc1c149afbf4c8996fb92427ae41e4649b934ca495991b7852b855,,,,,,False,,,,,,,,,,False,False
/poketool/pokegra/height.narc,/poketool/pokegra/height.narc!/member_01007,0,/poketool/pokegra/height.narc,331,1007,,19584,19585,3724,3725,1,2f0fd1e89b8de1d57292742ec380ea47066e307ad645f5bc3adad8a06ff58608,15,,,,,False,,,,,,,,,,False,False
/poketool/pokegra/height.narc,/poketool/pokegra/height.narc!/member_01008,0,/poketool/pokegra/height.narc,331,1008,,19588,19589,3728,3729,1,ef6cbd2161eaea7943ce8693b9824d23d1793ffb1c0fca05b600d3899b44c977,0c,,,,,False,,,,,,,,,,False,False
/poketool/pokegra/height.narc,/poketool/pokegra/height.narc!/member_01009,0,/poketool/pokegra/height.narc,331,1009,,19592,19593,3732,3733,1,ef6cbd2161eaea7943ce8693b9824d23d1793ffb1c0fca05b600d3899b44c977,0c,,,,,False,,,,,,,,,,False,False
/poketool/pokegra/height.narc,/poketool/pokegra/height.narc!/member_01010,0,/poketool/pokegra/height.narc,331,1010,,19596,19597,3736,3737,1,dc0e9c3658a1a3ed1ec94274d8b19925c93e1abb7ddba294923ad9bde30f8cb8,0f,,,,,False,,,,,,,,,,False,False
/poketool/pokegra/height.narc,/poketool/pokegra/height.narc!/member_01011,0,/poketool/pokegra/height.narc,331,1011,,19600,19601,3740,3741,1,dc0e9c3658a1a3ed1ec94274d8b19925c93e1abb7ddba294923ad9bde30f8cb8,0f,,,,,False,,,,,,,,,,False,False
/poketool/pokegra/height.narc,/poketool/pokegra/height.narc!/member_01012,0,/poketool/pokegra/height.narc,331,1012,,19604,19605,3744,3745,1,beead77994cf573341ec17b58bbf7eb34d2711c993c1d976b128b3188dc1829a,08,,,,,False,,,,,,,,,,False,False
/poketool/pokegra/height.narc,/poketool/pokegra/height.narc!/member_01013,0,/poketool/pokegra/height.narc,331,1013,,19608,19609,3748,3749,1,beead77994cf573341ec17b58bbf7eb34d2711c993c1d976b128b3188dc1829a,08,,,,,False,,,,,,,,,,False,False
/poketool/pokegra/height.narc,/poketool/pokegra/height.narc!/member_01014,0,/poketool/pokegra/height.narc,331,1014,,19612,19613,3752,3753,1,e7cf46a078fed4fafd0b5e3aff144802b853f8ae459a4f0c14add3314b7cc3a6,0b,,,,,False,,,,,,,,,,False,False
/poketool/pokegra/height.narc,/poketool/pokegra/height.narc!/member_01015,0,/poketool/pokegra/height.narc,331,1015,,19616,19617,3756,3757,1,e7cf46a078fed4fafd0b5e3aff144802b853f8ae459a4f0c14add3314b7cc3a6,0b,,,,,False,,,,,,,,,,False,False
/poketool/pokegra/height.narc,/poketool/pokegra/height.narc!/member_01016,0,/poketool/pokegra/height.narc,331,1016,,19620,19621,3760,3761,1,beead77994cf573341ec17b58bbf7eb34d2711c993c1d976b128b3188dc1829a,08,,,,,False,,,,,,,,,,False,False
/poketool/pokegra/height.narc,/poketool/pokegra/height.narc!/member_01017,0,/poketool/pokegra/height.narc,331,1017,,19624,19625,3764,3765,1,beead77994cf573341ec17b58bbf7eb34d2711c993c1d976b128b3188dc1829a,08,,,,,False,,,,,,,,,,False,False
/poketool/pokegra/height.narc,/poketool/pokegra/height.narc!/member_01018,0,/poketool/pokegra/height.narc,331,1018,,19628,19629,3768,3769,1,ca358758f6d27e6cf45272937977a748fd88391db679ceda7dc7bf1f005ee879,07,,,,,False,,,,,,,,,,False,False
/poketool/pokegra/height.narc,/poketool/pokegra/height.narc!/member_01019,0,/poketool/pokegra/height.narc,331,1019,,19632,19633,3772,3773,1,ca358758f6d27e6cf45272937977a748fd88391db679ceda7dc7bf1f005ee879,07,,,,,False,,,,,,,,,,False,False
/poketool/pokegra/height.narc,/poketool/pokegra/height.narc!/member_01020,0,/poketool/pokegra/height.narc,331,1020,,19636,19637,3776,3777,1,9d1e0e2d9459d06523ad13e28a4093c2316baafe7aec5b25f30eba2e113599c4,0d,,,,,False,,,,,,,,,,False,False
/poketool/pokegra/height.narc,/poketool/pokegra/height.narc!/member_01021,0,/poketool/pokegra/height.narc,331,1021,,19640,19641,3780,3781,1,9d1e0e2d9459d06523ad13e28a4093c2316baafe7aec5b25f30eba2e113599c4,0d,,,,,False,,,,,,,,,,False,False
/poketool/pokegra/height.narc,/poketool/pokegra/height.narc!/member_01022,0,/poketool/pokegra/height.narc,331,1022,,19644,19645,3784,3785,1,f299791cddd3d6664f6670842812ef6053eb6501bd6282a476bbbf3ee91e750c,12,,,,,False,,,,,,,,,,False,False
/poketool/pokegra/height.narc,/poketool/pokegra/height.narc!/member_01023,0,/poketool/pokegra/height.narc,331,1023,,19648,19649,3788,3789,1,f299791cddd3d6664f6670842812ef6053eb6501bd6282a476bbbf3ee91e750c,12,,,,,False,,,,,,,,,,False,False
/poketool/pokegra/height.narc,/poketool/pokegra/height.narc!/member_01024,0,/poketool/pokegra/height.narc,331,1024,,19652,19653,3792,3793,1,6e340b9cffb37a989ca544e6bb780a2c78901d3fb33738768511a30617afa01d,00,,,,,False,,,,,,,,,,False,False
/poketool/pokegra/height.narc,/poketool/pokegra/height.narc!/member_01025,0,/poketool/pokegra/height.narc,331,1025,,19656,19657,3796,3797,1,6e340b9cffb37a989ca544e6bb780a2c78901d3fb33738768511a30617afa01d,00,,,,,False,,,,,,,,,,False,False
/poketool/pokegra/height.narc,/poketool/pokegra/height.narc!/member_01026,0,/poketool/pokegra/height.narc,331,1026,,19660,19661,3800,3801,1,e7cf46a078fed4fafd0b5e3aff144802b853f8ae459a4f0c14add3314b7cc3a6,0b,,,,,False,,,,,,,,,,False,False
/poketool/pokegra/height.narc,/poketool/pokegra/height.narc!/member_01027,0,/poketool/pokegra/height.narc,331,1027,,19664,19665,3804,3805,1,2b4c342f5433ebe591a1da77e013d1b72475562d48578dca8b84bac6651c3cb9,09,,,,,False,,,,,,,,,,False,False
/poketool/pokegra/height.narc,/poketool/pokegra/height.narc!/member_01028,0,/poketool/pokegra/height.narc,331,1028,,19668,19669,3808,3809,1,6e340b9cffb37a989ca544e6bb780a2c78901d3fb33738768511a30617afa01d,00,,,,,False,,,,,,,,,,False,False
/poketool/pokegra/height.narc,/poketool/pokegra/height.narc!/member_01029,0,/poketool/pokegra/height.narc,331,1029,,19672,19673,3812,3813,1,6e340b9cffb37a989ca544e6bb780a2c78901d3fb33738768511a30617afa01d,00,,,,,False,,,,,,,,,,False,False
/poketool/pokegra/height.narc,/poketool/pokegra/height.narc!/member_01030,0,/poketool/pokegra/height.narc,331,1030,,19676,19677,3816,3817,1,e77b9a9ae9e30b0dbdb6f510a264ef9de781501d7b6b92ae89eb059c5ab743db,05,,,,,False,,,,,,,,,,False,False
/poketool/pokegra/height.narc,/poketool/pokegra/height.narc!/member_01031,0,/poketool/pokegra/height.narc,331,1031,,19680,19681,3820,3821,1,e52d9c508c502347344d8c07ad91cbd6068afc75ff6292f062a09ca381c89e71,04,,,,,False,,,,,,,,,,False,False
/poketool/pokegra/height.narc,/poketool/pokegra/height.narc!/member_01032,0,/poketool/pokegra/height.narc,331,1032,,19684,19685,3824,3825,1,9d1e0e2d9459d06523ad13e28a4093c2316baafe7aec5b25f30eba2e113599c4,0d,,,,,False,,,,,,,,,,False,False
/poketool/pokegra/height.narc,/poketool/pokegra/height.narc!/member_01033,0,/poketool/pokegra/height.narc,331,1033,,19688,19689,3828,3829,1,9d1e0e2d9459d06523ad13e28a4093c2316baafe7aec5b25f30eba2e113599c4,0d,,,,,False,,,,,,,,,,False,False
/poketool/pokegra/height.narc,/poketool/pokegra/height.narc!/member_01034,0,/poketool/pokegra/height.narc,331,1034,,19692,19693,3832,3833,1,83891d7fe85c33e52c8b4e5814c92fb6a3b9467299200538a6babaa8b452d879,14,,,,,False,,,,,,,,,,False,False
/poketool/pokegra/height.narc,/poketool/pokegra/height.narc!/member_01035,0,/poketool/pokegra/height.narc,331,1035,,19696,19697,3836,3837,1,83891d7fe85c33e52c8b4e5814c92fb6a3b9467299200538a6babaa8b452d879,14,,,,,False,,,,,,,,,,False,False
/poketool/pokegra/height.narc,/poketool/pokegra/height.narc!/member_01036,0,/poketool/pokegra/height.narc,331,1036,,19700,19701,3840,3841,1,6e340b9cffb37a989ca544e6bb780a2c78901d3fb33738768511a30617afa01d,00,,,,,False,,,,,,,,,,False,False
/poketool/pokegra/height.narc,/poketool/pokegra/height.narc!/member_01037,0,/poketool/pokegra/height.narc,331,1037,,19704,19705,3844,3845,1,6e340b9cffb37a989ca544e6bb780a2c78901d3fb33738768511a30617afa01d,00,,,,,False,,,,,,,,,,False,False
/poketool/pokegra/height.narc,/poketool/pokegra/height.narc!/member_01038,0,/poketool/pokegra/height.narc,331,1038,,19708,19709,3848,3849,1,4d7b3ef7300acf70c892d8327db8272f54434adbc61a4e130a563cb59a0d0f47,0e,,,,,False,,,,,,,,,,False,False
/poketool/pokegra/height.narc,/poketool/pokegra/height.narc!/member_01039,0,/poketool/pokegra/height.narc,331,1039,,19712,19713,3852,3853,1,4d7b3ef7300acf70c892d8327db8272f54434adbc61a4e130a563cb59a0d0f47,0e,,,,,False,,,,,,,,,,False,False
/poketool/pokegra/height.narc,/poketool/pokegra/height.narc!/member_01040,0,/poketool/pokegra/height.narc,331,1040,,19716,19717,3856,3857,1,beead77994cf573341ec17b58bbf7eb34d2711c993c1d976b128b3188dc1829a,08,,,,,False,,,,,,,,,,False,False
/poketool/pokegra/height.narc,/poketool/pokegra/height.narc!/member_01041,0,/poketool/pokegra/height.narc,331,1041,,19720,19721,3860,3861,1,beead77994cf573341ec17b58bbf7eb34d2711c993c1d976b128b3188dc1829a,08,,,,,False,,,,,,,,,,False,False
/poketool/pokegra/height.narc,/poketool/pokegra/height.narc!/member_01042,0,/poketool/pokegra/height.narc,331,1042,,19724,19725,3864,3865,1,beead77994cf573341ec17b58bbf7eb34d2711c993c1d976b128b3188dc1829a,08,,,,,False,,,,,,,,,,False,False
/poketool/pokegra/height.narc,/poketool/pokegra/height.narc!/member_01043,0,/poketool/pokegra/height.narc,331,1043,,19728,19729,3868,3869,1,beead77994cf573341ec17b58bbf7eb34d2711c993c1d976b128b3188dc1829a,08,,,,,False,,,,,,,,,,False,False
/poketool/pokegra/height.narc,/poketool/pokegra/height.narc!/member_01044,0,/poketool/pokegra/height.narc,331,1044,,19732,19733,3872,3873,1,6e340b9cffb37a989ca544e6bb780a2c78901d3fb33738768511a30617afa01d,00,,,,,False,,,,,,,,,,False,False
/poketool/pokegra/height.narc,/poketool/pokegra/height.narc!/member_01045,0,/poketool/pokegra/height.narc,331,1045,,19736,19737,3876,3877,1,6e340b9cffb37a989ca544e6bb780a2c78901d3fb33738768511a30617afa01d,00,,,,,False,,,,,,,,,,False,False
/poketool/pokegra/height.narc,/poketool/pokegra/height.narc!/member_01046,0,/poketool/pokegra/height.narc,331,1046,,19740,19741,3880,3881,1,83891d7fe85c33e52c8b4e5814c92fb6a3b9467299200538a6babaa8b452d879,14,,,,,False,,,,,,,,,,False,False
/poketool/pokegra/height.narc,/poketool/pokegra/height.narc!/member_01047,0,/poketool/pokegra/height.narc,331,1047,,19744,19745,3884,3885,1,83891d7fe85c33e52c8b4e5814c92fb6a3b9467299200538a6babaa8b452d879,14,,,,,False,,,,,,,,,,False,False
/poketool/pokegra/height.narc,/poketool/pokegra/height.narc!/member_01048,0,/poketool/pokegra/height.narc,331,1048,,19748,19749,3888,3889,1,6e340b9cffb37a989ca544e6bb780a2c78901d3fb33738768511a30617afa01d,00,,,,,False,,,,,,,,,,False,False
/poketool/pokegra/height.narc,/poketool/pokegra/height.narc!/member_01049,0,/poketool/pokegra/height.narc,331,1049,,19752,19753,3892,3893,1,6e340b9cffb37a989ca544e6bb780a2c78901d3fb33738768511a30617afa01d,00,,,,,False,,,,,,,,,,False,False
/poketool/pokegra/height.narc,/poketool/pokegra/height.narc!/member_01050,0,/poketool/pokegra/height.narc,331,1050,,19756,19757,3896,3897,1,e7cf46a078fed4fafd0b5e3aff144802b853f8ae459a4f0c14add3314b7cc3a6,0b,,,,,False,,,,,,,,,,False,False
/poketool/pokegra/height.narc,/poketool/pokegra/height.narc!/member_01051,0,/poketool/pokegra/height.narc,331,1051,,19760,19761,3900,3901,1,e7cf46a078fed4fafd0b5e3aff144802b853f8ae459a4f0c14add3314b7cc3a6,0b,,,,,False,,,,,,,,,,False,False
/poketool/pokegra/height.narc,/poketool/pokegra/height.narc!/member_01052,0,/poketool/pokegra/height.narc,331,1052,,19764,19765,3904,3905,1,beead77994cf573341ec17b58bbf7eb34d2711c993c1d976b128b3188dc1829a,08,,,,,False,,,,,,,,,,False,False
/poketool/pokegra/height.narc,/poketool/pokegra/height.narc!/member_01053,0,/poketool/pokegra/height.narc,331,1053,,19768,19769,3908,3909,1,beead77994cf573341ec17b58bbf7eb34d2711c993c1d976b128b3188dc1829a,08,,,,,False,,,,,,,,,,False,False
/poketool/pokegra/height.narc,/poketool/pokegra/height.narc!/member_01054,0,/poketool/pokegra/height.narc,331,1054,,19772,19773,3912,3913,1,ab897fbdedfa502b2d839b6a56100887dccdc507555c282e59589e06300a62e2,13,,,,,False,,,,,,,,,,False,False
/poketool/pokegra/height.narc,/poketool/pokegra/height.narc!/member_01055,0,/poketool/pokegra/height.narc,331,1055,,19776,19777,3916,3917,1,ab897fbdedfa502b2d839b6a56100887dccdc507555c282e59589e06300a62e2,13,,,,,False,,,,,,,,,,False,False
/poketool/pokegra/height.narc,/poketool/pokegra/height.narc!/member_01056,0,/poketool/pokegra/height.narc,331,1056,,19780,19781,3920,3921,1,beead77994cf573341ec17b58bbf7eb34d2711c993c1d976b128b3188dc1829a,08,,,,,False,,,,,,,,,,False,False
/poketool/pokegra/height.narc,/poketool/pokegra/height.narc!/member_01057,0,/poketool/pokegra/height.narc,331,1057,,19784,19785,3924,3925,1,beead77994cf573341ec17b58bbf7eb34d2711c993c1d976b128b3188dc1829a,08,,,,,False,,,,,,,,,,False,False
/poketool/pokegra/height.narc,/poketool/pokegra/height.narc!/member_01058,0,/poketool/pokegra/height.narc,331,1058,,19788,19789,3928,3929,1,01ba4719c80b6fe911b091a7c05124b64eeece964e09c058ef8f9805daca546b,0a,,,,,False,,,,,,,,,,False,False
/poketool/pokegra/height.narc,/poketool/pokegra/height.narc!/member_01059,0,/poketool/pokegra/height.narc,331,1059,,19792,19793,3932,3933,1,01ba4719c80b6fe911b091a7c05124b64eeece964e09c058ef8f9805daca546b,0a,,,,,False,,,,,,,,,,False,False
/poketool/pokegra/height.narc,/poketool/pokegra/height.narc!/member_01060,0,/poketool/pokegra/height.narc,331,1060,,19796,19797,3936,3937,1,beead77994cf573341ec17b58bbf7eb34d2711c993c1d976b128b3188dc1829a,08,,,,,False,,,,,,,,,,False,False
/poketool/pokegra/height.narc,/poketool/pokegra/height.narc!/member_01061,0,/poketool/pokegra/height.narc,331,1061,,19800,19801,3940,3941,1,beead77994cf573341ec17b58bbf7eb34d2711c993c1d976b128b3188dc1829a,08,,,,,False,,,,,,,,,,False,False
/poketool/pokegra/height.narc,/poketool/pokegra/height.narc!/member_01062,0,/poketool/pokegra/height.narc,331,1062,,19804,19805,3944,3945,1,7cb7c4547cf2653590d7a9ace60cc623d25148adfbc88a89aeb0ef88da7839ba,16,,,,,False,,,,,,,,,,False,False
/poketool/pokegra/height.narc,/poketool/pokegra/height.narc!/member_01063,0,/poketool/pokegra/height.narc,331,1063,,19808,19809,3948,3949,1,7cb7c4547cf2653590d7a9ace60cc623d25148adfbc88a89aeb0ef88da7839ba,16,,,,,False,,,,,,,,,,False,False
/poketool/pokegra/height.narc,/poketool/pokegra/height.narc!/member_01064,0,/poketool/pokegra/height.narc,331,1064,,19812,19813,3952,3953,1,c555eab45d08845ae9f10d452a99bfcb06f74a50b988fe7e48dd323789b88ee3,10,,Nintendo LZ10,Probable,,True,Nintendo LZ10,Probable,True,,,,,,,False,False
/poketool/pokegra/height.narc,/poketool/pokegra/height.narc!/member_01065,0,/poketool/pokegra/height.narc,331,1065,,19816,19817,3956,3957,1,c555eab45d08845ae9f10d452a99bfcb06f74a50b988fe7e48dd323789b88ee3,10,,Nintendo LZ10,Probable,,True,Nintendo LZ10,Probable,True,,,,,,,False,False
/poketool/pokegra/height.narc,/poketool/pokegra/height.narc!/member_01066,0,/poketool/pokegra/height.narc,331,1066,,19820,19821,3960,3961,1,2f0fd1e89b8de1d57292742ec380ea47066e307ad645f5bc3adad8a06ff58608,15,,,,,False,,,,,,,,,,False,False
/poketool/pokegra/height.narc,/poketool/pokegra/height.narc!/member_01067,0,/poketool/pokegra/height.narc,331,1067,,19824,19825,3964,3965,1,2f0fd1e89b8de1d57292742ec380ea47066e307ad645f5bc3adad8a06ff58608,15,,,,,False,,,,,,,,,,False,False
/poketool/pokegra/height.narc,/poketool/pokegra/height.narc!/member_01068,0,/poketool/pokegra/height.narc,331,1068,,19828,19829,3968,3969,1,6e340b9cffb37a989ca544e6bb780a2c78901d3fb33738768511a30617afa01d,00,,,,,False,,,,,,,,,,False,False
/poketool/pokegra/height.narc,/poketool/pokegra/height.narc!/member_01069,0,/poketool/pokegra/height.narc,331,1069,,19832,19833,3972,3973,1,6e340b9cffb37a989ca544e6bb780a2c78901d3fb33738768511a30617afa01d,00,,,,,False,,,,,,,,,,False,False
/poketool/pokegra/height.narc,/poketool/pokegra/height.narc!/member_01070,0,/poketool/pokegra/height.narc,331,1070,,19836,19837,3976,3977,1,4a64a107f0cb32536e5bce6c98c393db21cca7f4ea187ba8c4dca8b51d4ea80a,11,,Nintendo LZ11,Probable,,True,Nintendo LZ11,Probable,True,,,,,,,False,False
/poketool/pokegra/height.narc,/poketool/pokegra/height.narc!/member_01071,0,/poketool/pokegra/height.narc,331,1071,,19840,19841,3980,3981,1,4a64a107f0cb32536e5bce6c98c393db21cca7f4ea187ba8c4dca8b51d4ea80a,11,,Nintendo LZ11,Probable,,True,Nintendo LZ11,Probable,True,,,,,,,False,False
/poketool/pokegra/height.narc,/poketool/pokegra/height.narc!/member_01072,0,/poketool/pokegra/height.narc,331,1072,,19844,19845,3984,3985,1,beead77994cf573341ec17b58bbf7eb34d2711c993c1d976b128b3188dc1829a,08,,,,,False,,,,,,,,,,False,False
/poketool/pokegra/height.narc,/poketool/pokegra/height.narc!/member_01073,0,/poketool/pokegra/height.narc,331,1073,,19848,19849,3988,3989,1,beead77994cf573341ec17b58bbf7eb34d2711c993c1d976b128b3188dc1829a,08,,,,,False,,,,,,,,,,False,False
/poketool/pokegra/height.narc,/poketool/pokegra/height.narc!/member_01074,0,/poketool/pokegra/height.narc,331,1074,,19852,19853,3992,3993,1,c555eab45d08845ae9f10d452a99bfcb06f74a50b988fe7e48dd323789b88ee3,10,,Nintendo LZ10,Probable,,True,Nintendo LZ10,Probable,True,,,,,,,False,False
/poketool/pokegra/height.narc,/poketool/pokegra/height.narc!/member_01075,0,/poketool/pokegra/height.narc,331,1075,,19856,19857,3996,3997,1,c555eab45d08845ae9f10d452a99bfcb06f74a50b988fe7e48dd323789b88ee3,10,,Nintendo LZ10,Probable,,True,Nintendo LZ10,Probable,True,,,,,,,False,False
/poketool/pokegra/height.narc,/poketool/pokegra/height.narc!/member_01076,0,/poketool/pokegra/height.narc,331,1076,,19860,19861,4000,4001,1,4bf5122f344554c53bde2ebb8cd2b7e3d1600ad631c385a5d7cce23c7785459a,01,,,,,False,,,,,,,,,,False,False
/poketool/pokegra/height.narc,/poketool/pokegra/height.narc!/member_01077,0,/poketool/pokegra/height.narc,331,1077,,19864,19865,4004,4005,1,4bf5122f344554c53bde2ebb8cd2b7e3d1600ad631c385a5d7cce23c7785459a,01,,,,,False,,,,,,,,,,False,False
/poketool/pokegra/height.narc,/poketool/pokegra/height.narc!/member_01078,0,/poketool/pokegra/height.narc,331,1078,,19868,19869,4008,4009,1,ab897fbdedfa502b2d839b6a56100887dccdc507555c282e59589e06300a62e2,13,,,,,False,,,,,,,,,,False,False
/poketool/pokegra/height.narc,/poketool/pokegra/height.narc!/member_01079,0,/poketool/pokegra/height.narc,331,1079,,19872,19873,4012,4013,1,f299791cddd3d6664f6670842812ef6053eb6501bd6282a476bbbf3ee91e750c,12,,,,,False,,,,,,,,,,False,False
/poketool/pokegra/height.narc,/poketool/pokegra/height.narc!/member_01080,0,/poketool/pokegra/height.narc,331,1080,,19876,19877,4016,4017,1,c555eab45d08845ae9f10d452a99bfcb06f74a50b988fe7e48dd323789b88ee3,10,,Nintendo LZ10,Probable,,True,Nintendo LZ10,Probable,True,,,,,,,False,False
/poketool/pokegra/height.narc,/poketool/pokegra/height.narc!/member_01081,0,/poketool/pokegra/height.narc,331,1081,,19880,19881,4020,4021,1,c555eab45d08845ae9f10d452a99bfcb06f74a50b988fe7e48dd323789b88ee3,10,,Nintendo LZ10,Probable,,True,Nintendo LZ10,Probable,True,,,,,,,False,False
/poketool/pokegra/height.narc,/poketool/pokegra/height.narc!/member_01082,0,/poketool/pokegra/height.narc,331,1082,,19884,19885,4024,4025,1,68aa2e2ee5dff96e3355e6c7ee373e3d6a4e17f75f9518d843709c0c9bc3e3d4,19,,,,,False,,,,,,,,,,False,False
/poketool/pokegra/height.narc,/poketool/pokegra/height.narc!/member_01083,0,/poketool/pokegra/height.narc,331,1083,,19888,19889,4028,4029,1,68aa2e2ee5dff96e3355e6c7ee373e3d6a4e17f75f9518d843709c0c9bc3e3d4,19,,,,,False,,,,,,,,,,False,False
/poketool/pokegra/height.narc,/poketool/pokegra/height.narc!/member_01084,0,/poketool/pokegra/height.narc,331,1084,,19892,19893,4032,4033,1,beead77994cf573341ec17b58bbf7eb34d2711c993c1d976b128b3188dc1829a,08,,,,,False,,,,,,,,,,False,False
/poketool/pokegra/height.narc,/poketool/pokegra/height.narc!/member_01085,0,/poketool/pokegra/height.narc,331,1085,,19896,19897,4036,4037,1,beead77994cf573341ec17b58bbf7eb34d2711c993c1d976b128b3188dc1829a,08,,,,,False,,,,,,,,,,False,False
/poketool/pokegra/height.narc,/poketool/pokegra/height.narc!/member_01086,0,/poketool/pokegra/height.narc,331,1086,,19900,19901,4040,4041,1,ab897fbdedfa502b2d839b6a56100887dccdc507555c282e59589e06300a62e2,13,,,,,False,,,,,,,,,,False,False
/poketool/pokegra/height.narc,/poketool/pokegra/height.narc!/member_01087,0,/poketool/pokegra/height.narc,331,1087,,19904,19905,4044,4045,1,ab897fbdedfa502b2d839b6a56100887dccdc507555c282e59589e06300a62e2,13,,,,,False,,,,,,,,,,False,False
/poketool/pokegra/height.narc,/poketool/pokegra/height.narc!/member_01088,0,/poketool/pokegra/height.narc,331,1088,,19908,19909,4048,4049,1,beead77994cf573341ec17b58bbf7eb34d2711c993c1d976b128b3188dc1829a,08,,,,,False,,,,,,,,,,False,False
/poketool/pokegra/height.narc,/poketool/pokegra/height.narc!/member_01089,0,/poketool/pokegra/height.narc,331,1089,,19912,19913,4052,4053,1,beead77994cf573341ec17b58bbf7eb34d2711c993c1d976b128b3188dc1829a,08,,,,,False,,,,,,,,,,False,False
/poketool/pokegra/height.narc,/poketool/pokegra/height.narc!/member_01090,0,/poketool/pokegra/height.narc,331,1090,,19916,19917,4056,4057,1,ca358758f6d27e6cf45272937977a748fd88391db679ceda7dc7bf1f005ee879,07,,,,,False,,,,,,,,,,False,False
/poketool/pokegra/height.narc,/poketool/pokegra/height.narc!/member_01091,0,/poketool/pokegra/height.narc,331,1091,,19920,19921,4060,4061,1,ca358758f6d27e6cf45272937977a748fd88391db679ceda7dc7bf1f005ee879,07,,,,,False,,,,,,,,,,False,False
/poketool/pokegra/height.narc,/poketool/pokegra/height.narc!/member_01092,0,/poketool/pokegra/height.narc,331,1092,,19924,19925,4064,4065,1,beead77994cf573341ec17b58bbf7eb34d2711c993c1d976b128b3188dc1829a,08,,,,,False,,,,,,,,,,False,False
/poketool/pokegra/height.narc,/poketool/pokegra/height.narc!/member_01093,0,/poketool/pokegra/height.narc,331,1093,,19928,19929,4068,4069,1,beead77994cf573341ec17b58bbf7eb34d2711c993c1d976b128b3188dc1829a,08,,,,,False,,,,,,,,,,False,False
/poketool/pokegra/height.narc,/poketool/pokegra/height.narc!/member_01094,0,/poketool/pokegra/height.narc,331,1094,,19932,19933,4072,4073,1,7cb7c4547cf2653590d7a9ace60cc623d25148adfbc88a89aeb0ef88da7839ba,16,,,,,False,,,,,,,,,,False,False
/poketool/pokegra/height.narc,/poketool/pokegra/height.narc!/member_01095,0,/poketool/pokegra/height.narc,331,1095,,19936,19937,4076,4077,1,7cb7c4547cf2653590d7a9ace60cc623d25148adfbc88a89aeb0ef88da7839ba,16,,,,,False,,,,,,,,,,False,False
/poketool/pokegra/height.narc,/poketool/pokegra/height.narc!/member_01096,0,/poketool/pokegra/height.narc,331,1096,,19940,19941,4080,4081,1,beead77994cf573341ec17b58bbf7eb34d2711c993c1d976b128b3188dc1829a,08,,,,,False,,,,,,,,,,False,False
/poketool/pokegra/height.narc,/poketool/pokegra/height.narc!/member_01097,0,/poketool/pokegra/height.narc,331,1097,,19944,19945,4084,4085,1,beead77994cf573341ec17b58bbf7eb34d2711c993c1d976b128b3188dc1829a,08,,,,,False,,,,,,,,,,False,False
/poketool/pokegra/height.narc,/poketool/pokegra/height.narc!/member_01098,0,/poketool/pokegra/height.narc,331,1098,,19948,19949,4088,4089,1,c555eab45d08845ae9f10d452a99bfcb06f74a50b988fe7e48dd323789b88ee3,10,,Nintendo LZ10,Probable,,True,Nintendo LZ10,Probable,True,,,,,,,False,False
/poketool/pokegra/height.narc,/poketool/pokegra/height.narc!/member_01099,0,/poketool/pokegra/height.narc,331,1099,,19952,19953,4092,4093,1,c555eab45d08845ae9f10d452a99bfcb06f74a50b988fe7e48dd323789b88ee3,10,,Nintendo LZ10,Probable,,True,Nintendo LZ10,Probable,True,,,,,,,False,False
/poketool/pokegra/height.narc,/poketool/pokegra/height.narc!/member_01100,0,/poketool/pokegra/height.narc,331,1100,,19956,19957,4096,4097,1,dbc1b4c900ffe48d575b5da5c638040125f65db0fe3e24494b76ea986457d986,02,,,,,False,,,,,,,,,,False,False
/poketool/pokegra/height.narc,/poketool/pokegra/height.narc!/member_01101,0,/poketool/pokegra/height.narc,331,1101,,19960,19961,4100,4101,1,dbc1b4c900ffe48d575b5da5c638040125f65db0fe3e24494b76ea986457d986,02,,,,,False,,,,,,,,,,False,False
/poketool/pokegra/height.narc,/poketool/pokegra/height.narc!/member_01102,0,/poketool/pokegra/height.narc,331,1102,,19964,19965,4104,4105,1,01ba4719c80b6fe911b091a7c05124b64eeece964e09c058ef8f9805daca546b,0a,,,,,False,,,,,,,,,,False,False
/poketool/pokegra/height.narc,/poketool/pokegra/height.narc!/member_01103,0,/poketool/pokegra/height.narc,331,1103,,19968,19969,4108,4109,1,01ba4719c80b6fe911b091a7c05124b64eeece964e09c058ef8f9805daca546b,0a,,,,,False,,,,,,,,,,False,False
/poketool/pokegra/height.narc,/poketool/pokegra/height.narc!/member_01104,0,/poketool/pokegra/height.narc,331,1104,,19972,19973,4112,4113,1,c555eab45d08845ae9f10d452a99bfcb06f74a50b988fe7e48dd323789b88ee3,10,,Nintendo LZ10,Probable,,True,Nintendo LZ10,Probable,True,,,,,,,False,False
/poketool/pokegra/height.narc,/poketool/pokegra/height.narc!/member_01105,0,/poketool/pokegra/height.narc,331,1105,,19976,19977,4116,4117,1,c555eab45d08845ae9f10d452a99bfcb06f74a50b988fe7e48dd323789b88ee3,10,,Nintendo LZ10,Probable,,True,Nintendo LZ10,Probable,True,,,,,,,False,False
/poketool/pokegra/height.narc,/poketool/pokegra/height.narc!/member_01106,0,/poketool/pokegra/height.narc,331,1106,,19980,19981,4120,4121,1,452ba1ddef80246c48be7690193c76c1d61185906be9401014fe14f1be64b74f,18,,,,,False,,,,,,,,,,False,False
/poketool/pokegra/height.narc,/poketool/pokegra/height.narc!/member_01107,0,/poketool/pokegra/height.narc,331,1107,,19984,19985,4124,4125,1,452ba1ddef80246c48be7690193c76c1d61185906be9401014fe14f1be64b74f,18,,,,,False,,,,,,,,,,False,False
/poketool/pokegra/height.narc,/poketool/pokegra/height.narc!/member_01108,0,/poketool/pokegra/height.narc,331,1108,,19988,19989,4128,4129,1,beead77994cf573341ec17b58bbf7eb34d2711c993c1d976b128b3188dc1829a,08,,,,,False,,,,,,,,,,False,False
/poketool/pokegra/height.narc,/poketool/pokegra/height.narc!/member_01109,0,/poketool/pokegra/height.narc,331,1109,,19992,19993,4132,4133,1,beead77994cf573341ec17b58bbf7eb34d2711c993c1d976b128b3188dc1829a,08,,,,,False,,,,,,,,,,False,False
/poketool/pokegra/height.narc,/poketool/pokegra/height.narc!/member_01110,0,/poketool/pokegra/height.narc,331,1110,,19996,19997,4136,4137,1,beead77994cf573341ec17b58bbf7eb34d2711c993c1d976b128b3188dc1829a,08,,,,,False,,,,,,,,,,False,False
/poketool/pokegra/height.narc,/poketool/pokegra/height.narc!/member_01111,0,/poketool/pokegra/height.narc,331,1111,,20000,20001,4140,4141,1,beead77994cf573341ec17b58bbf7eb34d2711c993c1d976b128b3188dc1829a,08,,,,,False,,,,,,,,,,False,False
/poketool/pokegra/height.narc,/poketool/pokegra/height.narc!/member_01112,0,/poketool/pokegra/height.narc,331,1112,,20004,20005,4144,4145,1,c555eab45d08845ae9f10d452a99bfcb06f74a50b988fe7e48dd323789b88ee3,10,,Nintendo LZ10,Probable,,True,Nintendo LZ10,Probable,True,,,,,,,False,False
/poketool/pokegra/height.narc,/poketool/pokegra/height.narc!/member_01113,0,/poketool/pokegra/height.narc,331,1113,,20008,20009,4148,4149,1,c555eab45d08845ae9f10d452a99bfcb06f74a50b988fe7e48dd323789b88ee3,10,,Nintendo LZ10,Probable,,True,Nintendo LZ10,Probable,True,,,,,,,False,False
/poketool/pokegra/height.narc,/poketool/pokegra/height.narc!/member_01114,0,/poketool/pokegra/height.narc,331,1114,,20012,20013,4152,4153,1,8f11b05da785e43e713d03774c6bd3405d99cd3024af334ffd68db663aa37034,17,,,,,False,,,,,,,,,,False,False
/poketool/pokegra/height.narc,/poketool/pokegra/height.narc!/member_01115,0,/poketool/pokegra/height.narc,331,1115,,20016,20017,4156,4157,1,8f11b05da785e43e713d03774c6bd3405d99cd3024af334ffd68db663aa37034,17,,,,,False,,,,,,,,,,False,False
/poketool/pokegra/height.narc,/poketool/pokegra/height.narc!/member_01116,0,/poketool/pokegra/height.narc,331,1116,,20020,20021,4160,4161,1,ca358758f6d27e6cf45272937977a748fd88391db679ceda7dc7bf1f005ee879,07,,,,,False,,,,,,,,,,False,False
/poketool/pokegra/height.narc,/poketool/pokegra/height.narc!/member_01117,0,/poketool/pokegra/height.narc,331,1117,,20024,20025,4164,4165,1,ca358758f6d27e6cf45272937977a748fd88391db679ceda7dc7bf1f005ee879,07,,,,,False,,,,,,,,,,False,False
/poketool/pokegra/height.narc,/poketool/pokegra/height.narc!/member_01118,0,/poketool/pokegra/height.narc,331,1118,,20028,20029,4168,4169,1,ef6cbd2161eaea7943ce8693b9824d23d1793ffb1c0fca05b600d3899b44c977,0c,,,,,False,,,,,,,,,,False,False
/poketool/pokegra/height.narc,/poketool/pokegra/height.narc!/member_01119,0,/poketool/pokegra/height.narc,331,1119,,20032,20033,4172,4173,1,ef6cbd2161eaea7943ce8693b9824d23d1793ffb1c0fca05b600d3899b44c977,0c,,,,,False,,,,,,,,,,False,False
/poketool/pokegra/height.narc,/poketool/pokegra/height.narc!/member_01120,0,/poketool/pokegra/height.narc,331,1120,,20036,20037,4176,4177,1,2f0fd1e89b8de1d57292742ec380ea47066e307ad645f5bc3adad8a06ff58608,15,,,,,False,,,,,,,,,,False,False
/poketool/pokegra/height.narc,/poketool/pokegra/height.narc!/member_01121,0,/poketool/pokegra/height.narc,331,1121,,20040,20041,4180,4181,1,2f0fd1e89b8de1d57292742ec380ea47066e307ad645f5bc3adad8a06ff58608,15,,,,,False,,,,,,,,,,False,False
/poketool/pokegra/height.narc,/poketool/pokegra/height.narc!/member_01122,0,/poketool/pokegra/height.narc,331,1122,,20044,20045,4184,4185,1,2f0fd1e89b8de1d57292742ec380ea47066e307ad645f5bc3adad8a06ff58608,15,,,,,False,,,,,,,,,,False,False
/poketool/pokegra/height.narc,/poketool/pokegra/height.narc!/member_01123,0,/poketool/pokegra/height.narc,331,1123,,20048,20049,4188,4189,1,2f0fd1e89b8de1d57292742ec380ea47066e307ad645f5bc3adad8a06ff58608,15,,,,,False,,,,,,,,,,False,False
/poketool/pokegra/height.narc,/poketool/pokegra/height.narc!/member_01124,0,/poketool/pokegra/height.narc,331,1124,,20052,20053,4192,4193,1,4d7b3ef7300acf70c892d8327db8272f54434adbc61a4e130a563cb59a0d0f47,0e,,,,,False,,,,,,,,,,False,False
/poketool/pokegra/height.narc,/poketool/pokegra/height.narc!/member_01125,0,/poketool/pokegra/height.narc,331,1125,,20056,20057,4196,4197,1,4d7b3ef7300acf70c892d8327db8272f54434adbc61a4e130a563cb59a0d0f47,0e,,,,,False,,,,,,,,,,False,False
/poketool/pokegra/height.narc,/poketool/pokegra/height.narc!/member_01126,0,/poketool/pokegra/height.narc,331,1126,,20060,20061,4200,4201,1,4d7b3ef7300acf70c892d8327db8272f54434adbc61a4e130a563cb59a0d0f47,0e,,,,,False,,,,,,,,,,False,False
/poketool/pokegra/height.narc,/poketool/pokegra/height.narc!/member_01127,0,/poketool/pokegra/height.narc,331,1127,,20064,20065,4204,4205,1,4d7b3ef7300acf70c892d8327db8272f54434adbc61a4e130a563cb59a0d0f47,0e,,,,,False,,,,,,,,,,False,False
/poketool/pokegra/height.narc,/poketool/pokegra/height.narc!/member_01128,0,/poketool/pokegra/height.narc,331,1128,,20068,20069,4208,4209,1,beead77994cf573341ec17b58bbf7eb34d2711c993c1d976b128b3188dc1829a,08,,,,,False,,,,,,,,,,False,False
/poketool/pokegra/height.narc,/poketool/pokegra/height.narc!/member_01129,0,/poketool/pokegra/height.narc,331,1129,,20072,20073,4212,4213,1,beead77994cf573341ec17b58bbf7eb34d2711c993c1d976b128b3188dc1829a,08,,,,,False,,,,,,,,,,False,False
/poketool/pokegra/height.narc,/poketool/pokegra/height.narc!/member_01130,0,/poketool/pokegra/height.narc,331,1130,,20076,20077,4216,4217,1,67586e98fad27da0b9968bc039a1ef34c939b9b8e523a8bef89d478608c5ecf6,06,,,,,False,,,,,,,,,,False,False
/poketool/pokegra/height.narc,/poketool/pokegra/height.narc!/member_01131,0,/poketool/pokegra/height.narc,331,1131,,20080,20081,4220,4221,1,67586e98fad27da0b9968bc039a1ef34c939b9b8e523a8bef89d478608c5ecf6,06,,,,,False,,,,,,,,,,False,False
/poketool/pokegra/height.narc,/poketool/pokegra/height.narc!/member_01132,0,/poketool/pokegra/height.narc,331,1132,,20084,20085,4224,4225,1,beead77994cf573341ec17b58bbf7eb34d2711c993c1d976b128b3188dc1829a,08,,,,,False,,,,,,,,,,False,False
/poketool/pokegra/height.narc,/poketool/pokegra/height.narc!/member_01133,0,/poketool/pokegra/height.narc,331,1133,,20088,20089,4228,4229,1,beead77994cf573341ec17b58bbf7eb34d2711c993c1d976b128b3188dc1829a,08,,,,,False,,,,,,,,,,False,False
/poketool/pokegra/height.narc,/poketool/pokegra/height.narc!/member_01134,0,/poketool/pokegra/height.narc,331,1134,,20092,20093,4232,4233,1,83891d7fe85c33e52c8b4e5814c92fb6a3b9467299200538a6babaa8b452d879,14,,,,,False,,,,,,,,,,False,False
/poketool/pokegra/height.narc,/poketool/pokegra/height.narc!/member_01135,0,/poketool/pokegra/height.narc,331,1135,,20096,20097,4236,4237,1,83891d7fe85c33e52c8b4e5814c92fb6a3b9467299200538a6babaa8b452d879,14,,,,,False,,,,,,,,,,False,False
/poketool/pokegra/height.narc,/poketool/pokegra/height.narc!/member_01136,0,/poketool/pokegra/height.narc,331,1136,,20100,20101,4240,4241,1,6e340b9cffb37a989ca544e6bb780a2c78901d3fb33738768511a30617afa01d,00,,,,,False,,,,,,,,,,False,False
/poketool/pokegra/height.narc,/poketool/pokegra/height.narc!/member_01137,0,/poketool/pokegra/height.narc,331,1137,,20104,20105,4244,4245,1,6e340b9cffb37a989ca544e6bb780a2c78901d3fb33738768511a30617afa01d,00,,,,,False,,,,,,,,,,False,False
/poketool/pokegra/height.narc,/poketool/pokegra/height.narc!/member_01138,0,/poketool/pokegra/height.narc,331,1138,,20108,20109,4248,4249,1,e77b9a9ae9e30b0dbdb6f510a264ef9de781501d7b6b92ae89eb059c5ab743db,05,,,,,False,,,,,,,,,,False,False
/poketool/pokegra/height.narc,/poketool/pokegra/height.narc!/member_01139,0,/poketool/pokegra/height.narc,331,1139,,20112,20113,4252,4253,1,e77b9a9ae9e30b0dbdb6f510a264ef9de781501d7b6b92ae89eb059c5ab743db,05,,,,,False,,,,,,,,,,False,False
/poketool/pokegra/height.narc,/poketool/pokegra/height.narc!/member_01140,0,/poketool/pokegra/height.narc,331,1140,,20116,20117,4256,4257,1,beead77994cf573341ec17b58bbf7eb34d2711c993c1d976b128b3188dc1829a,08,,,,,False,,,,,,,,,,False,False
/poketool/pokegra/height.narc,/poketool/pokegra/height.narc!/member_01141,0,/poketool/pokegra/height.narc,331,1141,,20120,20121,4260,4261,1,beead77994cf573341ec17b58bbf7eb34d2711c993c1d976b128b3188dc1829a,08,,,,,False,,,,,,,,,,False,False
/poketool/pokegra/height.narc,/poketool/pokegra/height.narc!/member_01142,0,/poketool/pokegra/height.narc,331,1142,,20124,20125,4264,4265,1,452ba1ddef80246c48be7690193c76c1d61185906be9401014fe14f1be64b74f,18,,,,,False,,,,,,,,,,False,False
/poketool/pokegra/height.narc,/poketool/pokegra/height.narc!/member_01143,0,/poketool/pokegra/height.narc,331,1143,,20128,20129,4268,4269,1,452ba1ddef80246c48be7690193c76c1d61185906be9401014fe14f1be64b74f,18,,,,,False,,,,,,,,,,False,False
/poketool/pokegra/height.narc,/poketool/pokegra/height.narc!/member_01144,0,/poketool/pokegra/height.narc,331,1144,,20132,20133,4272,4273,1,beead77994cf573341ec17b58bbf7eb34d2711c993c1d976b128b3188dc1829a,08,,,,,False,,,,,,,,,,False,False
/poketool/pokegra/height.narc,/poketool/pokegra/height.narc!/member_01145,0,/poketool/pokegra/height.narc,331,1145,,20136,20137,4276,4277,1,beead77994cf573341ec17b58bbf7eb34d2711c993c1d976b128b3188dc1829a,08,,,,,False,,,,,,,,,,False,False
/poketool/pokegra/height.narc,/poketool/pokegra/height.narc!/member_01146,0,/poketool/pokegra/height.narc,331,1146,,20140,20141,4280,4281,1,2b4c342f5433ebe591a1da77e013d1b72475562d48578dca8b84bac6651c3cb9,09,,,,,False,,,,,,,,,,False,False
/poketool/pokegra/height.narc,/poketool/pokegra/height.narc!/member_01147,0,/poketool/pokegra/height.narc,331,1147,,20144,20145,4284,4285,1,2b4c342f5433ebe591a1da77e013d1b72475562d48578dca8b84bac6651c3cb9,09,,,,,False,,,,,,,,,,False,False
/poketool/pokegra/height.narc,/poketool/pokegra/height.narc!/member_01148,0,/poketool/pokegra/height.narc,331,1148,,20148,20149,4288,4289,1,c555eab45d08845ae9f10d452a99bfcb06f74a50b988fe7e48dd323789b88ee3,10,,Nintendo LZ10,Probable,,True,Nintendo LZ10,Probable,True,,,,,,,False,False
/poketool/pokegra/height.narc,/poketool/pokegra/height.narc!/member_01149,0,/poketool/pokegra/height.narc,331,1149,,20152,20153,4292,4293,1,c555eab45d08845ae9f10d452a99bfcb06f74a50b988fe7e48dd323789b88ee3,10,,Nintendo LZ10,Probable,,True,Nintendo LZ10,Probable,True,,,,,,,False,False
/poketool/pokegra/height.narc,/poketool/pokegra/height.narc!/member_01150,0,/poketool/pokegra/height.narc,331,1150,,20156,20157,4296,4297,1,68aa2e2ee5dff96e3355e6c7ee373e3d6a4e17f75f9518d843709c0c9bc3e3d4,19,,,,,False,,,,,,,,,,False,False
/poketool/pokegra/height.narc,/poketool/pokegra/height.narc!/member_01151,0,/poketool/pokegra/height.narc,331,1151,,20160,20161,4300,4301,1,68aa2e2ee5dff96e3355e6c7ee373e3d6a4e17f75f9518d843709c0c9bc3e3d4,19,,,,,False,,,,,,,,,,False,False
/poketool/pokegra/height.narc,/poketool/pokegra/height.narc!/member_01152,0,/poketool/pokegra/height.narc,331,1152,,20164,20165,4304,4305,1,6e340b9cffb37a989ca544e6bb780a2c78901d3fb33738768511a30617afa01d,00,,,,,False,,,,,,,,,,False,False
/poketool/pokegra/height.narc,/poketool/pokegra/height.narc!/member_01153,0,/poketool/pokegra/height.narc,331,1153,,20168,20169,4308,4309,1,6e340b9cffb37a989ca544e6bb780a2c78901d3fb33738768511a30617afa01d,00,,,,,False,,,,,,,,,,False,False
/poketool/pokegra/height.narc,/poketool/pokegra/height.narc!/member_01154,0,/poketool/pokegra/height.narc,331,1154,,20172,20173,4312,4313,1,ca358758f6d27e6cf45272937977a748fd88391db679ceda7dc7bf1f005ee879,07,,,,,False,,,,,,,,,,False,False
/poketool/pokegra/height.narc,/poketool/pokegra/height.narc!/member_01155,0,/poketool/pokegra/height.narc,331,1155,,20176,20177,4316,4317,1,ca358758f6d27e6cf45272937977a748fd88391db679ceda7dc7bf1f005ee879,07,,,,,False,,,,,,,,,,False,False
/poketool/pokegra/height.narc,/poketool/pokegra/height.narc!/member_01156,0,/poketool/pokegra/height.narc,331,1156,,20180,20181,4320,4321,1,beead77994cf573341ec17b58bbf7eb34d2711c993c1d976b128b3188dc1829a,08,,,,,False,,,,,,,,,,False,False
/poketool/pokegra/height.narc,/poketool/pokegra/height.narc!/member_01157,0,/poketool/pokegra/height.narc,331,1157,,20184,20185,4324,4325,1,beead77994cf573341ec17b58bbf7eb34d2711c993c1d976b128b3188dc1829a,08,,,,,False,,,,,,,,,,False,False
/poketool/pokegra/height.narc,/poketool/pokegra/height.narc!/member_01158,0,/poketool/pokegra/height.narc,331,1158,,20188,20189,4328,4329,1,2b4c342f5433ebe591a1da77e013d1b72475562d48578dca8b84bac6651c3cb9,09,,,,,False,,,,,,,,,,False,False
/poketool/pokegra/height.narc,/poketool/pokegra/height.narc!/member_01159,0,/poketool/pokegra/height.narc,331,1159,,20192,20193,4332,4333,1,2b4c342f5433ebe591a1da77e013d1b72475562d48578dca8b84bac6651c3cb9,09,,,,,False,,,,,,,,,,False,False
/poketool/pokegra/height.narc,/poketool/pokegra/height.narc!/member_01160,0,/poketool/pokegra/height.narc,331,1160,,20196,20197,4336,4337,1,c555eab45d08845ae9f10d452a99bfcb06f74a50b988fe7e48dd323789b88ee3,10,,Nintendo LZ10,Probable,,True,Nintendo LZ10,Probable,True,,,,,,,False,False
/poketool/pokegra/height.narc,/poketool/pokegra/height.narc!/member_01161,0,/poketool/pokegra/height.narc,331,1161,,20200,20201,4340,4341,1,c555eab45d08845ae9f10d452a99bfcb06f74a50b988fe7e48dd323789b88ee3,10,,Nintendo LZ10,Probable,,True,Nintendo LZ10,Probable,True,,,,,,,False,False
/poketool/pokegra/height.narc,/poketool/pokegra/height.narc!/member_01162,0,/poketool/pokegra/height.narc,331,1162,,20204,20205,4344,4345,1,77adfc95029e73b173f60e556f915b0cd8850848111358b1c370fb7c154e61fd,1b,,,,,False,,,,,,,,,,False,False
/poketool/pokegra/height.narc,/poketool/pokegra/height.narc!/member_01163,0,/poketool/pokegra/height.narc,331,1163,,20208,20209,4348,4349,1,77adfc95029e73b173f60e556f915b0cd8850848111358b1c370fb7c154e61fd,1b,,,,,False,,,,,,,,,,False,False
/poketool/pokegra/height.narc,/poketool/pokegra/height.narc!/member_01164,0,/poketool/pokegra/height.narc,331,1164,,20212,20213,4352,4353,1,dc0e9c3658a1a3ed1ec94274d8b19925c93e1abb7ddba294923ad9bde30f8cb8,0f,,,,,False,,,,,,,,,,False,False
/poketool/pokegra/height.narc,/poketool/pokegra/height.narc!/member_01165,0,/poketool/pokegra/height.narc,331,1165,,20216,20217,4356,4357,1,dc0e9c3658a1a3ed1ec94274d8b19925c93e1abb7ddba294923ad9bde30f8cb8,0f,,,,,False,,,,,,,,,,False,False
/poketool/pokegra/height.narc,/poketool/pokegra/height.narc!/member_01166,0,/poketool/pokegra/height.narc,331,1166,,20220,20221,4360,4361,1,ab897fbdedfa502b2d839b6a56100887dccdc507555c282e59589e06300a62e2,13,,,,,False,,,,,,,,,,False,False
